WARNING: Using incubator modules: jdk.incubator.vector
:: loading settings :: url = jar:file:/home/jupyter/work/opdi-workspace/opdi/.venv310/lib/python3.10/site-packages/pyspark/jars/ivy-2.5.3.jar!/org/apache/ivy/core/settings/ivysettings.xml
Ivy Default Cache set to: /home/jupyter/.ivy2.5.2/cache
The jars for the packages stored in: /home/jupyter/.ivy2.5.2/jars
org.apache.hadoop#hadoop-aws added as a dependency
:: resolving dependencies :: org.apache.spark#spark-submit-parent-cffbe943-3ed4-4527-809a-94cc13af02cd;1.0
	confs: [default]
	found org.apache.hadoop#hadoop-aws;3.5.0 in central
	found software.amazon.awssdk#bundle;2.35.4 in central
	found software.amazon.s3.analyticsaccelerator#analyticsaccelerator-s3;1.3.1 in central
	found org.wildfly.openssl#wildfly-openssl;2.2.5.Final in central
:: resolution report :: resolve 180ms :: artifacts dl 6ms
	:: modules in use:
	org.apache.hadoop#hadoop-aws;3.5.0 from central in [default]
	org.wildfly.openssl#wildfly-openssl;2.2.5.Final from central in [default]
	software.amazon.awssdk#bundle;2.35.4 from central in [default]
	software.amazon.s3.analyticsaccelerator#analyticsaccelerator-s3;1.3.1 from central in [default]
	---------------------------------------------------------------------
	|                  |            modules            ||   artifacts   |
	|       conf       | number| search|dwnlded|evicted|| number|dwnlded|
	---------------------------------------------------------------------
	|      default     |   4   |   0   |   0   |   0   ||   4   |   0   |
	---------------------------------------------------------------------
:: retrieving :: org.apache.spark#spark-submit-parent-cffbe943-3ed4-4527-809a-94cc13af02cd
	confs: [default]
	0 artifacts copied, 4 already retrieved (0kB/4ms)
26/09/07 20:50:53 WARN NativeCodeLoader: Unable to load native-hadoop library for your platform... using builtin-java classes where applicable
Using Spark's default log4j profile: org/apache/spark/log4j2-defaults.properties
Setting default log level to "WARN".
To adjust logging level use sc.setLogLevel(newLevel). For SparkR, use setLogLevel(newLevel).
SLF4J: Failed to load class "org.slf4j.impl.StaticLoggerBinder".
SLF4J: Defaulting to no-operation (NOP) logger implementation
SLF4J: See http://www.slf4j.org/codes.html#StaticLoggerBinder for further details.
[Stage 0:>                                                                                                                        (0 + 1) / 1]                                                                                                                                              [Stage 1:>                                                                                                                        (0 + 4) / 4][Stage 1:==============================>                                                                                          (1 + 3) / 4][Stage 1:==========================================================================================>                              (3 + 1) / 4]                                                                                                                                              There are 1357 airports to process (within OPDI bbox)...
Processing AZ-0001...
Failed to process AZ-0001. Error: No data returned for AZ-0001
Traceback (most recent call last):
  File "/home/jupyter/work/opdi-workspace/opdi/src/opdi/reference/h3_airport_layouts.py", line 495, in process_airport
    df = hexagonify_airport(
  File "/home/jupyter/work/opdi-workspace/opdi/src/opdi/reference/h3_airport_layouts.py", line 304, in hexagonify_airport
    raise ValueError(f"No data returned for {apt_icao}")
ValueError: No data returned for AZ-0001

Processing AZ-0013...
Failed to process AZ-0013. Error: No data returned for AZ-0013
Traceback (most recent call last):
  File "/home/jupyter/work/opdi-workspace/opdi/src/opdi/reference/h3_airport_layouts.py", line 495, in process_airport
    df = hexagonify_airport(
  File "/home/jupyter/work/opdi-workspace/opdi/src/opdi/reference/h3_airport_layouts.py", line 304, in hexagonify_airport
    raise ValueError(f"No data returned for {apt_icao}")
ValueError: No data returned for AZ-0013

Processing AZ-0021...
Failed to process AZ-0021. Error: No data returned for AZ-0021
Traceback (most recent call last):
  File "/home/jupyter/work/opdi-workspace/opdi/src/opdi/reference/h3_airport_layouts.py", line 495, in process_airport
    df = hexagonify_airport(
  File "/home/jupyter/work/opdi-workspace/opdi/src/opdi/reference/h3_airport_layouts.py", line 304, in hexagonify_airport
    raise ValueError(f"No data returned for {apt_icao}")
ValueError: No data returned for AZ-0021

Processing BG-JAM...
Failed to process BG-JAM. Error: No data returned for BG-JAM
Traceback (most recent call last):
  File "/home/jupyter/work/opdi-workspace/opdi/src/opdi/reference/h3_airport_layouts.py", line 495, in process_airport
    df = hexagonify_airport(
  File "/home/jupyter/work/opdi-workspace/opdi/src/opdi/reference/h3_airport_layouts.py", line 304, in hexagonify_airport
    raise ValueError(f"No data returned for {apt_icao}")
ValueError: No data returned for BG-JAM

Processing BGCO...
Failed to process BGCO. Error: No data returned for BGCO
Traceback (most recent call last):
  File "/home/jupyter/work/opdi-workspace/opdi/src/opdi/reference/h3_airport_layouts.py", line 495, in process_airport
    df = hexagonify_airport(
  File "/home/jupyter/work/opdi-workspace/opdi/src/opdi/reference/h3_airport_layouts.py", line 304, in hexagonify_airport
    raise ValueError(f"No data returned for {apt_icao}")
ValueError: No data returned for BGCO

Processing BIAR...
Airport BIAR is already processed - Skipping...
Processing BIBD...
Airport BIBD is already processed - Skipping...
Processing BIEG...
Airport BIEG is already processed - Skipping...
Processing BIGR...
Airport BIGR is already processed - Skipping...
Processing BIHN...
Airport BIHN is already processed - Skipping...
Processing BIHU...
Airport BIHU is already processed - Skipping...
Processing BIIS...
Airport BIIS is already processed - Skipping...
Processing BIKF...
Airport BIKF is already processed - Skipping...
Processing BIRK...
Airport BIRK is already processed - Skipping...
Processing BIRL...
Airport BIRL is already processed - Skipping...
Processing BISI...
Airport BISI is already processed - Skipping...
Processing BIVM...
Airport BIVM is already processed - Skipping...
Processing BIVO...
Airport BIVO is already processed - Skipping...
Processing BKPR...
Airport BKPR is already processed - Skipping...
Processing BY-0001...
Airport BY-0001 is already processed - Skipping...
Processing BY-0006...
Failed to process BY-0006. Error: No data returned for BY-0006
Traceback (most recent call last):
  File "/home/jupyter/work/opdi-workspace/opdi/src/opdi/reference/h3_airport_layouts.py", line 495, in process_airport
    df = hexagonify_airport(
  File "/home/jupyter/work/opdi-workspace/opdi/src/opdi/reference/h3_airport_layouts.py", line 304, in hexagonify_airport
    raise ValueError(f"No data returned for {apt_icao}")
ValueError: No data returned for BY-0006

Processing CZ-0244...
Airport CZ-0244 is already processed - Skipping...
Processing DAAB...
Failed to process DAAB. Error: No data returned for DAAB
Traceback (most recent call last):
  File "/home/jupyter/work/opdi-workspace/opdi/src/opdi/reference/h3_airport_layouts.py", line 495, in process_airport
    df = hexagonify_airport(
  File "/home/jupyter/work/opdi-workspace/opdi/src/opdi/reference/h3_airport_layouts.py", line 304, in hexagonify_airport
    raise ValueError(f"No data returned for {apt_icao}")
ValueError: No data returned for DAAB

Processing DAAD...
Failed to process DAAD. Error: No data returned for DAAD
Traceback (most recent call last):
  File "/home/jupyter/work/opdi-workspace/opdi/src/opdi/reference/h3_airport_layouts.py", line 495, in process_airport
    df = hexagonify_airport(
  File "/home/jupyter/work/opdi-workspace/opdi/src/opdi/reference/h3_airport_layouts.py", line 304, in hexagonify_airport
    raise ValueError(f"No data returned for {apt_icao}")
ValueError: No data returned for DAAD

Processing DAAE...
Failed to process DAAE. Error: No data returned for DAAE
Traceback (most recent call last):
  File "/home/jupyter/work/opdi-workspace/opdi/src/opdi/reference/h3_airport_layouts.py", line 495, in process_airport
    df = hexagonify_airport(
  File "/home/jupyter/work/opdi-workspace/opdi/src/opdi/reference/h3_airport_layouts.py", line 304, in hexagonify_airport
    raise ValueError(f"No data returned for {apt_icao}")
ValueError: No data returned for DAAE

Processing DAAG...
Failed to process DAAG. Error: No data returned for DAAG
Traceback (most recent call last):
  File "/home/jupyter/work/opdi-workspace/opdi/src/opdi/reference/h3_airport_layouts.py", line 495, in process_airport
    df = hexagonify_airport(
  File "/home/jupyter/work/opdi-workspace/opdi/src/opdi/reference/h3_airport_layouts.py", line 304, in hexagonify_airport
    raise ValueError(f"No data returned for {apt_icao}")
ValueError: No data returned for DAAG

Processing DAAJ...
Failed to process DAAJ. Error: No data returned for DAAJ
Traceback (most recent call last):
  File "/home/jupyter/work/opdi-workspace/opdi/src/opdi/reference/h3_airport_layouts.py", line 495, in process_airport
    df = hexagonify_airport(
  File "/home/jupyter/work/opdi-workspace/opdi/src/opdi/reference/h3_airport_layouts.py", line 304, in hexagonify_airport
    raise ValueError(f"No data returned for {apt_icao}")
ValueError: No data returned for DAAJ

Processing DAAK...
Failed to process DAAK. Error: No data returned for DAAK
Traceback (most recent call last):
  File "/home/jupyter/work/opdi-workspace/opdi/src/opdi/reference/h3_airport_layouts.py", line 495, in process_airport
    df = hexagonify_airport(
  File "/home/jupyter/work/opdi-workspace/opdi/src/opdi/reference/h3_airport_layouts.py", line 304, in hexagonify_airport
    raise ValueError(f"No data returned for {apt_icao}")
ValueError: No data returned for DAAK

Processing DAAP...
Failed to process DAAP. Error: No data returned for DAAP
Traceback (most recent call last):
  File "/home/jupyter/work/opdi-workspace/opdi/src/opdi/reference/h3_airport_layouts.py", line 495, in process_airport
    df = hexagonify_airport(
  File "/home/jupyter/work/opdi-workspace/opdi/src/opdi/reference/h3_airport_layouts.py", line 304, in hexagonify_airport
    raise ValueError(f"No data returned for {apt_icao}")
ValueError: No data returned for DAAP

Processing DAAS...
Failed to process DAAS. Error: No data returned for DAAS
Traceback (most recent call last):
  File "/home/jupyter/work/opdi-workspace/opdi/src/opdi/reference/h3_airport_layouts.py", line 495, in process_airport
    df = hexagonify_airport(
  File "/home/jupyter/work/opdi-workspace/opdi/src/opdi/reference/h3_airport_layouts.py", line 304, in hexagonify_airport
    raise ValueError(f"No data returned for {apt_icao}")
ValueError: No data returned for DAAS

Processing DAAV...
Failed to process DAAV. Error: No data returned for DAAV
Traceback (most recent call last):
  File "/home/jupyter/work/opdi-workspace/opdi/src/opdi/reference/h3_airport_layouts.py", line 495, in process_airport
    df = hexagonify_airport(
  File "/home/jupyter/work/opdi-workspace/opdi/src/opdi/reference/h3_airport_layouts.py", line 304, in hexagonify_airport
    raise ValueError(f"No data returned for {apt_icao}")
ValueError: No data returned for DAAV

Processing DAAY...
Failed to process DAAY. Error: No data returned for DAAY
Traceback (most recent call last):
  File "/home/jupyter/work/opdi-workspace/opdi/src/opdi/reference/h3_airport_layouts.py", line 495, in process_airport
    df = hexagonify_airport(
  File "/home/jupyter/work/opdi-workspace/opdi/src/opdi/reference/h3_airport_layouts.py", line 304, in hexagonify_airport
    raise ValueError(f"No data returned for {apt_icao}")
ValueError: No data returned for DAAY

Processing DAAZ...
Failed to process DAAZ. Error: No data returned for DAAZ
Traceback (most recent call last):
  File "/home/jupyter/work/opdi-workspace/opdi/src/opdi/reference/h3_airport_layouts.py", line 495, in process_airport
    df = hexagonify_airport(
  File "/home/jupyter/work/opdi-workspace/opdi/src/opdi/reference/h3_airport_layouts.py", line 304, in hexagonify_airport
    raise ValueError(f"No data returned for {apt_icao}")
ValueError: No data returned for DAAZ

Processing DABB...
Failed to process DABB. Error: No data returned for DABB
Traceback (most recent call last):
  File "/home/jupyter/work/opdi-workspace/opdi/src/opdi/reference/h3_airport_layouts.py", line 495, in process_airport
    df = hexagonify_airport(
  File "/home/jupyter/work/opdi-workspace/opdi/src/opdi/reference/h3_airport_layouts.py", line 304, in hexagonify_airport
    raise ValueError(f"No data returned for {apt_icao}")
ValueError: No data returned for DABB

Processing DABC...
Failed to process DABC. Error: No data returned for DABC
Traceback (most recent call last):
  File "/home/jupyter/work/opdi-workspace/opdi/src/opdi/reference/h3_airport_layouts.py", line 495, in process_airport
    df = hexagonify_airport(
  File "/home/jupyter/work/opdi-workspace/opdi/src/opdi/reference/h3_airport_layouts.py", line 304, in hexagonify_airport
    raise ValueError(f"No data returned for {apt_icao}")
ValueError: No data returned for DABC

Processing DABS...
Failed to process DABS. Error: No data returned for DABS
Traceback (most recent call last):
  File "/home/jupyter/work/opdi-workspace/opdi/src/opdi/reference/h3_airport_layouts.py", line 495, in process_airport
    df = hexagonify_airport(
  File "/home/jupyter/work/opdi-workspace/opdi/src/opdi/reference/h3_airport_layouts.py", line 304, in hexagonify_airport
    raise ValueError(f"No data returned for {apt_icao}")
ValueError: No data returned for DABS

Processing DABT...
Failed to process DABT. Error: No data returned for DABT
Traceback (most recent call last):
  File "/home/jupyter/work/opdi-workspace/opdi/src/opdi/reference/h3_airport_layouts.py", line 495, in process_airport
    df = hexagonify_airport(
  File "/home/jupyter/work/opdi-workspace/opdi/src/opdi/reference/h3_airport_layouts.py", line 304, in hexagonify_airport
    raise ValueError(f"No data returned for {apt_icao}")
ValueError: No data returned for DABT

Processing DAFH...
Failed to process DAFH. Error: No data returned for DAFH
Traceback (most recent call last):
  File "/home/jupyter/work/opdi-workspace/opdi/src/opdi/reference/h3_airport_layouts.py", line 495, in process_airport
    df = hexagonify_airport(
  File "/home/jupyter/work/opdi-workspace/opdi/src/opdi/reference/h3_airport_layouts.py", line 304, in hexagonify_airport
    raise ValueError(f"No data returned for {apt_icao}")
ValueError: No data returned for DAFH

Processing DAOB...
Failed to process DAOB. Error: No data returned for DAOB
Traceback (most recent call last):
  File "/home/jupyter/work/opdi-workspace/opdi/src/opdi/reference/h3_airport_layouts.py", line 495, in process_airport
    df = hexagonify_airport(
  File "/home/jupyter/work/opdi-workspace/opdi/src/opdi/reference/h3_airport_layouts.py", line 304, in hexagonify_airport
    raise ValueError(f"No data returned for {apt_icao}")
ValueError: No data returned for DAOB

Processing DAOF...
Failed to process DAOF. Error: No data returned for DAOF
Traceback (most recent call last):
  File "/home/jupyter/work/opdi-workspace/opdi/src/opdi/reference/h3_airport_layouts.py", line 495, in process_airport
    df = hexagonify_airport(
  File "/home/jupyter/work/opdi-workspace/opdi/src/opdi/reference/h3_airport_layouts.py", line 304, in hexagonify_airport
    raise ValueError(f"No data returned for {apt_icao}")
ValueError: No data returned for DAOF

Processing DAOI...
Failed to process DAOI. Error: No data returned for DAOI
Traceback (most recent call last):
  File "/home/jupyter/work/opdi-workspace/opdi/src/opdi/reference/h3_airport_layouts.py", line 495, in process_airport
    df = hexagonify_airport(
  File "/home/jupyter/work/opdi-workspace/opdi/src/opdi/reference/h3_airport_layouts.py", line 304, in hexagonify_airport
    raise ValueError(f"No data returned for {apt_icao}")
ValueError: No data returned for DAOI

Processing DAOL...
Failed to process DAOL. Error: No data returned for DAOL
Traceback (most recent call last):
  File "/home/jupyter/work/opdi-workspace/opdi/src/opdi/reference/h3_airport_layouts.py", line 495, in process_airport
    df = hexagonify_airport(
  File "/home/jupyter/work/opdi-workspace/opdi/src/opdi/reference/h3_airport_layouts.py", line 304, in hexagonify_airport
    raise ValueError(f"No data returned for {apt_icao}")
ValueError: No data returned for DAOL

Processing DAON...
Failed to process DAON. Error: No data returned for DAON
Traceback (most recent call last):
  File "/home/jupyter/work/opdi-workspace/opdi/src/opdi/reference/h3_airport_layouts.py", line 495, in process_airport
    df = hexagonify_airport(
  File "/home/jupyter/work/opdi-workspace/opdi/src/opdi/reference/h3_airport_layouts.py", line 304, in hexagonify_airport
    raise ValueError(f"No data returned for {apt_icao}")
ValueError: No data returned for DAON

Processing DAOO...
Failed to process DAOO. Error: No data returned for DAOO
Traceback (most recent call last):
  File "/home/jupyter/work/opdi-workspace/opdi/src/opdi/reference/h3_airport_layouts.py", line 495, in process_airport
    df = hexagonify_airport(
  File "/home/jupyter/work/opdi-workspace/opdi/src/opdi/reference/h3_airport_layouts.py", line 304, in hexagonify_airport
    raise ValueError(f"No data returned for {apt_icao}")
ValueError: No data returned for DAOO

Processing DAOR...
Failed to process DAOR. Error: No data returned for DAOR
Traceback (most recent call last):
  File "/home/jupyter/work/opdi-workspace/opdi/src/opdi/reference/h3_airport_layouts.py", line 495, in process_airport
    df = hexagonify_airport(
  File "/home/jupyter/work/opdi-workspace/opdi/src/opdi/reference/h3_airport_layouts.py", line 304, in hexagonify_airport
    raise ValueError(f"No data returned for {apt_icao}")
ValueError: No data returned for DAOR

Processing DAOV...
Failed to process DAOV. Error: No data returned for DAOV
Traceback (most recent call last):
  File "/home/jupyter/work/opdi-workspace/opdi/src/opdi/reference/h3_airport_layouts.py", line 495, in process_airport
    df = hexagonify_airport(
  File "/home/jupyter/work/opdi-workspace/opdi/src/opdi/reference/h3_airport_layouts.py", line 304, in hexagonify_airport
    raise ValueError(f"No data returned for {apt_icao}")
ValueError: No data returned for DAOV

Processing DAUA...
Failed to process DAUA. Error: No data returned for DAUA
Traceback (most recent call last):
  File "/home/jupyter/work/opdi-workspace/opdi/src/opdi/reference/h3_airport_layouts.py", line 495, in process_airport
    df = hexagonify_airport(
  File "/home/jupyter/work/opdi-workspace/opdi/src/opdi/reference/h3_airport_layouts.py", line 304, in hexagonify_airport
    raise ValueError(f"No data returned for {apt_icao}")
ValueError: No data returned for DAUA

Processing DAUB...
Failed to process DAUB. Error: No data returned for DAUB
Traceback (most recent call last):
  File "/home/jupyter/work/opdi-workspace/opdi/src/opdi/reference/h3_airport_layouts.py", line 495, in process_airport
    df = hexagonify_airport(
  File "/home/jupyter/work/opdi-workspace/opdi/src/opdi/reference/h3_airport_layouts.py", line 304, in hexagonify_airport
    raise ValueError(f"No data returned for {apt_icao}")
ValueError: No data returned for DAUB

Processing DAUE...
Failed to process DAUE. Error: No data returned for DAUE
Traceback (most recent call last):
  File "/home/jupyter/work/opdi-workspace/opdi/src/opdi/reference/h3_airport_layouts.py", line 495, in process_airport
    df = hexagonify_airport(
  File "/home/jupyter/work/opdi-workspace/opdi/src/opdi/reference/h3_airport_layouts.py", line 304, in hexagonify_airport
    raise ValueError(f"No data returned for {apt_icao}")
ValueError: No data returned for DAUE

Processing DAUG...
Failed to process DAUG. Error: No data returned for DAUG
Traceback (most recent call last):
  File "/home/jupyter/work/opdi-workspace/opdi/src/opdi/reference/h3_airport_layouts.py", line 495, in process_airport
    df = hexagonify_airport(
  File "/home/jupyter/work/opdi-workspace/opdi/src/opdi/reference/h3_airport_layouts.py", line 304, in hexagonify_airport
    raise ValueError(f"No data returned for {apt_icao}")
ValueError: No data returned for DAUG

Processing DAUH...
Failed to process DAUH. Error: No data returned for DAUH
Traceback (most recent call last):
  File "/home/jupyter/work/opdi-workspace/opdi/src/opdi/reference/h3_airport_layouts.py", line 495, in process_airport
    df = hexagonify_airport(
  File "/home/jupyter/work/opdi-workspace/opdi/src/opdi/reference/h3_airport_layouts.py", line 304, in hexagonify_airport
    raise ValueError(f"No data returned for {apt_icao}")
ValueError: No data returned for DAUH

Processing DAUI...
Failed to process DAUI. Error: No data returned for DAUI
Traceback (most recent call last):
  File "/home/jupyter/work/opdi-workspace/opdi/src/opdi/reference/h3_airport_layouts.py", line 495, in process_airport
    df = hexagonify_airport(
  File "/home/jupyter/work/opdi-workspace/opdi/src/opdi/reference/h3_airport_layouts.py", line 304, in hexagonify_airport
    raise ValueError(f"No data returned for {apt_icao}")
ValueError: No data returned for DAUI

Processing DAUK...
Failed to process DAUK. Error: No data returned for DAUK
Traceback (most recent call last):
  File "/home/jupyter/work/opdi-workspace/opdi/src/opdi/reference/h3_airport_layouts.py", line 495, in process_airport
    df = hexagonify_airport(
  File "/home/jupyter/work/opdi-workspace/opdi/src/opdi/reference/h3_airport_layouts.py", line 304, in hexagonify_airport
    raise ValueError(f"No data returned for {apt_icao}")
ValueError: No data returned for DAUK

Processing DAUL...
Failed to process DAUL. Error: No data returned for DAUL
Traceback (most recent call last):
  File "/home/jupyter/work/opdi-workspace/opdi/src/opdi/reference/h3_airport_layouts.py", line 495, in process_airport
    df = hexagonify_airport(
  File "/home/jupyter/work/opdi-workspace/opdi/src/opdi/reference/h3_airport_layouts.py", line 304, in hexagonify_airport
    raise ValueError(f"No data returned for {apt_icao}")
ValueError: No data returned for DAUL

Processing DAUO...
Failed to process DAUO. Error: No data returned for DAUO
Traceback (most recent call last):
  File "/home/jupyter/work/opdi-workspace/opdi/src/opdi/reference/h3_airport_layouts.py", line 495, in process_airport
    df = hexagonify_airport(
  File "/home/jupyter/work/opdi-workspace/opdi/src/opdi/reference/h3_airport_layouts.py", line 304, in hexagonify_airport
    raise ValueError(f"No data returned for {apt_icao}")
ValueError: No data returned for DAUO

Processing DAUT...
Failed to process DAUT. Error: No data returned for DAUT
Traceback (most recent call last):
  File "/home/jupyter/work/opdi-workspace/opdi/src/opdi/reference/h3_airport_layouts.py", line 495, in process_airport
    df = hexagonify_airport(
  File "/home/jupyter/work/opdi-workspace/opdi/src/opdi/reference/h3_airport_layouts.py", line 304, in hexagonify_airport
    raise ValueError(f"No data returned for {apt_icao}")
ValueError: No data returned for DAUT

Processing DAUU...
Failed to process DAUU. Error: No data returned for DAUU
Traceback (most recent call last):
  File "/home/jupyter/work/opdi-workspace/opdi/src/opdi/reference/h3_airport_layouts.py", line 495, in process_airport
    df = hexagonify_airport(
  File "/home/jupyter/work/opdi-workspace/opdi/src/opdi/reference/h3_airport_layouts.py", line 304, in hexagonify_airport
    raise ValueError(f"No data returned for {apt_icao}")
ValueError: No data returned for DAUU

Processing DAUZ...
Failed to process DAUZ. Error: No data returned for DAUZ
Traceback (most recent call last):
  File "/home/jupyter/work/opdi-workspace/opdi/src/opdi/reference/h3_airport_layouts.py", line 495, in process_airport
    df = hexagonify_airport(
  File "/home/jupyter/work/opdi-workspace/opdi/src/opdi/reference/h3_airport_layouts.py", line 304, in hexagonify_airport
    raise ValueError(f"No data returned for {apt_icao}")
ValueError: No data returned for DAUZ

Processing DTKA...
Failed to process DTKA. Error: No data returned for DTKA
Traceback (most recent call last):
  File "/home/jupyter/work/opdi-workspace/opdi/src/opdi/reference/h3_airport_layouts.py", line 495, in process_airport
    df = hexagonify_airport(
  File "/home/jupyter/work/opdi-workspace/opdi/src/opdi/reference/h3_airport_layouts.py", line 304, in hexagonify_airport
    raise ValueError(f"No data returned for {apt_icao}")
ValueError: No data returned for DTKA

Processing DTMB...
Failed to process DTMB. Error: No data returned for DTMB
Traceback (most recent call last):
  File "/home/jupyter/work/opdi-workspace/opdi/src/opdi/reference/h3_airport_layouts.py", line 495, in process_airport
    df = hexagonify_airport(
  File "/home/jupyter/work/opdi-workspace/opdi/src/opdi/reference/h3_airport_layouts.py", line 304, in hexagonify_airport
    raise ValueError(f"No data returned for {apt_icao}")
ValueError: No data returned for DTMB

Processing DTNH...
Failed to process DTNH. Error: No data returned for DTNH
Traceback (most recent call last):
  File "/home/jupyter/work/opdi-workspace/opdi/src/opdi/reference/h3_airport_layouts.py", line 495, in process_airport
    df = hexagonify_airport(
  File "/home/jupyter/work/opdi-workspace/opdi/src/opdi/reference/h3_airport_layouts.py", line 304, in hexagonify_airport
    raise ValueError(f"No data returned for {apt_icao}")
ValueError: No data returned for DTNH

Processing DTTA...
Failed to process DTTA. Error: No data returned for DTTA
Traceback (most recent call last):
  File "/home/jupyter/work/opdi-workspace/opdi/src/opdi/reference/h3_airport_layouts.py", line 495, in process_airport
    df = hexagonify_airport(
  File "/home/jupyter/work/opdi-workspace/opdi/src/opdi/reference/h3_airport_layouts.py", line 304, in hexagonify_airport
    raise ValueError(f"No data returned for {apt_icao}")
ValueError: No data returned for DTTA

Processing DTTB...
Failed to process DTTB. Error: No data returned for DTTB
Traceback (most recent call last):
  File "/home/jupyter/work/opdi-workspace/opdi/src/opdi/reference/h3_airport_layouts.py", line 495, in process_airport
    df = hexagonify_airport(
  File "/home/jupyter/work/opdi-workspace/opdi/src/opdi/reference/h3_airport_layouts.py", line 304, in hexagonify_airport
    raise ValueError(f"No data returned for {apt_icao}")
ValueError: No data returned for DTTB

Processing DTTD...
Failed to process DTTD. Error: No data returned for DTTD
Traceback (most recent call last):
  File "/home/jupyter/work/opdi-workspace/opdi/src/opdi/reference/h3_airport_layouts.py", line 495, in process_airport
    df = hexagonify_airport(
  File "/home/jupyter/work/opdi-workspace/opdi/src/opdi/reference/h3_airport_layouts.py", line 304, in hexagonify_airport
    raise ValueError(f"No data returned for {apt_icao}")
ValueError: No data returned for DTTD

Processing DTTF...
Failed to process DTTF. Error: No data returned for DTTF
Traceback (most recent call last):
  File "/home/jupyter/work/opdi-workspace/opdi/src/opdi/reference/h3_airport_layouts.py", line 495, in process_airport
    df = hexagonify_airport(
  File "/home/jupyter/work/opdi-workspace/opdi/src/opdi/reference/h3_airport_layouts.py", line 304, in hexagonify_airport
    raise ValueError(f"No data returned for {apt_icao}")
ValueError: No data returned for DTTF

Processing DTTG...
Failed to process DTTG. Error: No data returned for DTTG
Traceback (most recent call last):
  File "/home/jupyter/work/opdi-workspace/opdi/src/opdi/reference/h3_airport_layouts.py", line 495, in process_airport
    df = hexagonify_airport(
  File "/home/jupyter/work/opdi-workspace/opdi/src/opdi/reference/h3_airport_layouts.py", line 304, in hexagonify_airport
    raise ValueError(f"No data returned for {apt_icao}")
ValueError: No data returned for DTTG

Processing DTTJ...
Failed to process DTTJ. Error: No data returned for DTTJ
Traceback (most recent call last):
  File "/home/jupyter/work/opdi-workspace/opdi/src/opdi/reference/h3_airport_layouts.py", line 495, in process_airport
    df = hexagonify_airport(
  File "/home/jupyter/work/opdi-workspace/opdi/src/opdi/reference/h3_airport_layouts.py", line 304, in hexagonify_airport
    raise ValueError(f"No data returned for {apt_icao}")
ValueError: No data returned for DTTJ

Processing DTTR...
Failed to process DTTR. Error: No data returned for DTTR
Traceback (most recent call last):
  File "/home/jupyter/work/opdi-workspace/opdi/src/opdi/reference/h3_airport_layouts.py", line 495, in process_airport
    df = hexagonify_airport(
  File "/home/jupyter/work/opdi-workspace/opdi/src/opdi/reference/h3_airport_layouts.py", line 304, in hexagonify_airport
    raise ValueError(f"No data returned for {apt_icao}")
ValueError: No data returned for DTTR

Processing DTTX...
Failed to process DTTX. Error: No data returned for DTTX
Traceback (most recent call last):
  File "/home/jupyter/work/opdi-workspace/opdi/src/opdi/reference/h3_airport_layouts.py", line 495, in process_airport
    df = hexagonify_airport(
  File "/home/jupyter/work/opdi-workspace/opdi/src/opdi/reference/h3_airport_layouts.py", line 304, in hexagonify_airport
    raise ValueError(f"No data returned for {apt_icao}")
ValueError: No data returned for DTTX

Processing DTTZ...
Failed to process DTTZ. Error: No data returned for DTTZ
Traceback (most recent call last):
  File "/home/jupyter/work/opdi-workspace/opdi/src/opdi/reference/h3_airport_layouts.py", line 495, in process_airport
    df = hexagonify_airport(
  File "/home/jupyter/work/opdi-workspace/opdi/src/opdi/reference/h3_airport_layouts.py", line 304, in hexagonify_airport
    raise ValueError(f"No data returned for {apt_icao}")
ValueError: No data returned for DTTZ

Processing DZ-0016...
Failed to process DZ-0016. Error: No data returned for DZ-0016
Traceback (most recent call last):
  File "/home/jupyter/work/opdi-workspace/opdi/src/opdi/reference/h3_airport_layouts.py", line 495, in process_airport
    df = hexagonify_airport(
  File "/home/jupyter/work/opdi-workspace/opdi/src/opdi/reference/h3_airport_layouts.py", line 304, in hexagonify_airport
    raise ValueError(f"No data returned for {apt_icao}")
ValueError: No data returned for DZ-0016

Processing EBAW...
Airport EBAW is already processed - Skipping...
Processing EBBE...
Airport EBBE is already processed - Skipping...
Processing EBBL...
Airport EBBL is already processed - Skipping...
Processing EBBR...
Airport EBBR is already processed - Skipping...
Processing EBCI...
Airport EBCI is already processed - Skipping...
Processing EBCV...
Airport EBCV is already processed - Skipping...
Processing EBFN...
Airport EBFN is already processed - Skipping...
Processing EBFS...
Airport EBFS is already processed - Skipping...
Processing EBKT...
Airport EBKT is already processed - Skipping...
Processing EBLG...
Airport EBLG is already processed - Skipping...
Processing EBOS...
Airport EBOS is already processed - Skipping...
Processing EDAC...
Airport EDAC is already processed - Skipping...
Processing EDAH...
Airport EDAH is already processed - Skipping...
Processing EDBN...
Airport EDBN is already processed - Skipping...
Processing EDBR...
Airport EDBR is already processed - Skipping...
Processing EDDB...
Airport EDDB is already processed - Skipping...
Processing EDDC...
Airport EDDC is already processed - Skipping...
Processing EDDE...
Airport EDDE is already processed - Skipping...
Processing EDDF...
Airport EDDF is already processed - Skipping...
Processing EDDG...
Airport EDDG is already processed - Skipping...
Processing EDDH...
Airport EDDH is already processed - Skipping...
Processing EDDK...
Airport EDDK is already processed - Skipping...
Processing EDDL...
Airport EDDL is already processed - Skipping...
Processing EDDM...
Airport EDDM is already processed - Skipping...
Processing EDDN...
Airport EDDN is already processed - Skipping...
Processing EDDP...
Airport EDDP is already processed - Skipping...
Processing EDDR...
Airport EDDR is already processed - Skipping...
Processing EDDS...
Airport EDDS is already processed - Skipping...
Processing EDDV...
Airport EDDV is already processed - Skipping...
Processing EDDW...
Airport EDDW is already processed - Skipping...
Processing EDFE...
Airport EDFE is already processed - Skipping...
Processing EDFH...
Airport EDFH is already processed - Skipping...
Processing EDFM...
Airport EDFM is already processed - Skipping...
Processing EDFZ...
Airport EDFZ is already processed - Skipping...
Processing EDGE...
Airport EDGE is already processed - Skipping...
Processing EDGS...
Airport EDGS is already processed - Skipping...
Processing EDHI...
Airport EDHI is already processed - Skipping...
Processing EDHK...
Airport EDHK is already processed - Skipping...
Processing EDHL...
Airport EDHL is already processed - Skipping...
Processing EDJA...
Airport EDJA is already processed - Skipping...
Processing EDLI...
Airport EDLI is already processed - Skipping...
Processing EDLN...
Airport EDLN is already processed - Skipping...
Processing EDLP...
Airport EDLP is already processed - Skipping...
Processing EDLV...
Airport EDLV is already processed - Skipping...
Processing EDLW...
Airport EDLW is already processed - Skipping...
Processing EDMA...
Airport EDMA is already processed - Skipping...
Processing EDML...
Airport EDML is already processed - Skipping...
Processing EDMO...
Airport EDMO is already processed - Skipping...
Processing EDNY...
Airport EDNY is already processed - Skipping...
Processing EDQA...
Airport EDQA is already processed - Skipping...
Processing EDQD...
Airport EDQD is already processed - Skipping...
Processing EDQM...
Airport EDQM is already processed - Skipping...
Processing EDSB...
Airport EDSB is already processed - Skipping...
Processing EDTD...
Airport EDTD is already processed - Skipping...
Processing EDTL...
Airport EDTL is already processed - Skipping...
Processing EDTM...
Airport EDTM is already processed - Skipping...
Processing EDTY...
Airport EDTY is already processed - Skipping...
Processing EDUZ...
Airport EDUZ is already processed - Skipping...
Processing EDVE...
Airport EDVE is already processed - Skipping...
Processing EDVK...
Airport EDVK is already processed - Skipping...
Processing EDXW...
Airport EDXW is already processed - Skipping...
Processing EEEI...
Airport EEEI is already processed - Skipping...
Processing EEKA...
Airport EEKA is already processed - Skipping...
Processing EEKE...
Airport EEKE is already processed - Skipping...
Processing EEPU...
Airport EEPU is already processed - Skipping...
Processing EES...
Failed to process EES. Error: No data returned for EES
Traceback (most recent call last):
  File "/home/jupyter/work/opdi-workspace/opdi/src/opdi/reference/h3_airport_layouts.py", line 495, in process_airport
    df = hexagonify_airport(
  File "/home/jupyter/work/opdi-workspace/opdi/src/opdi/reference/h3_airport_layouts.py", line 304, in hexagonify_airport
    raise ValueError(f"No data returned for {apt_icao}")
ValueError: No data returned for EES

Processing EETN...
Airport EETN is already processed - Skipping...
Processing EETU...
Airport EETU is already processed - Skipping...
Processing EFET...
Airport EFET is already processed - Skipping...
Processing EFHA...
Airport EFHA is already processed - Skipping...
Processing EFHK...
Airport EFHK is already processed - Skipping...
Processing EFIT...
Processing EFIV...
Airport EFIV is already processed - Skipping...
Processing EFJO...
Airport EFJO is already processed - Skipping...
Processing EFJY...
Airport EFJY is already processed - Skipping...
Processing EFKA...
Airport EFKA is already processed - Skipping...
Processing EFKE...
Airport EFKE is already processed - Skipping...
Processing EFKI...
Airport EFKI is already processed - Skipping...
Processing EFKJ...
Airport EFKJ is already processed - Skipping...
Processing EFKK...
Airport EFKK is already processed - Skipping...
Processing EFKS...
Airport EFKS is already processed - Skipping...
Processing EFKT...
Airport EFKT is already processed - Skipping...
Processing EFKU...
Airport EFKU is already processed - Skipping...
Processing EFLP...
Airport EFLP is already processed - Skipping...
Processing EFMA...
Airport EFMA is already processed - Skipping...
Processing EFMI...
Airport EFMI is already processed - Skipping...
Processing EFOU...
Airport EFOU is already processed - Skipping...
Processing EFPO...
Airport EFPO is already processed - Skipping...
Processing EFPR...
Airport EFPR is already processed - Skipping...
Processing EFRO...
Airport EFRO is already processed - Skipping...
Processing EFSA...
Airport EFSA is already processed - Skipping...
Processing EFSI...
Airport EFSI is already processed - Skipping...
Processing EFSO...
Airport EFSO is already processed - Skipping...
Processing EFTP...
Airport EFTP is already processed - Skipping...
Processing EFTU...
Airport EFTU is already processed - Skipping...
Processing EFUT...
Airport EFUT is already processed - Skipping...
Processing EFVA...
Airport EFVA is already processed - Skipping...
Processing EFVR...
Airport EFVR is already processed - Skipping...
Processing EFYL...
Airport EFYL is already processed - Skipping...
Processing EG-0003...
Failed to process EG-0003. Error: No data returned for EG-0003
Traceback (most recent call last):
  File "/home/jupyter/work/opdi-workspace/opdi/src/opdi/reference/h3_airport_layouts.py", line 495, in process_airport
    df = hexagonify_airport(
  File "/home/jupyter/work/opdi-workspace/opdi/src/opdi/reference/h3_airport_layouts.py", line 304, in hexagonify_airport
    raise ValueError(f"No data returned for {apt_icao}")
ValueError: No data returned for EG-0003

Processing EGAA...
Airport EGAA is already processed - Skipping...
Processing EGAB...
Airport EGAB is already processed - Skipping...
Processing EGAC...
Airport EGAC is already processed - Skipping...
Processing EGAE...
Airport EGAE is already processed - Skipping...
Processing EGBB...
Airport EGBB is already processed - Skipping...
Processing EGBJ...
Airport EGBJ is already processed - Skipping...
Processing EGBN...
Airport EGBN is already processed - Skipping...
Processing EGCC...
Airport EGCC is already processed - Skipping...
Processing EGDC...
Airport EGDC is already processed - Skipping...
Processing EGDM...
Airport EGDM is already processed - Skipping...
Processing EGDR...
Airport EGDR is already processed - Skipping...
Processing EGDX...
Airport EGDX is already processed - Skipping...
Processing EGDY...
Airport EGDY is already processed - Skipping...
Processing EGEC...
Airport EGEC is already processed - Skipping...
Processing EGED...
Airport EGED is already processed - Skipping...
Processing EGFE...
Airport EGFE is already processed - Skipping...
Processing EGFF...
Airport EGFF is already processed - Skipping...
Processing EGFH...
Airport EGFH is already processed - Skipping...
Processing EGGD...
Airport EGGD is already processed - Skipping...
Processing EGGP...
Airport EGGP is already processed - Skipping...
Processing EGGW...
Airport EGGW is already processed - Skipping...
Processing EGHH...
Airport EGHH is already processed - Skipping...
Processing EGHI...
Airport EGHI is already processed - Skipping...
Processing EGHL...
Airport EGHL is already processed - Skipping...
Processing EGHQ...
Airport EGHQ is already processed - Skipping...
Processing EGJA...
Airport EGJA is already processed - Skipping...
Processing EGJB...
Airport EGJB is already processed - Skipping...
Processing EGJJ...
Airport EGJJ is already processed - Skipping...
Processing EGKA...
Airport EGKA is already processed - Skipping...
Processing EGKB...
Airport EGKB is already processed - Skipping...
Processing EGKK...
Airport EGKK is already processed - Skipping...
Processing EGLC...
Airport EGLC is already processed - Skipping...
Processing EGLF...
Airport EGLF is already processed - Skipping...
Processing EGLK...
Airport EGLK is already processed - Skipping...
Processing EGLL...
Airport EGLL is already processed - Skipping...
Processing EGMC...
Airport EGMC is already processed - Skipping...
Processing EGMD...
Airport EGMD is already processed - Skipping...
Processing EGNC...
Airport EGNC is already processed - Skipping...
Processing EGNH...
Airport EGNH is already processed - Skipping...
Processing EGNJ...
Airport EGNJ is already processed - Skipping...
Processing EGNL...
Airport EGNL is already processed - Skipping...
Processing EGNM...
Airport EGNM is already processed - Skipping...
Processing EGNO...
Airport EGNO is already processed - Skipping...
Processing EGNR...
Airport EGNR is already processed - Skipping...
Processing EGNS...
Airport EGNS is already processed - Skipping...
Processing EGNT...
Airport EGNT is already processed - Skipping...
Processing EGNV...
Airport EGNV is already processed - Skipping...
Processing EGNX...
Airport EGNX is already processed - Skipping...
Processing EGOM...
Airport EGOM is already processed - Skipping...
Processing EGOS...
Airport EGOS is already processed - Skipping...
Processing EGOV...
Airport EGOV is already processed - Skipping...
Processing EGPA...
Airport EGPA is already processed - Skipping...
Processing EGPB...
Airport EGPB is already processed - Skipping...
Processing EGPC...
Airport EGPC is already processed - Skipping...
Processing EGPD...
Airport EGPD is already processed - Skipping...
Processing EGPE...
Airport EGPE is already processed - Skipping...
Processing EGPF...
Airport EGPF is already processed - Skipping...
Processing EGPH...
Airport EGPH is already processed - Skipping...
Processing EGPI...
Airport EGPI is already processed - Skipping...
Processing EGPK...
Airport EGPK is already processed - Skipping...
Processing EGPL...
Airport EGPL is already processed - Skipping...
Processing EGPN...
Airport EGPN is already processed - Skipping...
Processing EGPO...
Airport EGPO is already processed - Skipping...
Processing EGPR...
Airport EGPR is already processed - Skipping...
Processing EGPU...
Airport EGPU is already processed - Skipping...
Processing EGQL...
Airport EGQL is already processed - Skipping...
Processing EGQS...
Airport EGQS is already processed - Skipping...
Processing EGSC...
Airport EGSC is already processed - Skipping...
Processing EGSH...
Airport EGSH is already processed - Skipping...
Processing EGSS...
Airport EGSS is already processed - Skipping...
Processing EGTC...
Airport EGTC is already processed - Skipping...
Processing EGTE...
Airport EGTE is already processed - Skipping...
Processing EGTK...
Airport EGTK is already processed - Skipping...
Processing EGUB...
Airport EGUB is already processed - Skipping...
Processing EGUL...
Airport EGUL is already processed - Skipping...
Processing EGUN...
Airport EGUN is already processed - Skipping...
Processing EGUW...
Airport EGUW is already processed - Skipping...
Processing EGVA...
Airport EGVA is already processed - Skipping...
Processing EGVN...
Airport EGVN is already processed - Skipping...
Processing EGVO...
Airport EGVO is already processed - Skipping...
Processing EGWC...
Airport EGWC is already processed - Skipping...
Processing EGWU...
Airport EGWU is already processed - Skipping...
Processing EGXC...
Airport EGXC is already processed - Skipping...
Processing EGXE...
Airport EGXE is already processed - Skipping...
Processing EGXG...
Failed to process EGXG. Error: No data returned for EGXG
Traceback (most recent call last):
  File "/home/jupyter/work/opdi-workspace/opdi/src/opdi/reference/h3_airport_layouts.py", line 495, in process_airport
    df = hexagonify_airport(
  File "/home/jupyter/work/opdi-workspace/opdi/src/opdi/reference/h3_airport_layouts.py", line 304, in hexagonify_airport
    raise ValueError(f"No data returned for {apt_icao}")
ValueError: No data returned for EGXG

Processing EGXH...
Airport EGXH is already processed - Skipping...
Processing EGXT...
Airport EGXT is already processed - Skipping...
Processing EGXW...
Airport EGXW is already processed - Skipping...
Processing EGXZ...
Airport EGXZ is already processed - Skipping...
Processing EGYD...
Airport EGYD is already processed - Skipping...
Processing EGYE...
Airport EGYE is already processed - Skipping...
Processing EGYM...
Airport EGYM is already processed - Skipping...
Processing EHAM...
Airport EHAM is already processed - Skipping...
Processing EHBD...
Airport EHBD is already processed - Skipping...
Processing EHBK...
Airport EHBK is already processed - Skipping...
Processing EHDL...
Airport EHDL is already processed - Skipping...
Processing EHEH...
Airport EHEH is already processed - Skipping...
Processing EHGG...
Airport EHGG is already processed - Skipping...
Processing EHGR...
Airport EHGR is already processed - Skipping...
Processing EHKD...
Airport EHKD is already processed - Skipping...
Processing EHLE...
Airport EHLE is already processed - Skipping...
Processing EHLW...
Airport EHLW is already processed - Skipping...
Processing EHRD...
Airport EHRD is already processed - Skipping...
Processing EHTW...
Airport EHTW is already processed - Skipping...
Processing EHVK...
Airport EHVK is already processed - Skipping...
Processing EHWO...
Airport EHWO is already processed - Skipping...
Processing EICK...
Airport EICK is already processed - Skipping...
Processing EIDL...
Airport EIDL is already processed - Skipping...
Processing EIDW...
Airport EIDW is already processed - Skipping...
Processing EIKN...
Airport EIKN is already processed - Skipping...
Processing EIKY...
Airport EIKY is already processed - Skipping...
Processing EIME...
Airport EIME is already processed - Skipping...
Processing EINN...
Airport EINN is already processed - Skipping...
Processing EISG...
Airport EISG is already processed - Skipping...
Processing EIWF...
Airport EIWF is already processed - Skipping...
Processing EIWT...
Airport EIWT is already processed - Skipping...
Processing EKAH...
Airport EKAH is already processed - Skipping...
Processing EKBI...
Airport EKBI is already processed - Skipping...
Processing EKCH...
Airport EKCH is already processed - Skipping...
Processing EKEB...
Airport EKEB is already processed - Skipping...
Processing EKKA...
Airport EKKA is already processed - Skipping...
Processing EKMB...
Airport EKMB is already processed - Skipping...
Processing EKOD...
Airport EKOD is already processed - Skipping...
Processing EKRK...
Airport EKRK is already processed - Skipping...
Processing EKRN...
Airport EKRN is already processed - Skipping...
Processing EKSB...
Airport EKSB is already processed - Skipping...
Processing EKSN...
Airport EKSN is already processed - Skipping...
Processing EKSP...
Airport EKSP is already processed - Skipping...
Processing EKSV...
Airport EKSV is already processed - Skipping...
Processing EKTS...
Airport EKTS is already processed - Skipping...
Processing EKVD...
Airport EKVD is already processed - Skipping...
Processing EKVG...
Airport EKVG is already processed - Skipping...
Processing EKVJ...
Airport EKVJ is already processed - Skipping...
Processing EKYT...
Airport EKYT is already processed - Skipping...
Processing ELLX...
Airport ELLX is already processed - Skipping...
Processing ENAL...
Airport ENAL is already processed - Skipping...
Processing ENAN...
Airport ENAN is already processed - Skipping...
Processing ENAT...
Airport ENAT is already processed - Skipping...
Processing ENBN...
Airport ENBN is already processed - Skipping...
Processing ENBO...
Airport ENBO is already processed - Skipping...
Processing ENBR...
Airport ENBR is already processed - Skipping...
Processing ENBS...
Airport ENBS is already processed - Skipping...
Processing ENBV...
Airport ENBV is already processed - Skipping...
Processing ENCN...
Airport ENCN is already processed - Skipping...
Processing ENDU...
Airport ENDU is already processed - Skipping...
Processing ENEV...
Airport ENEV is already processed - Skipping...
Processing ENFL...
Airport ENFL is already processed - Skipping...
Processing ENGM...
Airport ENGM is already processed - Skipping...
Processing ENHD...
Airport ENHD is already processed - Skipping...
Processing ENHF...
Airport ENHF is already processed - Skipping...
Processing ENHV...
Airport ENHV is already processed - Skipping...
Processing ENKB...
Airport ENKB is already processed - Skipping...
Processing ENKR...
Airport ENKR is already processed - Skipping...
Processing ENLK...
Airport ENLK is already processed - Skipping...
Processing ENMH...
Airport ENMH is already processed - Skipping...
Processing ENML...
Airport ENML is already processed - Skipping...
Processing ENMS...
Airport ENMS is already processed - Skipping...
Processing ENNA...
Airport ENNA is already processed - Skipping...
Processing ENNO...
Airport ENNO is already processed - Skipping...
Processing ENOL...
Airport ENOL is already processed - Skipping...
Processing ENOV...
Airport ENOV is already processed - Skipping...
Processing ENRA...
Airport ENRA is already processed - Skipping...
Processing ENRM...
Airport ENRM is already processed - Skipping...
Processing ENRO...
Airport ENRO is already processed - Skipping...
Processing ENRY...
Airport ENRY is already processed - Skipping...
Processing ENSH...
Airport ENSH is already processed - Skipping...
Processing ENSK...
Airport ENSK is already processed - Skipping...
Processing ENSN...
Airport ENSN is already processed - Skipping...
Processing ENSO...
Airport ENSO is already processed - Skipping...
Processing ENSR...
Airport ENSR is already processed - Skipping...
Processing ENSS...
Airport ENSS is already processed - Skipping...
Processing ENST...
Airport ENST is already processed - Skipping...
Processing ENTC...
Airport ENTC is already processed - Skipping...
Processing ENTO...
Airport ENTO is already processed - Skipping...
Processing ENVA...
Airport ENVA is already processed - Skipping...
Processing ENVD...
Airport ENVD is already processed - Skipping...
Processing ENZV...
Airport ENZV is already processed - Skipping...
Processing EPBY...
Airport EPBY is already processed - Skipping...
Processing EPCE...
Airport EPCE is already processed - Skipping...
Processing EPDE...
Airport EPDE is already processed - Skipping...
Processing EPGD...
Airport EPGD is already processed - Skipping...
Processing EPIR...
Airport EPIR is already processed - Skipping...
Processing EPKK...
Airport EPKK is already processed - Skipping...
Processing EPKS...
Airport EPKS is already processed - Skipping...
Processing EPKT...
Airport EPKT is already processed - Skipping...
Processing EPLB...
Airport EPLB is already processed - Skipping...
Processing EPLK...
Airport EPLK is already processed - Skipping...
Processing EPLL...
Airport EPLL is already processed - Skipping...
Processing EPLY...
Airport EPLY is already processed - Skipping...
Processing EPMB...
Airport EPMB is already processed - Skipping...
Processing EPMI...
Airport EPMI is already processed - Skipping...
Processing EPMM...
Airport EPMM is already processed - Skipping...
Processing EPMO...
Airport EPMO is already processed - Skipping...
Processing EPPO...
Airport EPPO is already processed - Skipping...
Processing EPPW...
Airport EPPW is already processed - Skipping...
Processing EPRA...
Airport EPRA is already processed - Skipping...
Processing EPRZ...
Airport EPRZ is already processed - Skipping...
Processing EPSC...
Airport EPSC is already processed - Skipping...
Processing EPSN...
Airport EPSN is already processed - Skipping...
Processing EPSY...
Airport EPSY is already processed - Skipping...
Processing EPTM...
Airport EPTM is already processed - Skipping...
Processing EPWA...
Airport EPWA is already processed - Skipping...
Processing EPWR...
Airport EPWR is already processed - Skipping...
Processing EPZG...
Airport EPZG is already processed - Skipping...
Processing ES-0109...
Airport ES-0109 is already processed - Skipping...
Processing ESCF...
Airport ESCF is already processed - Skipping...
Processing ESDF...
Airport ESDF is already processed - Skipping...
Processing ESFR...
Airport ESFR is already processed - Skipping...
Processing ESGG...
Airport ESGG is already processed - Skipping...
Processing ESGJ...
Airport ESGJ is already processed - Skipping...
Processing ESGP...
Airport ESGP is already processed - Skipping...
Processing ESGR...
Airport ESGR is already processed - Skipping...
Processing ESGT...
Airport ESGT is already processed - Skipping...
Processing ESIB...
Airport ESIB is already processed - Skipping...
Processing ESKK...
Airport ESKK is already processed - Skipping...
Processing ESKM...
Airport ESKM is already processed - Skipping...
Processing ESKN...
Airport ESKN is already processed - Skipping...
Processing ESKS...
Airport ESKS is already processed - Skipping...
Processing ESMK...
Airport ESMK is already processed - Skipping...
Processing ESMQ...
Airport ESMQ is already processed - Skipping...
Processing ESMS...
Airport ESMS is already processed - Skipping...
Processing ESMT...
Airport ESMT is already processed - Skipping...
Processing ESMX...
Airport ESMX is already processed - Skipping...
Processing ESNG...
Airport ESNG is already processed - Skipping...
Processing ESNK...
Airport ESNK is already processed - Skipping...
Processing ESNL...
Airport ESNL is already processed - Skipping...
Processing ESNN...
Airport ESNN is already processed - Skipping...
Processing ESNO...
Airport ESNO is already processed - Skipping...
Processing ESNQ...
Airport ESNQ is already processed - Skipping...
Processing ESNS...
Airport ESNS is already processed - Skipping...
Processing ESNU...
Airport ESNU is already processed - Skipping...
Processing ESNV...
Airport ESNV is already processed - Skipping...
Processing ESNX...
Airport ESNX is already processed - Skipping...
Processing ESNY...
Airport ESNY is already processed - Skipping...
Processing ESNZ...
Airport ESNZ is already processed - Skipping...
Processing ESOE...
Airport ESOE is already processed - Skipping...
Processing ESOK...
Airport ESOK is already processed - Skipping...
Processing ESOW...
Airport ESOW is already processed - Skipping...
Processing ESPA...
Airport ESPA is already processed - Skipping...
Processing ESSA...
Airport ESSA is already processed - Skipping...
Processing ESSB...
Airport ESSB is already processed - Skipping...
Processing ESSD...
Airport ESSD is already processed - Skipping...
Processing ESSL...
Airport ESSL is already processed - Skipping...
Processing ESSP...
Airport ESSP is already processed - Skipping...
Processing ESST...
Airport ESST is already processed - Skipping...
Processing ESSU...
Airport ESSU is already processed - Skipping...
Processing ESSV...
Airport ESSV is already processed - Skipping...
Processing ESTA...
Airport ESTA is already processed - Skipping...
Processing ESTL...
Airport ESTL is already processed - Skipping...
Processing ESUD...
Airport ESUD is already processed - Skipping...
Processing ETAD...
Airport ETAD is already processed - Skipping...
Processing ETAR...
Airport ETAR is already processed - Skipping...
Processing ETHB...
Airport ETHB is already processed - Skipping...
Processing ETHC...
Airport ETHC is already processed - Skipping...
Processing ETHF...
Airport ETHF is already processed - Skipping...
Processing ETHL...
Airport ETHL is already processed - Skipping...
Processing ETHN...
Airport ETHN is already processed - Skipping...
Processing ETHS...
Airport ETHS is already processed - Skipping...
Processing ETIC...
Airport ETIC is already processed - Skipping...
Processing ETIH...
Airport ETIH is already processed - Skipping...
Processing ETMN...
Airport ETMN is already processed - Skipping...
Processing ETND...
Airport ETND is already processed - Skipping...
Processing ETNG...
Airport ETNG is already processed - Skipping...
Processing ETNH...
Airport ETNH is already processed - Skipping...
Processing ETNL...
Airport ETNL is already processed - Skipping...
Processing ETNN...
Airport ETNN is already processed - Skipping...
Processing ETNS...
Airport ETNS is already processed - Skipping...
Processing ETNT...
Airport ETNT is already processed - Skipping...
Processing ETNW...
Airport ETNW is already processed - Skipping...
Processing ETOU...
Airport ETOU is already processed - Skipping...
Processing ETSB...
Airport ETSB is already processed - Skipping...
Processing ETSH...
Airport ETSH is already processed - Skipping...
Processing ETSI...
Airport ETSI is already processed - Skipping...
Processing ETSL...
Airport ETSL is already processed - Skipping...
Processing ETSN...
Airport ETSN is already processed - Skipping...
Processing EVKA...
Airport EVKA is already processed - Skipping...
Processing EVLA...
Airport EVLA is already processed - Skipping...
Processing EVRA...
Airport EVRA is already processed - Skipping...
Processing EVTA...
Failed to process EVTA. Error: No data returned for EVTA
Traceback (most recent call last):
  File "/home/jupyter/work/opdi-workspace/opdi/src/opdi/reference/h3_airport_layouts.py", line 495, in process_airport
    df = hexagonify_airport(
  File "/home/jupyter/work/opdi-workspace/opdi/src/opdi/reference/h3_airport_layouts.py", line 304, in hexagonify_airport
    raise ValueError(f"No data returned for {apt_icao}")
ValueError: No data returned for EVTA

Processing EYKA...
Airport EYKA is already processed - Skipping...
Processing EYKD...
Airport EYKD is already processed - Skipping...
Processing EYPA...
Airport EYPA is already processed - Skipping...
Processing EYPP...
Airport EYPP is already processed - Skipping...
Processing EYSA...
Airport EYSA is already processed - Skipping...
Processing EYSB...
Airport EYSB is already processed - Skipping...
Processing EYVI...
Airport EYVI is already processed - Skipping...
Processing GCFV...
Failed to process GCFV. Error: No data returned for GCFV
Traceback (most recent call last):
  File "/home/jupyter/work/opdi-workspace/opdi/src/opdi/reference/h3_airport_layouts.py", line 495, in process_airport
    df = hexagonify_airport(
  File "/home/jupyter/work/opdi-workspace/opdi/src/opdi/reference/h3_airport_layouts.py", line 304, in hexagonify_airport
    raise ValueError(f"No data returned for {apt_icao}")
ValueError: No data returned for GCFV

Processing GCHI...
Failed to process GCHI. Error: No data returned for GCHI
Traceback (most recent call last):
  File "/home/jupyter/work/opdi-workspace/opdi/src/opdi/reference/h3_airport_layouts.py", line 495, in process_airport
    df = hexagonify_airport(
  File "/home/jupyter/work/opdi-workspace/opdi/src/opdi/reference/h3_airport_layouts.py", line 304, in hexagonify_airport
    raise ValueError(f"No data returned for {apt_icao}")
ValueError: No data returned for GCHI

Processing GCLA...
Failed to process GCLA. Error: No data returned for GCLA
Traceback (most recent call last):
  File "/home/jupyter/work/opdi-workspace/opdi/src/opdi/reference/h3_airport_layouts.py", line 495, in process_airport
    df = hexagonify_airport(
  File "/home/jupyter/work/opdi-workspace/opdi/src/opdi/reference/h3_airport_layouts.py", line 304, in hexagonify_airport
    raise ValueError(f"No data returned for {apt_icao}")
ValueError: No data returned for GCLA

Processing GCLP...
Failed to process GCLP. Error: No data returned for GCLP
Traceback (most recent call last):
  File "/home/jupyter/work/opdi-workspace/opdi/src/opdi/reference/h3_airport_layouts.py", line 495, in process_airport
    df = hexagonify_airport(
  File "/home/jupyter/work/opdi-workspace/opdi/src/opdi/reference/h3_airport_layouts.py", line 304, in hexagonify_airport
    raise ValueError(f"No data returned for {apt_icao}")
ValueError: No data returned for GCLP

Processing GCRR...
Failed to process GCRR. Error: No data returned for GCRR
Traceback (most recent call last):
  File "/home/jupyter/work/opdi-workspace/opdi/src/opdi/reference/h3_airport_layouts.py", line 495, in process_airport
    df = hexagonify_airport(
  File "/home/jupyter/work/opdi-workspace/opdi/src/opdi/reference/h3_airport_layouts.py", line 304, in hexagonify_airport
    raise ValueError(f"No data returned for {apt_icao}")
ValueError: No data returned for GCRR

Processing GCTS...
Failed to process GCTS. Error: No data returned for GCTS
Traceback (most recent call last):
  File "/home/jupyter/work/opdi-workspace/opdi/src/opdi/reference/h3_airport_layouts.py", line 495, in process_airport
    df = hexagonify_airport(
  File "/home/jupyter/work/opdi-workspace/opdi/src/opdi/reference/h3_airport_layouts.py", line 304, in hexagonify_airport
    raise ValueError(f"No data returned for {apt_icao}")
ValueError: No data returned for GCTS

Processing GCXO...
Failed to process GCXO. Error: No data returned for GCXO
Traceback (most recent call last):
  File "/home/jupyter/work/opdi-workspace/opdi/src/opdi/reference/h3_airport_layouts.py", line 495, in process_airport
    df = hexagonify_airport(
  File "/home/jupyter/work/opdi-workspace/opdi/src/opdi/reference/h3_airport_layouts.py", line 304, in hexagonify_airport
    raise ValueError(f"No data returned for {apt_icao}")
ValueError: No data returned for GCXO

Processing GE-0007...
Airport GE-0007 is already processed - Skipping...
Processing GE-0010...
Airport GE-0010 is already processed - Skipping...
Processing GEML...
Airport GEML is already processed - Skipping...
Processing GMAD...
Failed to process GMAD. Error: No data returned for GMAD
Traceback (most recent call last):
  File "/home/jupyter/work/opdi-workspace/opdi/src/opdi/reference/h3_airport_layouts.py", line 495, in process_airport
    df = hexagonify_airport(
  File "/home/jupyter/work/opdi-workspace/opdi/src/opdi/reference/h3_airport_layouts.py", line 304, in hexagonify_airport
    raise ValueError(f"No data returned for {apt_icao}")
ValueError: No data returned for GMAD

Processing GMAT...
Failed to process GMAT. Error: No data returned for GMAT
Traceback (most recent call last):
  File "/home/jupyter/work/opdi-workspace/opdi/src/opdi/reference/h3_airport_layouts.py", line 495, in process_airport
    df = hexagonify_airport(
  File "/home/jupyter/work/opdi-workspace/opdi/src/opdi/reference/h3_airport_layouts.py", line 304, in hexagonify_airport
    raise ValueError(f"No data returned for {apt_icao}")
ValueError: No data returned for GMAT

Processing GMAZ...
Failed to process GMAZ. Error: No data returned for GMAZ
Traceback (most recent call last):
  File "/home/jupyter/work/opdi-workspace/opdi/src/opdi/reference/h3_airport_layouts.py", line 495, in process_airport
    df = hexagonify_airport(
  File "/home/jupyter/work/opdi-workspace/opdi/src/opdi/reference/h3_airport_layouts.py", line 304, in hexagonify_airport
    raise ValueError(f"No data returned for {apt_icao}")
ValueError: No data returned for GMAZ

Processing GMFB...
Failed to process GMFB. Error: No data returned for GMFB
Traceback (most recent call last):
  File "/home/jupyter/work/opdi-workspace/opdi/src/opdi/reference/h3_airport_layouts.py", line 495, in process_airport
    df = hexagonify_airport(
  File "/home/jupyter/work/opdi-workspace/opdi/src/opdi/reference/h3_airport_layouts.py", line 304, in hexagonify_airport
    raise ValueError(f"No data returned for {apt_icao}")
ValueError: No data returned for GMFB

Processing GMFF...
Failed to process GMFF. Error: No data returned for GMFF
Traceback (most recent call last):
  File "/home/jupyter/work/opdi-workspace/opdi/src/opdi/reference/h3_airport_layouts.py", line 495, in process_airport
    df = hexagonify_airport(
  File "/home/jupyter/work/opdi-workspace/opdi/src/opdi/reference/h3_airport_layouts.py", line 304, in hexagonify_airport
    raise ValueError(f"No data returned for {apt_icao}")
ValueError: No data returned for GMFF

Processing GMFK...
Failed to process GMFK. Error: No data returned for GMFK
Traceback (most recent call last):
  File "/home/jupyter/work/opdi-workspace/opdi/src/opdi/reference/h3_airport_layouts.py", line 495, in process_airport
    df = hexagonify_airport(
  File "/home/jupyter/work/opdi-workspace/opdi/src/opdi/reference/h3_airport_layouts.py", line 304, in hexagonify_airport
    raise ValueError(f"No data returned for {apt_icao}")
ValueError: No data returned for GMFK

Processing GMFM...
Failed to process GMFM. Error: No data returned for GMFM
Traceback (most recent call last):
  File "/home/jupyter/work/opdi-workspace/opdi/src/opdi/reference/h3_airport_layouts.py", line 495, in process_airport
    df = hexagonify_airport(
  File "/home/jupyter/work/opdi-workspace/opdi/src/opdi/reference/h3_airport_layouts.py", line 304, in hexagonify_airport
    raise ValueError(f"No data returned for {apt_icao}")
ValueError: No data returned for GMFM

Processing GMFO...
Failed to process GMFO. Error: No data returned for GMFO
Traceback (most recent call last):
  File "/home/jupyter/work/opdi-workspace/opdi/src/opdi/reference/h3_airport_layouts.py", line 495, in process_airport
    df = hexagonify_airport(
  File "/home/jupyter/work/opdi-workspace/opdi/src/opdi/reference/h3_airport_layouts.py", line 304, in hexagonify_airport
    raise ValueError(f"No data returned for {apt_icao}")
ValueError: No data returned for GMFO

Processing GMMA...
Failed to process GMMA. Error: No data returned for GMMA
Traceback (most recent call last):
  File "/home/jupyter/work/opdi-workspace/opdi/src/opdi/reference/h3_airport_layouts.py", line 495, in process_airport
    df = hexagonify_airport(
  File "/home/jupyter/work/opdi-workspace/opdi/src/opdi/reference/h3_airport_layouts.py", line 304, in hexagonify_airport
    raise ValueError(f"No data returned for {apt_icao}")
ValueError: No data returned for GMMA

Processing GMMD...
Failed to process GMMD. Error: No data returned for GMMD
Traceback (most recent call last):
  File "/home/jupyter/work/opdi-workspace/opdi/src/opdi/reference/h3_airport_layouts.py", line 495, in process_airport
    df = hexagonify_airport(
  File "/home/jupyter/work/opdi-workspace/opdi/src/opdi/reference/h3_airport_layouts.py", line 304, in hexagonify_airport
    raise ValueError(f"No data returned for {apt_icao}")
ValueError: No data returned for GMMD

Processing GMME...
Failed to process GMME. Error: No data returned for GMME
Traceback (most recent call last):
  File "/home/jupyter/work/opdi-workspace/opdi/src/opdi/reference/h3_airport_layouts.py", line 495, in process_airport
    df = hexagonify_airport(
  File "/home/jupyter/work/opdi-workspace/opdi/src/opdi/reference/h3_airport_layouts.py", line 304, in hexagonify_airport
    raise ValueError(f"No data returned for {apt_icao}")
ValueError: No data returned for GMME

Processing GMMI...
Failed to process GMMI. Error: No data returned for GMMI
Traceback (most recent call last):
  File "/home/jupyter/work/opdi-workspace/opdi/src/opdi/reference/h3_airport_layouts.py", line 495, in process_airport
    df = hexagonify_airport(
  File "/home/jupyter/work/opdi-workspace/opdi/src/opdi/reference/h3_airport_layouts.py", line 304, in hexagonify_airport
    raise ValueError(f"No data returned for {apt_icao}")
ValueError: No data returned for GMMI

Processing GMML...
Failed to process GMML. Error: No data returned for GMML
Traceback (most recent call last):
  File "/home/jupyter/work/opdi-workspace/opdi/src/opdi/reference/h3_airport_layouts.py", line 495, in process_airport
    df = hexagonify_airport(
  File "/home/jupyter/work/opdi-workspace/opdi/src/opdi/reference/h3_airport_layouts.py", line 304, in hexagonify_airport
    raise ValueError(f"No data returned for {apt_icao}")
ValueError: No data returned for GMML

Processing GMMN...
Failed to process GMMN. Error: No data returned for GMMN
Traceback (most recent call last):
  File "/home/jupyter/work/opdi-workspace/opdi/src/opdi/reference/h3_airport_layouts.py", line 495, in process_airport
    df = hexagonify_airport(
  File "/home/jupyter/work/opdi-workspace/opdi/src/opdi/reference/h3_airport_layouts.py", line 304, in hexagonify_airport
    raise ValueError(f"No data returned for {apt_icao}")
ValueError: No data returned for GMMN

Processing GMMW...
Failed to process GMMW. Error: No data returned for GMMW
Traceback (most recent call last):
  File "/home/jupyter/work/opdi-workspace/opdi/src/opdi/reference/h3_airport_layouts.py", line 495, in process_airport
    df = hexagonify_airport(
  File "/home/jupyter/work/opdi-workspace/opdi/src/opdi/reference/h3_airport_layouts.py", line 304, in hexagonify_airport
    raise ValueError(f"No data returned for {apt_icao}")
ValueError: No data returned for GMMW

Processing GMMX...
Failed to process GMMX. Error: No data returned for GMMX
Traceback (most recent call last):
  File "/home/jupyter/work/opdi-workspace/opdi/src/opdi/reference/h3_airport_layouts.py", line 495, in process_airport
    df = hexagonify_airport(
  File "/home/jupyter/work/opdi-workspace/opdi/src/opdi/reference/h3_airport_layouts.py", line 304, in hexagonify_airport
    raise ValueError(f"No data returned for {apt_icao}")
ValueError: No data returned for GMMX

Processing GMMY...
Failed to process GMMY. Error: No data returned for GMMY
Traceback (most recent call last):
  File "/home/jupyter/work/opdi-workspace/opdi/src/opdi/reference/h3_airport_layouts.py", line 495, in process_airport
    df = hexagonify_airport(
  File "/home/jupyter/work/opdi-workspace/opdi/src/opdi/reference/h3_airport_layouts.py", line 304, in hexagonify_airport
    raise ValueError(f"No data returned for {apt_icao}")
ValueError: No data returned for GMMY

Processing GMMZ...
Failed to process GMMZ. Error: No data returned for GMMZ
Traceback (most recent call last):
  File "/home/jupyter/work/opdi-workspace/opdi/src/opdi/reference/h3_airport_layouts.py", line 495, in process_airport
    df = hexagonify_airport(
  File "/home/jupyter/work/opdi-workspace/opdi/src/opdi/reference/h3_airport_layouts.py", line 304, in hexagonify_airport
    raise ValueError(f"No data returned for {apt_icao}")
ValueError: No data returned for GMMZ

Processing GMTA...
Failed to process GMTA. Error: No data returned for GMTA
Traceback (most recent call last):
  File "/home/jupyter/work/opdi-workspace/opdi/src/opdi/reference/h3_airport_layouts.py", line 495, in process_airport
    df = hexagonify_airport(
  File "/home/jupyter/work/opdi-workspace/opdi/src/opdi/reference/h3_airport_layouts.py", line 304, in hexagonify_airport
    raise ValueError(f"No data returned for {apt_icao}")
ValueError: No data returned for GMTA

Processing GMTN...
Failed to process GMTN. Error: No data returned for GMTN
Traceback (most recent call last):
  File "/home/jupyter/work/opdi-workspace/opdi/src/opdi/reference/h3_airport_layouts.py", line 495, in process_airport
    df = hexagonify_airport(
  File "/home/jupyter/work/opdi-workspace/opdi/src/opdi/reference/h3_airport_layouts.py", line 304, in hexagonify_airport
    raise ValueError(f"No data returned for {apt_icao}")
ValueError: No data returned for GMTN

Processing GMTT...
Failed to process GMTT. Error: No data returned for GMTT
Traceback (most recent call last):
  File "/home/jupyter/work/opdi-workspace/opdi/src/opdi/reference/h3_airport_layouts.py", line 495, in process_airport
    df = hexagonify_airport(
  File "/home/jupyter/work/opdi-workspace/opdi/src/opdi/reference/h3_airport_layouts.py", line 304, in hexagonify_airport
    raise ValueError(f"No data returned for {apt_icao}")
ValueError: No data returned for GMTT

Processing GR-0109...
Airport GR-0109 is already processed - Skipping...
Processing HE16...
Failed to process HE16. Error: No data returned for HE16
Traceback (most recent call last):
  File "/home/jupyter/work/opdi-workspace/opdi/src/opdi/reference/h3_airport_layouts.py", line 495, in process_airport
    df = hexagonify_airport(
  File "/home/jupyter/work/opdi-workspace/opdi/src/opdi/reference/h3_airport_layouts.py", line 304, in hexagonify_airport
    raise ValueError(f"No data returned for {apt_icao}")
ValueError: No data returned for HE16

Processing HE28...
Failed to process HE28. Error: No data returned for HE28
Traceback (most recent call last):
  File "/home/jupyter/work/opdi-workspace/opdi/src/opdi/reference/h3_airport_layouts.py", line 495, in process_airport
    df = hexagonify_airport(
  File "/home/jupyter/work/opdi-workspace/opdi/src/opdi/reference/h3_airport_layouts.py", line 304, in hexagonify_airport
    raise ValueError(f"No data returned for {apt_icao}")
ValueError: No data returned for HE28

Processing HE32...
Failed to process HE32. Error: No data returned for HE32
Traceback (most recent call last):
  File "/home/jupyter/work/opdi-workspace/opdi/src/opdi/reference/h3_airport_layouts.py", line 495, in process_airport
    df = hexagonify_airport(
  File "/home/jupyter/work/opdi-workspace/opdi/src/opdi/reference/h3_airport_layouts.py", line 304, in hexagonify_airport
    raise ValueError(f"No data returned for {apt_icao}")
ValueError: No data returned for HE32

Processing HE35...
Failed to process HE35. Error: No data returned for HE35
Traceback (most recent call last):
  File "/home/jupyter/work/opdi-workspace/opdi/src/opdi/reference/h3_airport_layouts.py", line 495, in process_airport
    df = hexagonify_airport(
  File "/home/jupyter/work/opdi-workspace/opdi/src/opdi/reference/h3_airport_layouts.py", line 304, in hexagonify_airport
    raise ValueError(f"No data returned for {apt_icao}")
ValueError: No data returned for HE35

Processing HE36...
Failed to process HE36. Error: No data returned for HE36
Traceback (most recent call last):
  File "/home/jupyter/work/opdi-workspace/opdi/src/opdi/reference/h3_airport_layouts.py", line 495, in process_airport
    df = hexagonify_airport(
  File "/home/jupyter/work/opdi-workspace/opdi/src/opdi/reference/h3_airport_layouts.py", line 304, in hexagonify_airport
    raise ValueError(f"No data returned for {apt_icao}")
ValueError: No data returned for HE36

Processing HE37...
Failed to process HE37. Error: No data returned for HE37
Traceback (most recent call last):
  File "/home/jupyter/work/opdi-workspace/opdi/src/opdi/reference/h3_airport_layouts.py", line 495, in process_airport
    df = hexagonify_airport(
  File "/home/jupyter/work/opdi-workspace/opdi/src/opdi/reference/h3_airport_layouts.py", line 304, in hexagonify_airport
    raise ValueError(f"No data returned for {apt_icao}")
ValueError: No data returned for HE37

Processing HE42...
Failed to process HE42. Error: No data returned for HE42
Traceback (most recent call last):
  File "/home/jupyter/work/opdi-workspace/opdi/src/opdi/reference/h3_airport_layouts.py", line 495, in process_airport
    df = hexagonify_airport(
  File "/home/jupyter/work/opdi-workspace/opdi/src/opdi/reference/h3_airport_layouts.py", line 304, in hexagonify_airport
    raise ValueError(f"No data returned for {apt_icao}")
ValueError: No data returned for HE42

Processing HEAL...
Failed to process HEAL. Error: No data returned for HEAL
Traceback (most recent call last):
  File "/home/jupyter/work/opdi-workspace/opdi/src/opdi/reference/h3_airport_layouts.py", line 495, in process_airport
    df = hexagonify_airport(
  File "/home/jupyter/work/opdi-workspace/opdi/src/opdi/reference/h3_airport_layouts.py", line 304, in hexagonify_airport
    raise ValueError(f"No data returned for {apt_icao}")
ValueError: No data returned for HEAL

Processing HEAR...
Failed to process HEAR. Error: No data returned for HEAR
Traceback (most recent call last):
  File "/home/jupyter/work/opdi-workspace/opdi/src/opdi/reference/h3_airport_layouts.py", line 495, in process_airport
    df = hexagonify_airport(
  File "/home/jupyter/work/opdi-workspace/opdi/src/opdi/reference/h3_airport_layouts.py", line 304, in hexagonify_airport
    raise ValueError(f"No data returned for {apt_icao}")
ValueError: No data returned for HEAR

Processing HEAT...
Failed to process HEAT. Error: No data returned for HEAT
Traceback (most recent call last):
  File "/home/jupyter/work/opdi-workspace/opdi/src/opdi/reference/h3_airport_layouts.py", line 495, in process_airport
    df = hexagonify_airport(
  File "/home/jupyter/work/opdi-workspace/opdi/src/opdi/reference/h3_airport_layouts.py", line 304, in hexagonify_airport
    raise ValueError(f"No data returned for {apt_icao}")
ValueError: No data returned for HEAT

Processing HEAZ...
Failed to process HEAZ. Error: No data returned for HEAZ
Traceback (most recent call last):
  File "/home/jupyter/work/opdi-workspace/opdi/src/opdi/reference/h3_airport_layouts.py", line 495, in process_airport
    df = hexagonify_airport(
  File "/home/jupyter/work/opdi-workspace/opdi/src/opdi/reference/h3_airport_layouts.py", line 304, in hexagonify_airport
    raise ValueError(f"No data returned for {apt_icao}")
ValueError: No data returned for HEAZ

Processing HEBA...
Failed to process HEBA. Error: No data returned for HEBA
Traceback (most recent call last):
  File "/home/jupyter/work/opdi-workspace/opdi/src/opdi/reference/h3_airport_layouts.py", line 495, in process_airport
    df = hexagonify_airport(
  File "/home/jupyter/work/opdi-workspace/opdi/src/opdi/reference/h3_airport_layouts.py", line 304, in hexagonify_airport
    raise ValueError(f"No data returned for {apt_icao}")
ValueError: No data returned for HEBA

Processing HEBS...
Failed to process HEBS. Error: No data returned for HEBS
Traceback (most recent call last):
  File "/home/jupyter/work/opdi-workspace/opdi/src/opdi/reference/h3_airport_layouts.py", line 495, in process_airport
    df = hexagonify_airport(
  File "/home/jupyter/work/opdi-workspace/opdi/src/opdi/reference/h3_airport_layouts.py", line 304, in hexagonify_airport
    raise ValueError(f"No data returned for {apt_icao}")
ValueError: No data returned for HEBS

Processing HECA...
Failed to process HECA. Error: No data returned for HECA
Traceback (most recent call last):
  File "/home/jupyter/work/opdi-workspace/opdi/src/opdi/reference/h3_airport_layouts.py", line 495, in process_airport
    df = hexagonify_airport(
  File "/home/jupyter/work/opdi-workspace/opdi/src/opdi/reference/h3_airport_layouts.py", line 304, in hexagonify_airport
    raise ValueError(f"No data returned for {apt_icao}")
ValueError: No data returned for HECA

Processing HECP...
Failed to process HECP. Error: No data returned for HECP
Traceback (most recent call last):
  File "/home/jupyter/work/opdi-workspace/opdi/src/opdi/reference/h3_airport_layouts.py", line 495, in process_airport
    df = hexagonify_airport(
  File "/home/jupyter/work/opdi-workspace/opdi/src/opdi/reference/h3_airport_layouts.py", line 304, in hexagonify_airport
    raise ValueError(f"No data returned for {apt_icao}")
ValueError: No data returned for HECP

Processing HECW...
Failed to process HECW. Error: No data returned for HECW
Traceback (most recent call last):
  File "/home/jupyter/work/opdi-workspace/opdi/src/opdi/reference/h3_airport_layouts.py", line 495, in process_airport
    df = hexagonify_airport(
  File "/home/jupyter/work/opdi-workspace/opdi/src/opdi/reference/h3_airport_layouts.py", line 304, in hexagonify_airport
    raise ValueError(f"No data returned for {apt_icao}")
ValueError: No data returned for HECW

Processing HEGN...
Failed to process HEGN. Error: No data returned for HEGN
Traceback (most recent call last):
  File "/home/jupyter/work/opdi-workspace/opdi/src/opdi/reference/h3_airport_layouts.py", line 495, in process_airport
    df = hexagonify_airport(
  File "/home/jupyter/work/opdi-workspace/opdi/src/opdi/reference/h3_airport_layouts.py", line 304, in hexagonify_airport
    raise ValueError(f"No data returned for {apt_icao}")
ValueError: No data returned for HEGN

Processing HEGR...
Failed to process HEGR. Error: No data returned for HEGR
Traceback (most recent call last):
  File "/home/jupyter/work/opdi-workspace/opdi/src/opdi/reference/h3_airport_layouts.py", line 495, in process_airport
    df = hexagonify_airport(
  File "/home/jupyter/work/opdi-workspace/opdi/src/opdi/reference/h3_airport_layouts.py", line 304, in hexagonify_airport
    raise ValueError(f"No data returned for {apt_icao}")
ValueError: No data returned for HEGR

Processing HEGS...
Failed to process HEGS. Error: No data returned for HEGS
Traceback (most recent call last):
  File "/home/jupyter/work/opdi-workspace/opdi/src/opdi/reference/h3_airport_layouts.py", line 495, in process_airport
    df = hexagonify_airport(
  File "/home/jupyter/work/opdi-workspace/opdi/src/opdi/reference/h3_airport_layouts.py", line 304, in hexagonify_airport
    raise ValueError(f"No data returned for {apt_icao}")
ValueError: No data returned for HEGS

Processing HEIS...
Failed to process HEIS. Error: No data returned for HEIS
Traceback (most recent call last):
  File "/home/jupyter/work/opdi-workspace/opdi/src/opdi/reference/h3_airport_layouts.py", line 495, in process_airport
    df = hexagonify_airport(
  File "/home/jupyter/work/opdi-workspace/opdi/src/opdi/reference/h3_airport_layouts.py", line 304, in hexagonify_airport
    raise ValueError(f"No data returned for {apt_icao}")
ValueError: No data returned for HEIS

Processing HELX...
Failed to process HELX. Error: No data returned for HELX
Traceback (most recent call last):
  File "/home/jupyter/work/opdi-workspace/opdi/src/opdi/reference/h3_airport_layouts.py", line 495, in process_airport
    df = hexagonify_airport(
  File "/home/jupyter/work/opdi-workspace/opdi/src/opdi/reference/h3_airport_layouts.py", line 304, in hexagonify_airport
    raise ValueError(f"No data returned for {apt_icao}")
ValueError: No data returned for HELX

Processing HEMA...
Failed to process HEMA. Error: No data returned for HEMA
Traceback (most recent call last):
  File "/home/jupyter/work/opdi-workspace/opdi/src/opdi/reference/h3_airport_layouts.py", line 495, in process_airport
    df = hexagonify_airport(
  File "/home/jupyter/work/opdi-workspace/opdi/src/opdi/reference/h3_airport_layouts.py", line 304, in hexagonify_airport
    raise ValueError(f"No data returned for {apt_icao}")
ValueError: No data returned for HEMA

Processing HEMM...
Failed to process HEMM. Error: No data returned for HEMM
Traceback (most recent call last):
  File "/home/jupyter/work/opdi-workspace/opdi/src/opdi/reference/h3_airport_layouts.py", line 495, in process_airport
    df = hexagonify_airport(
  File "/home/jupyter/work/opdi-workspace/opdi/src/opdi/reference/h3_airport_layouts.py", line 304, in hexagonify_airport
    raise ValueError(f"No data returned for {apt_icao}")
ValueError: No data returned for HEMM

Processing HEPS...
Failed to process HEPS. Error: No data returned for HEPS
Traceback (most recent call last):
  File "/home/jupyter/work/opdi-workspace/opdi/src/opdi/reference/h3_airport_layouts.py", line 495, in process_airport
    df = hexagonify_airport(
  File "/home/jupyter/work/opdi-workspace/opdi/src/opdi/reference/h3_airport_layouts.py", line 304, in hexagonify_airport
    raise ValueError(f"No data returned for {apt_icao}")
ValueError: No data returned for HEPS

Processing HESC...
Failed to process HESC. Error: No data returned for HESC
Traceback (most recent call last):
  File "/home/jupyter/work/opdi-workspace/opdi/src/opdi/reference/h3_airport_layouts.py", line 495, in process_airport
    df = hexagonify_airport(
  File "/home/jupyter/work/opdi-workspace/opdi/src/opdi/reference/h3_airport_layouts.py", line 304, in hexagonify_airport
    raise ValueError(f"No data returned for {apt_icao}")
ValueError: No data returned for HESC

Processing HESG...
Failed to process HESG. Error: No data returned for HESG
Traceback (most recent call last):
  File "/home/jupyter/work/opdi-workspace/opdi/src/opdi/reference/h3_airport_layouts.py", line 495, in process_airport
    df = hexagonify_airport(
  File "/home/jupyter/work/opdi-workspace/opdi/src/opdi/reference/h3_airport_layouts.py", line 304, in hexagonify_airport
    raise ValueError(f"No data returned for {apt_icao}")
ValueError: No data returned for HESG

Processing HESH...
Failed to process HESH. Error: No data returned for HESH
Traceback (most recent call last):
  File "/home/jupyter/work/opdi-workspace/opdi/src/opdi/reference/h3_airport_layouts.py", line 495, in process_airport
    df = hexagonify_airport(
  File "/home/jupyter/work/opdi-workspace/opdi/src/opdi/reference/h3_airport_layouts.py", line 304, in hexagonify_airport
    raise ValueError(f"No data returned for {apt_icao}")
ValueError: No data returned for HESH

Processing HESN...
Failed to process HESN. Error: No data returned for HESN
Traceback (most recent call last):
  File "/home/jupyter/work/opdi-workspace/opdi/src/opdi/reference/h3_airport_layouts.py", line 495, in process_airport
    df = hexagonify_airport(
  File "/home/jupyter/work/opdi-workspace/opdi/src/opdi/reference/h3_airport_layouts.py", line 304, in hexagonify_airport
    raise ValueError(f"No data returned for {apt_icao}")
ValueError: No data returned for HESN

Processing HESX...
Failed to process HESX. Error: No data returned for HESX
Traceback (most recent call last):
  File "/home/jupyter/work/opdi-workspace/opdi/src/opdi/reference/h3_airport_layouts.py", line 495, in process_airport
    df = hexagonify_airport(
  File "/home/jupyter/work/opdi-workspace/opdi/src/opdi/reference/h3_airport_layouts.py", line 304, in hexagonify_airport
    raise ValueError(f"No data returned for {apt_icao}")
ValueError: No data returned for HESX

Processing HETB...
Failed to process HETB. Error: No data returned for HETB
Traceback (most recent call last):
  File "/home/jupyter/work/opdi-workspace/opdi/src/opdi/reference/h3_airport_layouts.py", line 495, in process_airport
    df = hexagonify_airport(
  File "/home/jupyter/work/opdi-workspace/opdi/src/opdi/reference/h3_airport_layouts.py", line 304, in hexagonify_airport
    raise ValueError(f"No data returned for {apt_icao}")
ValueError: No data returned for HETB

Processing HL68...
Failed to process HL68. Error: No data returned for HL68
Traceback (most recent call last):
  File "/home/jupyter/work/opdi-workspace/opdi/src/opdi/reference/h3_airport_layouts.py", line 495, in process_airport
    df = hexagonify_airport(
  File "/home/jupyter/work/opdi-workspace/opdi/src/opdi/reference/h3_airport_layouts.py", line 304, in hexagonify_airport
    raise ValueError(f"No data returned for {apt_icao}")
ValueError: No data returned for HL68

Processing HL77...
Failed to process HL77. Error: No data returned for HL77
Traceback (most recent call last):
  File "/home/jupyter/work/opdi-workspace/opdi/src/opdi/reference/h3_airport_layouts.py", line 495, in process_airport
    df = hexagonify_airport(
  File "/home/jupyter/work/opdi-workspace/opdi/src/opdi/reference/h3_airport_layouts.py", line 304, in hexagonify_airport
    raise ValueError(f"No data returned for {apt_icao}")
ValueError: No data returned for HL77

Processing HLGD...
Failed to process HLGD. Error: No data returned for HLGD
Traceback (most recent call last):
  File "/home/jupyter/work/opdi-workspace/opdi/src/opdi/reference/h3_airport_layouts.py", line 495, in process_airport
    df = hexagonify_airport(
  File "/home/jupyter/work/opdi-workspace/opdi/src/opdi/reference/h3_airport_layouts.py", line 304, in hexagonify_airport
    raise ValueError(f"No data returned for {apt_icao}")
ValueError: No data returned for HLGD

Processing HLGT...
Failed to process HLGT. Error: No data returned for HLGT
Traceback (most recent call last):
  File "/home/jupyter/work/opdi-workspace/opdi/src/opdi/reference/h3_airport_layouts.py", line 495, in process_airport
    df = hexagonify_airport(
  File "/home/jupyter/work/opdi-workspace/opdi/src/opdi/reference/h3_airport_layouts.py", line 304, in hexagonify_airport
    raise ValueError(f"No data returned for {apt_icao}")
ValueError: No data returned for HLGT

Processing HLKF...
Failed to process HLKF. Error: No data returned for HLKF
Traceback (most recent call last):
  File "/home/jupyter/work/opdi-workspace/opdi/src/opdi/reference/h3_airport_layouts.py", line 495, in process_airport
    df = hexagonify_airport(
  File "/home/jupyter/work/opdi-workspace/opdi/src/opdi/reference/h3_airport_layouts.py", line 304, in hexagonify_airport
    raise ValueError(f"No data returned for {apt_icao}")
ValueError: No data returned for HLKF

Processing HLLB...
Failed to process HLLB. Error: No data returned for HLLB
Traceback (most recent call last):
  File "/home/jupyter/work/opdi-workspace/opdi/src/opdi/reference/h3_airport_layouts.py", line 495, in process_airport
    df = hexagonify_airport(
  File "/home/jupyter/work/opdi-workspace/opdi/src/opdi/reference/h3_airport_layouts.py", line 304, in hexagonify_airport
    raise ValueError(f"No data returned for {apt_icao}")
ValueError: No data returned for HLLB

Processing HLLM...
Failed to process HLLM. Error: No data returned for HLLM
Traceback (most recent call last):
  File "/home/jupyter/work/opdi-workspace/opdi/src/opdi/reference/h3_airport_layouts.py", line 495, in process_airport
    df = hexagonify_airport(
  File "/home/jupyter/work/opdi-workspace/opdi/src/opdi/reference/h3_airport_layouts.py", line 304, in hexagonify_airport
    raise ValueError(f"No data returned for {apt_icao}")
ValueError: No data returned for HLLM

Processing HLLQ...
Failed to process HLLQ. Error: No data returned for HLLQ
Traceback (most recent call last):
  File "/home/jupyter/work/opdi-workspace/opdi/src/opdi/reference/h3_airport_layouts.py", line 495, in process_airport
    df = hexagonify_airport(
  File "/home/jupyter/work/opdi-workspace/opdi/src/opdi/reference/h3_airport_layouts.py", line 304, in hexagonify_airport
    raise ValueError(f"No data returned for {apt_icao}")
ValueError: No data returned for HLLQ

Processing HLLS...
Failed to process HLLS. Error: No data returned for HLLS
Traceback (most recent call last):
  File "/home/jupyter/work/opdi-workspace/opdi/src/opdi/reference/h3_airport_layouts.py", line 495, in process_airport
    df = hexagonify_airport(
  File "/home/jupyter/work/opdi-workspace/opdi/src/opdi/reference/h3_airport_layouts.py", line 304, in hexagonify_airport
    raise ValueError(f"No data returned for {apt_icao}")
ValueError: No data returned for HLLS

Processing HLMB...
Failed to process HLMB. Error: No data returned for HLMB
Traceback (most recent call last):
  File "/home/jupyter/work/opdi-workspace/opdi/src/opdi/reference/h3_airport_layouts.py", line 495, in process_airport
    df = hexagonify_airport(
  File "/home/jupyter/work/opdi-workspace/opdi/src/opdi/reference/h3_airport_layouts.py", line 304, in hexagonify_airport
    raise ValueError(f"No data returned for {apt_icao}")
ValueError: No data returned for HLMB

Processing HLTD...
Failed to process HLTD. Error: No data returned for HLTD
Traceback (most recent call last):
  File "/home/jupyter/work/opdi-workspace/opdi/src/opdi/reference/h3_airport_layouts.py", line 495, in process_airport
    df = hexagonify_airport(
  File "/home/jupyter/work/opdi-workspace/opdi/src/opdi/reference/h3_airport_layouts.py", line 304, in hexagonify_airport
    raise ValueError(f"No data returned for {apt_icao}")
ValueError: No data returned for HLTD

Processing HR-0034...
Airport HR-0034 is already processed - Skipping...
Processing HU-0002...
Failed to process HU-0002. Error: No data returned for HU-0002
Traceback (most recent call last):
  File "/home/jupyter/work/opdi-workspace/opdi/src/opdi/reference/h3_airport_layouts.py", line 495, in process_airport
    df = hexagonify_airport(
  File "/home/jupyter/work/opdi-workspace/opdi/src/opdi/reference/h3_airport_layouts.py", line 304, in hexagonify_airport
    raise ValueError(f"No data returned for {apt_icao}")
ValueError: No data returned for HU-0002

Processing IQ-0016...
Failed to process IQ-0016. Error: No data returned for IQ-0016
Traceback (most recent call last):
  File "/home/jupyter/work/opdi-workspace/opdi/src/opdi/reference/h3_airport_layouts.py", line 495, in process_airport
    df = hexagonify_airport(
  File "/home/jupyter/work/opdi-workspace/opdi/src/opdi/reference/h3_airport_layouts.py", line 304, in hexagonify_airport
    raise ValueError(f"No data returned for {apt_icao}")
ValueError: No data returned for IQ-0016

Processing IQ-0017...
Failed to process IQ-0017. Error: No data returned for IQ-0017
Traceback (most recent call last):
  File "/home/jupyter/work/opdi-workspace/opdi/src/opdi/reference/h3_airport_layouts.py", line 495, in process_airport
    df = hexagonify_airport(
  File "/home/jupyter/work/opdi-workspace/opdi/src/opdi/reference/h3_airport_layouts.py", line 304, in hexagonify_airport
    raise ValueError(f"No data returned for {apt_icao}")
ValueError: No data returned for IQ-0017

Processing IQ-0018...
Failed to process IQ-0018. Error: No data returned for IQ-0018
Traceback (most recent call last):
  File "/home/jupyter/work/opdi-workspace/opdi/src/opdi/reference/h3_airport_layouts.py", line 495, in process_airport
    df = hexagonify_airport(
  File "/home/jupyter/work/opdi-workspace/opdi/src/opdi/reference/h3_airport_layouts.py", line 304, in hexagonify_airport
    raise ValueError(f"No data returned for {apt_icao}")
ValueError: No data returned for IQ-0018

Processing IQ-0020...
Failed to process IQ-0020. Error: No data returned for IQ-0020
Traceback (most recent call last):
  File "/home/jupyter/work/opdi-workspace/opdi/src/opdi/reference/h3_airport_layouts.py", line 495, in process_airport
    df = hexagonify_airport(
  File "/home/jupyter/work/opdi-workspace/opdi/src/opdi/reference/h3_airport_layouts.py", line 304, in hexagonify_airport
    raise ValueError(f"No data returned for {apt_icao}")
ValueError: No data returned for IQ-0020

Processing IQ-0021...
Failed to process IQ-0021. Error: No data returned for IQ-0021
Traceback (most recent call last):
  File "/home/jupyter/work/opdi-workspace/opdi/src/opdi/reference/h3_airport_layouts.py", line 495, in process_airport
    df = hexagonify_airport(
  File "/home/jupyter/work/opdi-workspace/opdi/src/opdi/reference/h3_airport_layouts.py", line 304, in hexagonify_airport
    raise ValueError(f"No data returned for {apt_icao}")
ValueError: No data returned for IQ-0021

Processing IQ-0024...
Failed to process IQ-0024. Error: No data returned for IQ-0024
Traceback (most recent call last):
  File "/home/jupyter/work/opdi-workspace/opdi/src/opdi/reference/h3_airport_layouts.py", line 495, in process_airport
    df = hexagonify_airport(
  File "/home/jupyter/work/opdi-workspace/opdi/src/opdi/reference/h3_airport_layouts.py", line 304, in hexagonify_airport
    raise ValueError(f"No data returned for {apt_icao}")
ValueError: No data returned for IQ-0024

Processing IQ-0030...
Failed to process IQ-0030. Error: No data returned for IQ-0030
Traceback (most recent call last):
  File "/home/jupyter/work/opdi-workspace/opdi/src/opdi/reference/h3_airport_layouts.py", line 495, in process_airport
    df = hexagonify_airport(
  File "/home/jupyter/work/opdi-workspace/opdi/src/opdi/reference/h3_airport_layouts.py", line 304, in hexagonify_airport
    raise ValueError(f"No data returned for {apt_icao}")
ValueError: No data returned for IQ-0030

Processing IQ-0034...
Failed to process IQ-0034. Error: No data returned for IQ-0034
Traceback (most recent call last):
  File "/home/jupyter/work/opdi-workspace/opdi/src/opdi/reference/h3_airport_layouts.py", line 495, in process_airport
    df = hexagonify_airport(
  File "/home/jupyter/work/opdi-workspace/opdi/src/opdi/reference/h3_airport_layouts.py", line 304, in hexagonify_airport
    raise ValueError(f"No data returned for {apt_icao}")
ValueError: No data returned for IQ-0034

Processing IQ-0039...
Failed to process IQ-0039. Error: No data returned for IQ-0039
Traceback (most recent call last):
  File "/home/jupyter/work/opdi-workspace/opdi/src/opdi/reference/h3_airport_layouts.py", line 495, in process_airport
    df = hexagonify_airport(
  File "/home/jupyter/work/opdi-workspace/opdi/src/opdi/reference/h3_airport_layouts.py", line 304, in hexagonify_airport
    raise ValueError(f"No data returned for {apt_icao}")
ValueError: No data returned for IQ-0039

Processing IQ-0040...
Failed to process IQ-0040. Error: No data returned for IQ-0040
Traceback (most recent call last):
  File "/home/jupyter/work/opdi-workspace/opdi/src/opdi/reference/h3_airport_layouts.py", line 495, in process_airport
    df = hexagonify_airport(
  File "/home/jupyter/work/opdi-workspace/opdi/src/opdi/reference/h3_airport_layouts.py", line 304, in hexagonify_airport
    raise ValueError(f"No data returned for {apt_icao}")
ValueError: No data returned for IQ-0040

Processing IQ-0042...
Failed to process IQ-0042. Error: No data returned for IQ-0042
Traceback (most recent call last):
  File "/home/jupyter/work/opdi-workspace/opdi/src/opdi/reference/h3_airport_layouts.py", line 495, in process_airport
    df = hexagonify_airport(
  File "/home/jupyter/work/opdi-workspace/opdi/src/opdi/reference/h3_airport_layouts.py", line 304, in hexagonify_airport
    raise ValueError(f"No data returned for {apt_icao}")
ValueError: No data returned for IQ-0042

Processing IQ-0045...
Failed to process IQ-0045. Error: No data returned for IQ-0045
Traceback (most recent call last):
  File "/home/jupyter/work/opdi-workspace/opdi/src/opdi/reference/h3_airport_layouts.py", line 495, in process_airport
    df = hexagonify_airport(
  File "/home/jupyter/work/opdi-workspace/opdi/src/opdi/reference/h3_airport_layouts.py", line 304, in hexagonify_airport
    raise ValueError(f"No data returned for {apt_icao}")
ValueError: No data returned for IQ-0045

Processing IQ-0051...
Failed to process IQ-0051. Error: No data returned for IQ-0051
Traceback (most recent call last):
  File "/home/jupyter/work/opdi-workspace/opdi/src/opdi/reference/h3_airport_layouts.py", line 495, in process_airport
    df = hexagonify_airport(
  File "/home/jupyter/work/opdi-workspace/opdi/src/opdi/reference/h3_airport_layouts.py", line 304, in hexagonify_airport
    raise ValueError(f"No data returned for {apt_icao}")
ValueError: No data returned for IQ-0051

Processing IQ-0054...
Failed to process IQ-0054. Error: No data returned for IQ-0054
Traceback (most recent call last):
  File "/home/jupyter/work/opdi-workspace/opdi/src/opdi/reference/h3_airport_layouts.py", line 495, in process_airport
    df = hexagonify_airport(
  File "/home/jupyter/work/opdi-workspace/opdi/src/opdi/reference/h3_airport_layouts.py", line 304, in hexagonify_airport
    raise ValueError(f"No data returned for {apt_icao}")
ValueError: No data returned for IQ-0054

Processing JO-0002...
Failed to process JO-0002. Error: No data returned for JO-0002
Traceback (most recent call last):
  File "/home/jupyter/work/opdi-workspace/opdi/src/opdi/reference/h3_airport_layouts.py", line 495, in process_airport
    df = hexagonify_airport(
  File "/home/jupyter/work/opdi-workspace/opdi/src/opdi/reference/h3_airport_layouts.py", line 304, in hexagonify_airport
    raise ValueError(f"No data returned for {apt_icao}")
ValueError: No data returned for JO-0002

Processing LAKU...
Airport LAKU is already processed - Skipping...
Processing LAKV...
Airport LAKV is already processed - Skipping...
Processing LATI...
Airport LATI is already processed - Skipping...
Processing LBBG...
Airport LBBG is already processed - Skipping...
Processing LBGO...
Airport LBGO is already processed - Skipping...
Processing LBPD...
Airport LBPD is already processed - Skipping...
Processing LBPG...
Airport LBPG is already processed - Skipping...
Processing LBPL...
Airport LBPL is already processed - Skipping...
Processing LBSF...
Airport LBSF is already processed - Skipping...
Processing LBWB...
Airport LBWB is already processed - Skipping...
Processing LBWN...
Airport LBWN is already processed - Skipping...
Processing LCEN...
Airport LCEN is already processed - Skipping...
Processing LCGK...
Airport LCGK is already processed - Skipping...
Processing LCLK...
Airport LCLK is already processed - Skipping...
Processing LCPH...
Airport LCPH is already processed - Skipping...
Processing LCRA...
Airport LCRA is already processed - Skipping...
Processing LDDU...
Airport LDDU is already processed - Skipping...
Processing LDOS...
Airport LDOS is already processed - Skipping...
Processing LDPL...
Airport LDPL is already processed - Skipping...
Processing LDRI...
Airport LDRI is already processed - Skipping...
Processing LDSB...
Airport LDSB is already processed - Skipping...
Processing LDSP...
Airport LDSP is already processed - Skipping...
Processing LDZA...
Airport LDZA is already processed - Skipping...
Processing LDZD...
Airport LDZD is already processed - Skipping...
Processing LEAB...
Airport LEAB is already processed - Skipping...
Processing LEAL...
Airport LEAL is already processed - Skipping...
Processing LEAM...
Airport LEAM is already processed - Skipping...
Processing LEAS...
Airport LEAS is already processed - Skipping...
Processing LEBA...
Airport LEBA is already processed - Skipping...
Processing LEBB...
Airport LEBB is already processed - Skipping...
Processing LEBG...
Airport LEBG is already processed - Skipping...
Processing LEBL...
Airport LEBL is already processed - Skipping...
Processing LEBZ...
Airport LEBZ is already processed - Skipping...
Processing LECH...
Airport LECH is already processed - Skipping...
Processing LECO...
Airport LECO is already processed - Skipping...
Processing LECU...
Airport LECU is already processed - Skipping...
Processing LEDA...
Airport LEDA is already processed - Skipping...
Processing LEGA...
Airport LEGA is already processed - Skipping...
Processing LEGE...
Airport LEGE is already processed - Skipping...
Processing LEGR...
Airport LEGR is already processed - Skipping...
Processing LEGT...
Airport LEGT is already processed - Skipping...
Processing LEIB...
Airport LEIB is already processed - Skipping...
Processing LEJR...
Airport LEJR is already processed - Skipping...
Processing LELC...
Airport LELC is already processed - Skipping...
Processing LELN...
Airport LELN is already processed - Skipping...
Processing LELO...
Airport LELO is already processed - Skipping...
Processing LEMD...
Airport LEMD is already processed - Skipping...
Processing LEMG...
Airport LEMG is already processed - Skipping...
Processing LEMH...
Airport LEMH is already processed - Skipping...
Processing LEMI...
Airport LEMI is already processed - Skipping...
Processing LEMO...
Airport LEMO is already processed - Skipping...
Processing LEPA...
Airport LEPA is already processed - Skipping...
Processing LEPP...
Airport LEPP is already processed - Skipping...
Processing LERI...
Airport LERI is already processed - Skipping...
Processing LERL...
Airport LERL is already processed - Skipping...
Processing LERS...
Airport LERS is already processed - Skipping...
Processing LERT...
Airport LERT is already processed - Skipping...
Processing LESA...
Airport LESA is already processed - Skipping...
Processing LESO...
Airport LESO is already processed - Skipping...
Processing LEST...
Airport LEST is already processed - Skipping...
Processing LESU...
Airport LESU is already processed - Skipping...
Processing LETL...
Airport LETL is already processed - Skipping...
Processing LETO...
Airport LETO is already processed - Skipping...
Processing LEVC...
Airport LEVC is already processed - Skipping...
Processing LEVD...
Airport LEVD is already processed - Skipping...
Processing LEVT...
Airport LEVT is already processed - Skipping...
Processing LEVX...
Airport LEVX is already processed - Skipping...
Processing LEXJ...
Airport LEXJ is already processed - Skipping...
Processing LEZG...
Airport LEZG is already processed - Skipping...
Processing LEZL...
Airport LEZL is already processed - Skipping...
Processing LFAC...
Airport LFAC is already processed - Skipping...
Processing LFAG...
Airport LFAG is already processed - Skipping...
Processing LFAT...
Airport LFAT is already processed - Skipping...
Processing LFAV...
Airport LFAV is already processed - Skipping...
Processing LFAY...
Airport LFAY is already processed - Skipping...
Processing LFBA...
Airport LFBA is already processed - Skipping...
Processing LFBC...
Airport LFBC is already processed - Skipping...
Processing LFBD...
Airport LFBD is already processed - Skipping...
Processing LFBE...
Airport LFBE is already processed - Skipping...
Processing LFBF...
Airport LFBF is already processed - Skipping...
Processing LFBG...
Airport LFBG is already processed - Skipping...
Processing LFBH...
Airport LFBH is already processed - Skipping...
Processing LFBI...
Airport LFBI is already processed - Skipping...
Processing LFBK...
Airport LFBK is already processed - Skipping...
Processing LFBL...
Airport LFBL is already processed - Skipping...
Processing LFBM...
Airport LFBM is already processed - Skipping...
Processing LFBN...
Airport LFBN is already processed - Skipping...
Processing LFBO...
Airport LFBO is already processed - Skipping...
Processing LFBP...
Airport LFBP is already processed - Skipping...
Processing LFBT...
Airport LFBT is already processed - Skipping...
Processing LFBU...
Airport LFBU is already processed - Skipping...
Processing LFBX...
Airport LFBX is already processed - Skipping...
Processing LFBZ...
Airport LFBZ is already processed - Skipping...
Processing LFCC...
Airport LFCC is already processed - Skipping...
Processing LFCG...
Airport LFCG is already processed - Skipping...
Processing LFCH...
Airport LFCH is already processed - Skipping...
Processing LFCI...
Airport LFCI is already processed - Skipping...
Processing LFCK...
Airport LFCK is already processed - Skipping...
Processing LFCR...
Airport LFCR is already processed - Skipping...
Processing LFCY...
Airport LFCY is already processed - Skipping...
Processing LFDH...
Airport LFDH is already processed - Skipping...
Processing LFDN...
Airport LFDN is already processed - Skipping...
Processing LFGA...
Airport LFGA is already processed - Skipping...
Processing LFGJ...
Airport LFGJ is already processed - Skipping...
Processing LFGW...
Airport LFGW is already processed - Skipping...
Processing LFHO...
Airport LFHO is already processed - Skipping...
Processing LFJL...
Airport LFJL is already processed - Skipping...
Processing LFJR...
Airport LFJR is already processed - Skipping...
Processing LFKB...
Airport LFKB is already processed - Skipping...
Processing LFKC...
Airport LFKC is already processed - Skipping...
Processing LFKF...
Airport LFKF is already processed - Skipping...
Processing LFKJ...
Airport LFKJ is already processed - Skipping...
Processing LFKS...
Airport LFKS is already processed - Skipping...
Processing LFLA...
Airport LFLA is already processed - Skipping...
Processing LFLB...
Airport LFLB is already processed - Skipping...
Processing LFLC...
Airport LFLC is already processed - Skipping...
Processing LFLD...
Airport LFLD is already processed - Skipping...
Processing LFLI...
Airport LFLI is already processed - Skipping...
Processing LFLL...
Airport LFLL is already processed - Skipping...
Processing LFLM...
Airport LFLM is already processed - Skipping...
Processing LFLN...
Airport LFLN is already processed - Skipping...
Processing LFLO...
Airport LFLO is already processed - Skipping...
Processing LFLP...
Airport LFLP is already processed - Skipping...
Processing LFLS...
Airport LFLS is already processed - Skipping...
Processing LFLU...
Airport LFLU is already processed - Skipping...
Processing LFLV...
Airport LFLV is already processed - Skipping...
Processing LFLW...
Airport LFLW is already processed - Skipping...
Processing LFLX...
Airport LFLX is already processed - Skipping...
Processing LFLY...
Airport LFLY is already processed - Skipping...
Processing LFMC...
Airport LFMC is already processed - Skipping...
Processing LFMD...
Airport LFMD is already processed - Skipping...
Processing LFMH...
Airport LFMH is already processed - Skipping...
Processing LFMI...
Airport LFMI is already processed - Skipping...
Processing LFMK...
Airport LFMK is already processed - Skipping...
Processing LFML...
Airport LFML is already processed - Skipping...
Processing LFMN...
Airport LFMN is already processed - Skipping...
Processing LFMO...
Airport LFMO is already processed - Skipping...
Processing LFMP...
Airport LFMP is already processed - Skipping...
Processing LFMQ...
Airport LFMQ is already processed - Skipping...
Processing LFMS...
Airport LFMS is already processed - Skipping...
Processing LFMT...
Airport LFMT is already processed - Skipping...
Processing LFMU...
Airport LFMU is already processed - Skipping...
Processing LFMV...
Airport LFMV is already processed - Skipping...
Processing LFMY...
Airport LFMY is already processed - Skipping...
Processing LFNB...
Airport LFNB is already processed - Skipping...
Processing LFOA...
Airport LFOA is already processed - Skipping...
Processing LFOB...
Airport LFOB is already processed - Skipping...
Processing LFOC...
Airport LFOC is already processed - Skipping...
Processing LFOE...
Airport LFOE is already processed - Skipping...
Processing LFOH...
Airport LFOH is already processed - Skipping...
Processing LFOI...
Airport LFOI is already processed - Skipping...
Processing LFOJ...
Airport LFOJ is already processed - Skipping...
Processing LFOK...
Airport LFOK is already processed - Skipping...
Processing LFOP...
Airport LFOP is already processed - Skipping...
Processing LFOT...
Airport LFOT is already processed - Skipping...
Processing LFOV...
Airport LFOV is already processed - Skipping...
Processing LFPB...
Airport LFPB is already processed - Skipping...
Processing LFPC...
Airport LFPC is already processed - Skipping...
Processing LFPG...
Airport LFPG is already processed - Skipping...
Processing LFPM...
Airport LFPM is already processed - Skipping...
Processing LFPN...
Airport LFPN is already processed - Skipping...
Processing LFPO...
Airport LFPO is already processed - Skipping...
Processing LFPT...
Airport LFPT is already processed - Skipping...
Processing LFPV...
Airport LFPV is already processed - Skipping...
Processing LFQB...
Airport LFQB is already processed - Skipping...
Processing LFQE...
Airport LFQE is already processed - Skipping...
Processing LFQG...
Airport LFQG is already processed - Skipping...
Processing LFQP...
Airport LFQP is already processed - Skipping...
Processing LFQQ...
Airport LFQQ is already processed - Skipping...
Processing LFQT...
Airport LFQT is already processed - Skipping...
Processing LFQV...
Airport LFQV is already processed - Skipping...
Processing LFQW...
Airport LFQW is already processed - Skipping...
Processing LFRB...
Airport LFRB is already processed - Skipping...
Processing LFRC...
Airport LFRC is already processed - Skipping...
Processing LFRD...
Airport LFRD is already processed - Skipping...
Processing LFRE...
Airport LFRE is already processed - Skipping...
Processing LFRF...
Airport LFRF is already processed - Skipping...
Processing LFRG...
Airport LFRG is already processed - Skipping...
Processing LFRH...
Airport LFRH is already processed - Skipping...
Processing LFRI...
Airport LFRI is already processed - Skipping...
Processing LFRJ...
Airport LFRJ is already processed - Skipping...
Processing LFRK...
Airport LFRK is already processed - Skipping...
Processing LFRL...
Airport LFRL is already processed - Skipping...
Processing LFRM...
Airport LFRM is already processed - Skipping...
Processing LFRN...
Airport LFRN is already processed - Skipping...
Processing LFRO...
Airport LFRO is already processed - Skipping...
Processing LFRQ...
Airport LFRQ is already processed - Skipping...
Processing LFRS...
Airport LFRS is already processed - Skipping...
Processing LFRT...
Airport LFRT is already processed - Skipping...
Processing LFRU...
Airport LFRU is already processed - Skipping...
Processing LFRV...
Airport LFRV is already processed - Skipping...
Processing LFRZ...
Airport LFRZ is already processed - Skipping...
Processing LFSB...
Airport LFSB is already processed - Skipping...
Processing LFSD...
Airport LFSD is already processed - Skipping...
Processing LFSG...
Airport LFSG is already processed - Skipping...
Processing LFSI...
Airport LFSI is already processed - Skipping...
Processing LFSL...
Airport LFSL is already processed - Skipping...
Processing LFSM...
Airport LFSM is already processed - Skipping...
Processing LFSN...
Airport LFSN is already processed - Skipping...
Processing LFSO...
Airport LFSO is already processed - Skipping...
Processing LFST...
Airport LFST is already processed - Skipping...
Processing LFSX...
Airport LFSX is already processed - Skipping...
Processing LFTH...
Airport LFTH is already processed - Skipping...
Processing LFTW...
Airport LFTW is already processed - Skipping...
Processing LFXA...
Airport LFXA is already processed - Skipping...
Processing LGAD...
Airport LGAD is already processed - Skipping...
Processing LGAL...
Airport LGAL is already processed - Skipping...
Processing LGAV...
Airport LGAV is already processed - Skipping...
Processing LGBL...
Airport LGBL is already processed - Skipping...
Processing LGEL...
Airport LGEL is already processed - Skipping...
Processing LGHI...
Airport LGHI is already processed - Skipping...
Processing LGIO...
Airport LGIO is already processed - Skipping...
Processing LGIR...
Airport LGIR is already processed - Skipping...
Processing LGKF...
Airport LGKF is already processed - Skipping...
Processing LGKL...
Airport LGKL is already processed - Skipping...
Processing LGKO...
Airport LGKO is already processed - Skipping...
Processing LGKP...
Airport LGKP is already processed - Skipping...
Processing LGKR...
Airport LGKR is already processed - Skipping...
Processing LGKV...
Airport LGKV is already processed - Skipping...
Processing LGKZ...
Airport LGKZ is already processed - Skipping...
Processing LGMK...
Airport LGMK is already processed - Skipping...
Processing LGMT...
Airport LGMT is already processed - Skipping...
Processing LGPZ...
Airport LGPZ is already processed - Skipping...
Processing LGRP...
Airport LGRP is already processed - Skipping...
Processing LGRX...
Airport LGRX is already processed - Skipping...
Processing LGSA...
Airport LGSA is already processed - Skipping...
Processing LGSK...
Airport LGSK is already processed - Skipping...
Processing LGSM...
Airport LGSM is already processed - Skipping...
Processing LGSR...
Airport LGSR is already processed - Skipping...
Processing LGST...
Airport LGST is already processed - Skipping...
Processing LGTG...
Airport LGTG is already processed - Skipping...
Processing LGTS...
Airport LGTS is already processed - Skipping...
Processing LGZA...
Airport LGZA is already processed - Skipping...
Processing LHBP...
Airport LHBP is already processed - Skipping...
Processing LHDC...
Airport LHDC is already processed - Skipping...
Processing LHKE...
Airport LHKE is already processed - Skipping...
Processing LHPP...
Airport LHPP is already processed - Skipping...
Processing LHPR...
Airport LHPR is already processed - Skipping...
Processing LHSM...
Airport LHSM is already processed - Skipping...
Processing LHSN...
Airport LHSN is already processed - Skipping...
Processing LHTA...
Airport LHTA is already processed - Skipping...
Processing LHTL...
Airport LHTL is already processed - Skipping...
Processing LIBA...
Airport LIBA is already processed - Skipping...
Processing LIBC...
Airport LIBC is already processed - Skipping...
Processing LIBD...
Airport LIBD is already processed - Skipping...
Processing LIBF...
Airport LIBF is already processed - Skipping...
Processing LIBG...
Airport LIBG is already processed - Skipping...
Processing LIBN...
Airport LIBN is already processed - Skipping...
Processing LIBP...
Airport LIBP is already processed - Skipping...
Processing LIBR...
Airport LIBR is already processed - Skipping...
Processing LIBV...
Airport LIBV is already processed - Skipping...
Processing LICA...
Airport LICA is already processed - Skipping...
Processing LICB...
Airport LICB is already processed - Skipping...
Processing LICC...
Airport LICC is already processed - Skipping...
Processing LICD...
Airport LICD is already processed - Skipping...
Processing LICG...
Airport LICG is already processed - Skipping...
Processing LICJ...
Airport LICJ is already processed - Skipping...
Processing LICP...
Airport LICP is already processed - Skipping...
Processing LICR...
Airport LICR is already processed - Skipping...
Processing LICT...
Airport LICT is already processed - Skipping...
Processing LICZ...
Airport LICZ is already processed - Skipping...
Processing LIDT...
Airport LIDT is already processed - Skipping...
Processing LIEA...
Airport LIEA is already processed - Skipping...
Processing LIED...
Airport LIED is already processed - Skipping...
Processing LIEE...
Airport LIEE is already processed - Skipping...
Processing LIEO...
Airport LIEO is already processed - Skipping...
Processing LIET...
Airport LIET is already processed - Skipping...
Processing LILE...
Airport LILE is already processed - Skipping...
Processing LILN...
Airport LILN is already processed - Skipping...
Processing LIMA...
Airport LIMA is already processed - Skipping...
Processing LIMC...
Airport LIMC is already processed - Skipping...
Processing LIME...
Airport LIME is already processed - Skipping...
Processing LIMF...
Airport LIMF is already processed - Skipping...
Processing LIMG...
Airport LIMG is already processed - Skipping...
Processing LIMJ...
Airport LIMJ is already processed - Skipping...
Processing LIML...
Airport LIML is already processed - Skipping...
Processing LIMN...
Airport LIMN is already processed - Skipping...
Processing LIMP...
Airport LIMP is already processed - Skipping...
Processing LIMR...
Airport LIMR is already processed - Skipping...
Processing LIMS...
Airport LIMS is already processed - Skipping...
Processing LIMW...
Airport LIMW is already processed - Skipping...
Processing LIMZ...
Airport LIMZ is already processed - Skipping...
Processing LIPA...
Airport LIPA is already processed - Skipping...
Processing LIPB...
Airport LIPB is already processed - Skipping...
Processing LIPC...
Airport LIPC is already processed - Skipping...
Processing LIPE...
Airport LIPE is already processed - Skipping...
Processing LIPH...
Airport LIPH is already processed - Skipping...
Processing LIPI...
Airport LIPI is already processed - Skipping...
Processing LIPK...
Airport LIPK is already processed - Skipping...
Processing LIPL...
Airport LIPL is already processed - Skipping...
Processing LIPO...
Airport LIPO is already processed - Skipping...
Processing LIPQ...
Airport LIPQ is already processed - Skipping...
Processing LIPR...
Airport LIPR is already processed - Skipping...
Processing LIPS...
Airport LIPS is already processed - Skipping...
Processing LIPU...
Airport LIPU is already processed - Skipping...
Processing LIPX...
Airport LIPX is already processed - Skipping...
Processing LIPY...
Airport LIPY is already processed - Skipping...
Processing LIPZ...
Airport LIPZ is already processed - Skipping...
Processing LIQS...
Airport LIQS is already processed - Skipping...
Processing LIQW...
Airport LIQW is already processed - Skipping...
Processing LIRA...
Airport LIRA is already processed - Skipping...
Processing LIRE...
Airport LIRE is already processed - Skipping...
Processing LIRF...
Airport LIRF is already processed - Skipping...
Processing LIRG...
Airport LIRG is already processed - Skipping...
Processing LIRI...
Airport LIRI is already processed - Skipping...
Processing LIRJ...
Airport LIRJ is already processed - Skipping...
Processing LIRL...
Airport LIRL is already processed - Skipping...
Processing LIRM...
Airport LIRM is already processed - Skipping...
Processing LIRN...
Airport LIRN is already processed - Skipping...
Processing LIRP...
Airport LIRP is already processed - Skipping...
Processing LIRQ...
Airport LIRQ is already processed - Skipping...
Processing LIRS...
Airport LIRS is already processed - Skipping...
Processing LIRU...
Airport LIRU is already processed - Skipping...
Processing LIRV...
Airport LIRV is already processed - Skipping...
Processing LIRZ...
Airport LIRZ is already processed - Skipping...
Processing LJCE...
Airport LJCE is already processed - Skipping...
Processing LJLJ...
Airport LJLJ is already processed - Skipping...
Processing LJMB...
Airport LJMB is already processed - Skipping...
Processing LJPZ...
Airport LJPZ is already processed - Skipping...
Processing LKCS...
Airport LKCS is already processed - Skipping...
Processing LKCV...
Airport LKCV is already processed - Skipping...
Processing LKKB...
Airport LKKB is already processed - Skipping...
Processing LKKU...
Airport LKKU is already processed - Skipping...
Processing LKKV...
Airport LKKV is already processed - Skipping...
Processing LKLN...
Airport LKLN is already processed - Skipping...
Processing LKMT...
Airport LKMT is already processed - Skipping...
Processing LKNA...
Airport LKNA is already processed - Skipping...
Processing LKPD...
Airport LKPD is already processed - Skipping...
Processing LKPO...
Airport LKPO is already processed - Skipping...
Processing LKPR...
Airport LKPR is already processed - Skipping...
Processing LKTB...
Airport LKTB is already processed - Skipping...
Processing LKVO...
Airport LKVO is already processed - Skipping...
Processing LLBG...
Failed to process LLBG. Error: No data returned for LLBG
Traceback (most recent call last):
  File "/home/jupyter/work/opdi-workspace/opdi/src/opdi/reference/h3_airport_layouts.py", line 495, in process_airport
    df = hexagonify_airport(
  File "/home/jupyter/work/opdi-workspace/opdi/src/opdi/reference/h3_airport_layouts.py", line 304, in hexagonify_airport
    raise ValueError(f"No data returned for {apt_icao}")
ValueError: No data returned for LLBG

Processing LLEK...
Failed to process LLEK. Error: No data returned for LLEK
Traceback (most recent call last):
  File "/home/jupyter/work/opdi-workspace/opdi/src/opdi/reference/h3_airport_layouts.py", line 495, in process_airport
    df = hexagonify_airport(
  File "/home/jupyter/work/opdi-workspace/opdi/src/opdi/reference/h3_airport_layouts.py", line 304, in hexagonify_airport
    raise ValueError(f"No data returned for {apt_icao}")
ValueError: No data returned for LLEK

Processing LLER...
Failed to process LLER. Error: No data returned for LLER
Traceback (most recent call last):
  File "/home/jupyter/work/opdi-workspace/opdi/src/opdi/reference/h3_airport_layouts.py", line 495, in process_airport
    df = hexagonify_airport(
  File "/home/jupyter/work/opdi-workspace/opdi/src/opdi/reference/h3_airport_layouts.py", line 304, in hexagonify_airport
    raise ValueError(f"No data returned for {apt_icao}")
ValueError: No data returned for LLER

Processing LLHA...
Failed to process LLHA. Error: No data returned for LLHA
Traceback (most recent call last):
  File "/home/jupyter/work/opdi-workspace/opdi/src/opdi/reference/h3_airport_layouts.py", line 495, in process_airport
    df = hexagonify_airport(
  File "/home/jupyter/work/opdi-workspace/opdi/src/opdi/reference/h3_airport_layouts.py", line 304, in hexagonify_airport
    raise ValueError(f"No data returned for {apt_icao}")
ValueError: No data returned for LLHA

Processing LLIB...
Failed to process LLIB. Error: No data returned for LLIB
Traceback (most recent call last):
  File "/home/jupyter/work/opdi-workspace/opdi/src/opdi/reference/h3_airport_layouts.py", line 495, in process_airport
    df = hexagonify_airport(
  File "/home/jupyter/work/opdi-workspace/opdi/src/opdi/reference/h3_airport_layouts.py", line 304, in hexagonify_airport
    raise ValueError(f"No data returned for {apt_icao}")
ValueError: No data returned for LLIB

Processing LLMZ...
Failed to process LLMZ. Error: No data returned for LLMZ
Traceback (most recent call last):
  File "/home/jupyter/work/opdi-workspace/opdi/src/opdi/reference/h3_airport_layouts.py", line 495, in process_airport
    df = hexagonify_airport(
  File "/home/jupyter/work/opdi-workspace/opdi/src/opdi/reference/h3_airport_layouts.py", line 304, in hexagonify_airport
    raise ValueError(f"No data returned for {apt_icao}")
ValueError: No data returned for LLMZ

Processing LLNV...
Failed to process LLNV. Error: No data returned for LLNV
Traceback (most recent call last):
  File "/home/jupyter/work/opdi-workspace/opdi/src/opdi/reference/h3_airport_layouts.py", line 495, in process_airport
    df = hexagonify_airport(
  File "/home/jupyter/work/opdi-workspace/opdi/src/opdi/reference/h3_airport_layouts.py", line 304, in hexagonify_airport
    raise ValueError(f"No data returned for {apt_icao}")
ValueError: No data returned for LLNV

Processing LLRD...
Failed to process LLRD. Error: No data returned for LLRD
Traceback (most recent call last):
  File "/home/jupyter/work/opdi-workspace/opdi/src/opdi/reference/h3_airport_layouts.py", line 495, in process_airport
    df = hexagonify_airport(
  File "/home/jupyter/work/opdi-workspace/opdi/src/opdi/reference/h3_airport_layouts.py", line 304, in hexagonify_airport
    raise ValueError(f"No data returned for {apt_icao}")
ValueError: No data returned for LLRD

Processing LLRM...
Failed to process LLRM. Error: No data returned for LLRM
Traceback (most recent call last):
  File "/home/jupyter/work/opdi-workspace/opdi/src/opdi/reference/h3_airport_layouts.py", line 495, in process_airport
    df = hexagonify_airport(
  File "/home/jupyter/work/opdi-workspace/opdi/src/opdi/reference/h3_airport_layouts.py", line 304, in hexagonify_airport
    raise ValueError(f"No data returned for {apt_icao}")
ValueError: No data returned for LLRM

Processing LMML...
Airport LMML is already processed - Skipping...
Processing LOAN...
Airport LOAN is already processed - Skipping...
Processing LOWG...
Airport LOWG is already processed - Skipping...
Processing LOWI...
Airport LOWI is already processed - Skipping...
Processing LOWK...
Airport LOWK is already processed - Skipping...
Processing LOWL...
Airport LOWL is already processed - Skipping...
Processing LOWS...
Airport LOWS is already processed - Skipping...
Processing LOWW...
Airport LOWW is already processed - Skipping...
Processing LOXN...
Airport LOXN is already processed - Skipping...
Processing LOXZ...
Airport LOXZ is already processed - Skipping...
Processing LPAR...
Airport LPAR is already processed - Skipping...
Processing LPAZ...
Airport LPAZ is already processed - Skipping...
Processing LPBG...
Airport LPBG is already processed - Skipping...
Processing LPBJ...
Airport LPBJ is already processed - Skipping...
Processing LPBR...
Airport LPBR is already processed - Skipping...
Processing LPCB...
Airport LPCB is already processed - Skipping...
Processing LPCO...
Airport LPCO is already processed - Skipping...
Processing LPCS...
Airport LPCS is already processed - Skipping...
Processing LPEV...
Airport LPEV is already processed - Skipping...
Processing LPFR...
Airport LPFR is already processed - Skipping...
Processing LPGR...
Airport LPGR is already processed - Skipping...
Processing LPHR...
Airport LPHR is already processed - Skipping...
Processing LPLA...
Airport LPLA is already processed - Skipping...
Processing LPMA...
Airport LPMA is already processed - Skipping...
Processing LPMR...
Airport LPMR is already processed - Skipping...
Processing LPMT...
Airport LPMT is already processed - Skipping...
Processing LPOV...
Airport LPOV is already processed - Skipping...
Processing LPPD...
Airport LPPD is already processed - Skipping...
Processing LPPI...
Airport LPPI is already processed - Skipping...
Processing LPPM...
Airport LPPM is already processed - Skipping...
Processing LPPR...
Airport LPPR is already processed - Skipping...
Processing LPPS...
Airport LPPS is already processed - Skipping...
Processing LPPT...
Airport LPPT is already processed - Skipping...
Processing LPSJ...
Airport LPSJ is already processed - Skipping...
Processing LPSO...
Airport LPSO is already processed - Skipping...
Processing LPST...
Airport LPST is already processed - Skipping...
Processing LPTN...
Airport LPTN is already processed - Skipping...
Processing LPVL...
Airport LPVL is already processed - Skipping...
Processing LPVR...
Airport LPVR is already processed - Skipping...
Processing LPVZ...
Airport LPVZ is already processed - Skipping...
Processing LQBK...
Airport LQBK is already processed - Skipping...
Processing LQMO...
Airport LQMO is already processed - Skipping...
Processing LQSA...
Airport LQSA is already processed - Skipping...
Processing LQTZ...
Airport LQTZ is already processed - Skipping...
Processing LR80...
Airport LR80 is already processed - Skipping...
Processing LR82...
Failed to process LR82. Error: No data returned for LR82
Traceback (most recent call last):
  File "/home/jupyter/work/opdi-workspace/opdi/src/opdi/reference/h3_airport_layouts.py", line 495, in process_airport
    df = hexagonify_airport(
  File "/home/jupyter/work/opdi-workspace/opdi/src/opdi/reference/h3_airport_layouts.py", line 304, in hexagonify_airport
    raise ValueError(f"No data returned for {apt_icao}")
ValueError: No data returned for LR82

Processing LRAR...
Airport LRAR is already processed - Skipping...
Processing LRBC...
Airport LRBC is already processed - Skipping...
Processing LRBM...
Airport LRBM is already processed - Skipping...
Processing LRBS...
Airport LRBS is already processed - Skipping...
Processing LRBV...
Airport LRBV is already processed - Skipping...
Processing LRCK...
Airport LRCK is already processed - Skipping...
Processing LRCL...
Airport LRCL is already processed - Skipping...
Processing LRCS...
Airport LRCS is already processed - Skipping...
Processing LRCT...
Airport LRCT is already processed - Skipping...
Processing LRCV...
Airport LRCV is already processed - Skipping...
Processing LRIA...
Airport LRIA is already processed - Skipping...
Processing LROD...
Airport LROD is already processed - Skipping...
Processing LROP...
Airport LROP is already processed - Skipping...
Processing LRSB...
Airport LRSB is already processed - Skipping...
Processing LRSM...
Airport LRSM is already processed - Skipping...
Processing LRSV...
Airport LRSV is already processed - Skipping...
Processing LRTC...
Airport LRTC is already processed - Skipping...
Processing LRTM...
Airport LRTM is already processed - Skipping...
Processing LRTR...
Airport LRTR is already processed - Skipping...
Processing LSGC...
Airport LSGC is already processed - Skipping...
Processing LSGG...
Airport LSGG is already processed - Skipping...
Processing LSGS...
Processing LSMA...
Airport LSMA is already processed - Skipping...
Processing LSMD...
Airport LSMD is already processed - Skipping...
Processing LSME...
Airport LSME is already processed - Skipping...
Processing LSMP...
Airport LSMP is already processed - Skipping...
Processing LSZA...
Airport LSZA is already processed - Skipping...
Processing LSZB...
Airport LSZB is already processed - Skipping...
Processing LSZG...
Airport LSZG is already processed - Skipping...
Processing LSZH...
Airport LSZH is already processed - Skipping...
Processing LSZR...
Airport LSZR is already processed - Skipping...
Processing LSZS...
Airport LSZS is already processed - Skipping...
Processing LTAC...
Airport LTAC is already processed - Skipping...
Processing LTAD...
Airport LTAD is already processed - Skipping...
Processing LTAE...
Airport LTAE is already processed - Skipping...
Processing LTAG...
Airport LTAG is already processed - Skipping...
Processing LTAH...
Airport LTAH is already processed - Skipping...
Processing LTAI...
Airport LTAI is already processed - Skipping...
Processing LTAJ...
Airport LTAJ is already processed - Skipping...
Processing LTAL...
Airport LTAL is already processed - Skipping...
Processing LTAN...
Airport LTAN is already processed - Skipping...
Processing LTAP...
Airport LTAP is already processed - Skipping...
Processing LTAR...
Airport LTAR is already processed - Skipping...
Processing LTAS...
Airport LTAS is already processed - Skipping...
Processing LTAT...
Airport LTAT is already processed - Skipping...
Processing LTAU...
Airport LTAU is already processed - Skipping...
Processing LTAV...
Airport LTAV is already processed - Skipping...
Processing LTAW...
Airport LTAW is already processed - Skipping...
Processing LTAY...
Airport LTAY is already processed - Skipping...
Processing LTAZ...
Airport LTAZ is already processed - Skipping...
Processing LTBA...
Airport LTBA is already processed - Skipping...
Processing LTBF...
Airport LTBF is already processed - Skipping...
Processing LTBG...
Airport LTBG is already processed - Skipping...
Processing LTBH...
Airport LTBH is already processed - Skipping...
Processing LTBI...
Airport LTBI is already processed - Skipping...
Processing LTBJ...
Airport LTBJ is already processed - Skipping...
Processing LTBL...
Airport LTBL is already processed - Skipping...
Processing LTBN...
Airport LTBN is already processed - Skipping...
Processing LTBO...
Airport LTBO is already processed - Skipping...
Processing LTBQ...
Airport LTBQ is already processed - Skipping...
Processing LTBR...
Airport LTBR is already processed - Skipping...
Processing LTBS...
Airport LTBS is already processed - Skipping...
Processing LTBT...
Airport LTBT is already processed - Skipping...
Processing LTBU...
Airport LTBU is already processed - Skipping...
Processing LTBX...
Airport LTBX is already processed - Skipping...
Processing LTBY...
Airport LTBY is already processed - Skipping...
Processing LTBZ...
Airport LTBZ is already processed - Skipping...
Processing LTCA...
Airport LTCA is already processed - Skipping...
Processing LTCB...
Airport LTCB is already processed - Skipping...
Processing LTCC...
Airport LTCC is already processed - Skipping...
Processing LTCD...
Airport LTCD is already processed - Skipping...
Processing LTCE...
Airport LTCE is already processed - Skipping...
Processing LTCF...
Airport LTCF is already processed - Skipping...
Processing LTCG...
Airport LTCG is already processed - Skipping...
Processing LTCI...
Airport LTCI is already processed - Skipping...
Processing LTCJ...
Airport LTCJ is already processed - Skipping...
Processing LTCK...
Airport LTCK is already processed - Skipping...
Processing LTCL...
Airport LTCL is already processed - Skipping...
Processing LTCM...
Airport LTCM is already processed - Skipping...
Processing LTCN...
Airport LTCN is already processed - Skipping...
Processing LTCO...
Airport LTCO is already processed - Skipping...
Processing LTCP...
Airport LTCP is already processed - Skipping...
Processing LTCR...
Airport LTCR is already processed - Skipping...
Processing LTCS...
Airport LTCS is already processed - Skipping...
Processing LTCT...
Airport LTCT is already processed - Skipping...
Processing LTCU...
Airport LTCU is already processed - Skipping...
Processing LTCV...
Airport LTCV is already processed - Skipping...
Processing LTCW...
Airport LTCW is already processed - Skipping...
Processing LTDA...
Airport LTDA is already processed - Skipping...
Processing LTDB...
Airport LTDB is already processed - Skipping...
Processing LTFC...
Airport LTFC is already processed - Skipping...
Processing LTFD...
Airport LTFD is already processed - Skipping...
Processing LTFE...
Airport LTFE is already processed - Skipping...
Processing LTFG...
Airport LTFG is already processed - Skipping...
Processing LTFH...
Airport LTFH is already processed - Skipping...
Processing LTFJ...
Airport LTFJ is already processed - Skipping...
Processing LTFM...
Airport LTFM is already processed - Skipping...
Processing LTFO...
Airport LTFO is already processed - Skipping...
Processing LUBL...
Airport LUBL is already processed - Skipping...
Processing LUBM...
Airport LUBM is already processed - Skipping...
Processing LUCH...
Airport LUCH is already processed - Skipping...
Processing LUKK...
Airport LUKK is already processed - Skipping...
Processing LUTR...
Airport LUTR is already processed - Skipping...
Processing LWOH...
Airport LWOH is already processed - Skipping...
Processing LWSK...
Airport LWSK is already processed - Skipping...
Processing LXGB...
Airport LXGB is already processed - Skipping...
Processing LY-BCQ...
Failed to process LY-BCQ. Error: No data returned for LY-BCQ
Traceback (most recent call last):
  File "/home/jupyter/work/opdi-workspace/opdi/src/opdi/reference/h3_airport_layouts.py", line 495, in process_airport
    df = hexagonify_airport(
  File "/home/jupyter/work/opdi-workspace/opdi/src/opdi/reference/h3_airport_layouts.py", line 304, in hexagonify_airport
    raise ValueError(f"No data returned for {apt_icao}")
ValueError: No data returned for LY-BCQ

Processing LYBE...
Airport LYBE is already processed - Skipping...
Processing LYBT...
Airport LYBT is already processed - Skipping...
Processing LYKV...
Airport LYKV is already processed - Skipping...
Processing LYNI...
Airport LYNI is already processed - Skipping...
Processing LYPG...
Airport LYPG is already processed - Skipping...
Processing LYTV...
Airport LYTV is already processed - Skipping...
Processing LYUZ...
Airport LYUZ is already processed - Skipping...
Processing LZIB...
Airport LZIB is already processed - Skipping...
Processing LZKZ...
Airport LZKZ is already processed - Skipping...
Processing LZMC...
Airport LZMC is already processed - Skipping...
Processing LZPP...
Airport LZPP is already processed - Skipping...
Processing LZSL...
Airport LZSL is already processed - Skipping...
Processing LZTT...
Airport LZTT is already processed - Skipping...
Processing LZZI...
Airport LZZI is already processed - Skipping...
Processing MA-0003...
Failed to process MA-0003. Error: No data returned for MA-0003
Traceback (most recent call last):
  File "/home/jupyter/work/opdi-workspace/opdi/src/opdi/reference/h3_airport_layouts.py", line 495, in process_airport
    df = hexagonify_airport(
  File "/home/jupyter/work/opdi-workspace/opdi/src/opdi/reference/h3_airport_layouts.py", line 304, in hexagonify_airport
    raise ValueError(f"No data returned for {apt_icao}")
ValueError: No data returned for MA-0003

Processing OBBI...
Failed to process OBBI. Error: No data returned for OBBI
Traceback (most recent call last):
  File "/home/jupyter/work/opdi-workspace/opdi/src/opdi/reference/h3_airport_layouts.py", line 495, in process_airport
    df = hexagonify_airport(
  File "/home/jupyter/work/opdi-workspace/opdi/src/opdi/reference/h3_airport_layouts.py", line 304, in hexagonify_airport
    raise ValueError(f"No data returned for {apt_icao}")
ValueError: No data returned for OBBI

Processing OBBS...
Failed to process OBBS. Error: No data returned for OBBS
Traceback (most recent call last):
  File "/home/jupyter/work/opdi-workspace/opdi/src/opdi/reference/h3_airport_layouts.py", line 495, in process_airport
    df = hexagonify_airport(
  File "/home/jupyter/work/opdi-workspace/opdi/src/opdi/reference/h3_airport_layouts.py", line 304, in hexagonify_airport
    raise ValueError(f"No data returned for {apt_icao}")
ValueError: No data returned for OBBS

Processing OEAH...
Failed to process OEAH. Error: No data returned for OEAH
Traceback (most recent call last):
  File "/home/jupyter/work/opdi-workspace/opdi/src/opdi/reference/h3_airport_layouts.py", line 495, in process_airport
    df = hexagonify_airport(
  File "/home/jupyter/work/opdi-workspace/opdi/src/opdi/reference/h3_airport_layouts.py", line 304, in hexagonify_airport
    raise ValueError(f"No data returned for {apt_icao}")
ValueError: No data returned for OEAH

Processing OEAO...
Failed to process OEAO. Error: No data returned for OEAO
Traceback (most recent call last):
  File "/home/jupyter/work/opdi-workspace/opdi/src/opdi/reference/h3_airport_layouts.py", line 495, in process_airport
    df = hexagonify_airport(
  File "/home/jupyter/work/opdi-workspace/opdi/src/opdi/reference/h3_airport_layouts.py", line 304, in hexagonify_airport
    raise ValueError(f"No data returned for {apt_icao}")
ValueError: No data returned for OEAO

Processing OEDF...
Failed to process OEDF. Error: No data returned for OEDF
Traceback (most recent call last):
  File "/home/jupyter/work/opdi-workspace/opdi/src/opdi/reference/h3_airport_layouts.py", line 495, in process_airport
    df = hexagonify_airport(
  File "/home/jupyter/work/opdi-workspace/opdi/src/opdi/reference/h3_airport_layouts.py", line 304, in hexagonify_airport
    raise ValueError(f"No data returned for {apt_icao}")
ValueError: No data returned for OEDF

Processing OEDM...
Failed to process OEDM. Error: No data returned for OEDM
Traceback (most recent call last):
  File "/home/jupyter/work/opdi-workspace/opdi/src/opdi/reference/h3_airport_layouts.py", line 495, in process_airport
    df = hexagonify_airport(
  File "/home/jupyter/work/opdi-workspace/opdi/src/opdi/reference/h3_airport_layouts.py", line 304, in hexagonify_airport
    raise ValueError(f"No data returned for {apt_icao}")
ValueError: No data returned for OEDM

Processing OEDR...
Failed to process OEDR. Error: No data returned for OEDR
Traceback (most recent call last):
  File "/home/jupyter/work/opdi-workspace/opdi/src/opdi/reference/h3_airport_layouts.py", line 495, in process_airport
    df = hexagonify_airport(
  File "/home/jupyter/work/opdi-workspace/opdi/src/opdi/reference/h3_airport_layouts.py", line 304, in hexagonify_airport
    raise ValueError(f"No data returned for {apt_icao}")
ValueError: No data returned for OEDR

Processing OEGS...
Failed to process OEGS. Error: No data returned for OEGS
Traceback (most recent call last):
  File "/home/jupyter/work/opdi-workspace/opdi/src/opdi/reference/h3_airport_layouts.py", line 495, in process_airport
    df = hexagonify_airport(
  File "/home/jupyter/work/opdi-workspace/opdi/src/opdi/reference/h3_airport_layouts.py", line 304, in hexagonify_airport
    raise ValueError(f"No data returned for {apt_icao}")
ValueError: No data returned for OEGS

Processing OEGT...
Failed to process OEGT. Error: No data returned for OEGT
Traceback (most recent call last):
  File "/home/jupyter/work/opdi-workspace/opdi/src/opdi/reference/h3_airport_layouts.py", line 495, in process_airport
    df = hexagonify_airport(
  File "/home/jupyter/work/opdi-workspace/opdi/src/opdi/reference/h3_airport_layouts.py", line 304, in hexagonify_airport
    raise ValueError(f"No data returned for {apt_icao}")
ValueError: No data returned for OEGT

Processing OEHL...
Failed to process OEHL. Error: No data returned for OEHL
Traceback (most recent call last):
  File "/home/jupyter/work/opdi-workspace/opdi/src/opdi/reference/h3_airport_layouts.py", line 495, in process_airport
    df = hexagonify_airport(
  File "/home/jupyter/work/opdi-workspace/opdi/src/opdi/reference/h3_airport_layouts.py", line 304, in hexagonify_airport
    raise ValueError(f"No data returned for {apt_icao}")
ValueError: No data returned for OEHL

Processing OEJB...
Failed to process OEJB. Error: No data returned for OEJB
Traceback (most recent call last):
  File "/home/jupyter/work/opdi-workspace/opdi/src/opdi/reference/h3_airport_layouts.py", line 495, in process_airport
    df = hexagonify_airport(
  File "/home/jupyter/work/opdi-workspace/opdi/src/opdi/reference/h3_airport_layouts.py", line 304, in hexagonify_airport
    raise ValueError(f"No data returned for {apt_icao}")
ValueError: No data returned for OEJB

Processing OEKK...
Failed to process OEKK. Error: No data returned for OEKK
Traceback (most recent call last):
  File "/home/jupyter/work/opdi-workspace/opdi/src/opdi/reference/h3_airport_layouts.py", line 495, in process_airport
    df = hexagonify_airport(
  File "/home/jupyter/work/opdi-workspace/opdi/src/opdi/reference/h3_airport_layouts.py", line 304, in hexagonify_airport
    raise ValueError(f"No data returned for {apt_icao}")
ValueError: No data returned for OEKK

Processing OEMA...
Failed to process OEMA. Error: No data returned for OEMA
Traceback (most recent call last):
  File "/home/jupyter/work/opdi-workspace/opdi/src/opdi/reference/h3_airport_layouts.py", line 495, in process_airport
    df = hexagonify_airport(
  File "/home/jupyter/work/opdi-workspace/opdi/src/opdi/reference/h3_airport_layouts.py", line 304, in hexagonify_airport
    raise ValueError(f"No data returned for {apt_icao}")
ValueError: No data returned for OEMA

Processing OENN...
Failed to process OENN. Error: No data returned for OENN
Traceback (most recent call last):
  File "/home/jupyter/work/opdi-workspace/opdi/src/opdi/reference/h3_airport_layouts.py", line 495, in process_airport
    df = hexagonify_airport(
  File "/home/jupyter/work/opdi-workspace/opdi/src/opdi/reference/h3_airport_layouts.py", line 304, in hexagonify_airport
    raise ValueError(f"No data returned for {apt_icao}")
ValueError: No data returned for OENN

Processing OEPA...
Failed to process OEPA. Error: No data returned for OEPA
Traceback (most recent call last):
  File "/home/jupyter/work/opdi-workspace/opdi/src/opdi/reference/h3_airport_layouts.py", line 495, in process_airport
    df = hexagonify_airport(
  File "/home/jupyter/work/opdi-workspace/opdi/src/opdi/reference/h3_airport_layouts.py", line 304, in hexagonify_airport
    raise ValueError(f"No data returned for {apt_icao}")
ValueError: No data returned for OEPA

Processing OEPS...
Failed to process OEPS. Error: No data returned for OEPS
Traceback (most recent call last):
  File "/home/jupyter/work/opdi-workspace/opdi/src/opdi/reference/h3_airport_layouts.py", line 495, in process_airport
    df = hexagonify_airport(
  File "/home/jupyter/work/opdi-workspace/opdi/src/opdi/reference/h3_airport_layouts.py", line 304, in hexagonify_airport
    raise ValueError(f"No data returned for {apt_icao}")
ValueError: No data returned for OEPS

Processing OERF...
Failed to process OERF. Error: No data returned for OERF
Traceback (most recent call last):
  File "/home/jupyter/work/opdi-workspace/opdi/src/opdi/reference/h3_airport_layouts.py", line 495, in process_airport
    df = hexagonify_airport(
  File "/home/jupyter/work/opdi-workspace/opdi/src/opdi/reference/h3_airport_layouts.py", line 304, in hexagonify_airport
    raise ValueError(f"No data returned for {apt_icao}")
ValueError: No data returned for OERF

Processing OERK...
Failed to process OERK. Error: No data returned for OERK
Traceback (most recent call last):
  File "/home/jupyter/work/opdi-workspace/opdi/src/opdi/reference/h3_airport_layouts.py", line 495, in process_airport
    df = hexagonify_airport(
  File "/home/jupyter/work/opdi-workspace/opdi/src/opdi/reference/h3_airport_layouts.py", line 304, in hexagonify_airport
    raise ValueError(f"No data returned for {apt_icao}")
ValueError: No data returned for OERK

Processing OERM...
Failed to process OERM. Error: No data returned for OERM
Traceback (most recent call last):
  File "/home/jupyter/work/opdi-workspace/opdi/src/opdi/reference/h3_airport_layouts.py", line 495, in process_airport
    df = hexagonify_airport(
  File "/home/jupyter/work/opdi-workspace/opdi/src/opdi/reference/h3_airport_layouts.py", line 304, in hexagonify_airport
    raise ValueError(f"No data returned for {apt_icao}")
ValueError: No data returned for OERM

Processing OERR...
Failed to process OERR. Error: No data returned for OERR
Traceback (most recent call last):
  File "/home/jupyter/work/opdi-workspace/opdi/src/opdi/reference/h3_airport_layouts.py", line 495, in process_airport
    df = hexagonify_airport(
  File "/home/jupyter/work/opdi-workspace/opdi/src/opdi/reference/h3_airport_layouts.py", line 304, in hexagonify_airport
    raise ValueError(f"No data returned for {apt_icao}")
ValueError: No data returned for OERR

Processing OERT...
Failed to process OERT. Error: No data returned for OERT
Traceback (most recent call last):
  File "/home/jupyter/work/opdi-workspace/opdi/src/opdi/reference/h3_airport_layouts.py", line 495, in process_airport
    df = hexagonify_airport(
  File "/home/jupyter/work/opdi-workspace/opdi/src/opdi/reference/h3_airport_layouts.py", line 304, in hexagonify_airport
    raise ValueError(f"No data returned for {apt_icao}")
ValueError: No data returned for OERT

Processing OESK...
Failed to process OESK. Error: No data returned for OESK
Traceback (most recent call last):
  File "/home/jupyter/work/opdi-workspace/opdi/src/opdi/reference/h3_airport_layouts.py", line 495, in process_airport
    df = hexagonify_airport(
  File "/home/jupyter/work/opdi-workspace/opdi/src/opdi/reference/h3_airport_layouts.py", line 304, in hexagonify_airport
    raise ValueError(f"No data returned for {apt_icao}")
ValueError: No data returned for OESK

Processing OETB...
Failed to process OETB. Error: No data returned for OETB
Traceback (most recent call last):
  File "/home/jupyter/work/opdi-workspace/opdi/src/opdi/reference/h3_airport_layouts.py", line 495, in process_airport
    df = hexagonify_airport(
  File "/home/jupyter/work/opdi-workspace/opdi/src/opdi/reference/h3_airport_layouts.py", line 304, in hexagonify_airport
    raise ValueError(f"No data returned for {apt_icao}")
ValueError: No data returned for OETB

Processing OETN...
Failed to process OETN. Error: No data returned for OETN
Traceback (most recent call last):
  File "/home/jupyter/work/opdi-workspace/opdi/src/opdi/reference/h3_airport_layouts.py", line 495, in process_airport
    df = hexagonify_airport(
  File "/home/jupyter/work/opdi-workspace/opdi/src/opdi/reference/h3_airport_layouts.py", line 304, in hexagonify_airport
    raise ValueError(f"No data returned for {apt_icao}")
ValueError: No data returned for OETN

Processing OETR...
Failed to process OETR. Error: No data returned for OETR
Traceback (most recent call last):
  File "/home/jupyter/work/opdi-workspace/opdi/src/opdi/reference/h3_airport_layouts.py", line 495, in process_airport
    df = hexagonify_airport(
  File "/home/jupyter/work/opdi-workspace/opdi/src/opdi/reference/h3_airport_layouts.py", line 304, in hexagonify_airport
    raise ValueError(f"No data returned for {apt_icao}")
ValueError: No data returned for OETR

Processing OEWJ...
Failed to process OEWJ. Error: No data returned for OEWJ
Traceback (most recent call last):
  File "/home/jupyter/work/opdi-workspace/opdi/src/opdi/reference/h3_airport_layouts.py", line 495, in process_airport
    df = hexagonify_airport(
  File "/home/jupyter/work/opdi-workspace/opdi/src/opdi/reference/h3_airport_layouts.py", line 304, in hexagonify_airport
    raise ValueError(f"No data returned for {apt_icao}")
ValueError: No data returned for OEWJ

Processing OEYN...
Failed to process OEYN. Error: No data returned for OEYN
Traceback (most recent call last):
  File "/home/jupyter/work/opdi-workspace/opdi/src/opdi/reference/h3_airport_layouts.py", line 495, in process_airport
    df = hexagonify_airport(
  File "/home/jupyter/work/opdi-workspace/opdi/src/opdi/reference/h3_airport_layouts.py", line 304, in hexagonify_airport
    raise ValueError(f"No data returned for {apt_icao}")
ValueError: No data returned for OEYN

Processing OIAA...
Failed to process OIAA. Error: No data returned for OIAA
Traceback (most recent call last):
  File "/home/jupyter/work/opdi-workspace/opdi/src/opdi/reference/h3_airport_layouts.py", line 495, in process_airport
    df = hexagonify_airport(
  File "/home/jupyter/work/opdi-workspace/opdi/src/opdi/reference/h3_airport_layouts.py", line 304, in hexagonify_airport
    raise ValueError(f"No data returned for {apt_icao}")
ValueError: No data returned for OIAA

Processing OIAD...
Failed to process OIAD. Error: No data returned for OIAD
Traceback (most recent call last):
  File "/home/jupyter/work/opdi-workspace/opdi/src/opdi/reference/h3_airport_layouts.py", line 495, in process_airport
    df = hexagonify_airport(
  File "/home/jupyter/work/opdi-workspace/opdi/src/opdi/reference/h3_airport_layouts.py", line 304, in hexagonify_airport
    raise ValueError(f"No data returned for {apt_icao}")
ValueError: No data returned for OIAD

Processing OIAG...
Failed to process OIAG. Error: No data returned for OIAG
Traceback (most recent call last):
  File "/home/jupyter/work/opdi-workspace/opdi/src/opdi/reference/h3_airport_layouts.py", line 495, in process_airport
    df = hexagonify_airport(
  File "/home/jupyter/work/opdi-workspace/opdi/src/opdi/reference/h3_airport_layouts.py", line 304, in hexagonify_airport
    raise ValueError(f"No data returned for {apt_icao}")
ValueError: No data returned for OIAG

Processing OIAH...
Failed to process OIAH. Error: No data returned for OIAH
Traceback (most recent call last):
  File "/home/jupyter/work/opdi-workspace/opdi/src/opdi/reference/h3_airport_layouts.py", line 495, in process_airport
    df = hexagonify_airport(
  File "/home/jupyter/work/opdi-workspace/opdi/src/opdi/reference/h3_airport_layouts.py", line 304, in hexagonify_airport
    raise ValueError(f"No data returned for {apt_icao}")
ValueError: No data returned for OIAH

Processing OIAI...
Failed to process OIAI. Error: No data returned for OIAI
Traceback (most recent call last):
  File "/home/jupyter/work/opdi-workspace/opdi/src/opdi/reference/h3_airport_layouts.py", line 495, in process_airport
    df = hexagonify_airport(
  File "/home/jupyter/work/opdi-workspace/opdi/src/opdi/reference/h3_airport_layouts.py", line 304, in hexagonify_airport
    raise ValueError(f"No data returned for {apt_icao}")
ValueError: No data returned for OIAI

Processing OIAM...
Failed to process OIAM. Error: No data returned for OIAM
Traceback (most recent call last):
  File "/home/jupyter/work/opdi-workspace/opdi/src/opdi/reference/h3_airport_layouts.py", line 495, in process_airport
    df = hexagonify_airport(
  File "/home/jupyter/work/opdi-workspace/opdi/src/opdi/reference/h3_airport_layouts.py", line 304, in hexagonify_airport
    raise ValueError(f"No data returned for {apt_icao}")
ValueError: No data returned for OIAM

Processing OIAW...
Failed to process OIAW. Error: No data returned for OIAW
Traceback (most recent call last):
  File "/home/jupyter/work/opdi-workspace/opdi/src/opdi/reference/h3_airport_layouts.py", line 495, in process_airport
    df = hexagonify_airport(
  File "/home/jupyter/work/opdi-workspace/opdi/src/opdi/reference/h3_airport_layouts.py", line 304, in hexagonify_airport
    raise ValueError(f"No data returned for {apt_icao}")
ValueError: No data returned for OIAW

Processing OIBB...
Failed to process OIBB. Error: No data returned for OIBB
Traceback (most recent call last):
  File "/home/jupyter/work/opdi-workspace/opdi/src/opdi/reference/h3_airport_layouts.py", line 495, in process_airport
    df = hexagonify_airport(
  File "/home/jupyter/work/opdi-workspace/opdi/src/opdi/reference/h3_airport_layouts.py", line 304, in hexagonify_airport
    raise ValueError(f"No data returned for {apt_icao}")
ValueError: No data returned for OIBB

Processing OIBJ...
Failed to process OIBJ. Error: No data returned for OIBJ
Traceback (most recent call last):
  File "/home/jupyter/work/opdi-workspace/opdi/src/opdi/reference/h3_airport_layouts.py", line 495, in process_airport
    df = hexagonify_airport(
  File "/home/jupyter/work/opdi-workspace/opdi/src/opdi/reference/h3_airport_layouts.py", line 304, in hexagonify_airport
    raise ValueError(f"No data returned for {apt_icao}")
ValueError: No data returned for OIBJ

Processing OIBQ...
Failed to process OIBQ. Error: No data returned for OIBQ
Traceback (most recent call last):
  File "/home/jupyter/work/opdi-workspace/opdi/src/opdi/reference/h3_airport_layouts.py", line 495, in process_airport
    df = hexagonify_airport(
  File "/home/jupyter/work/opdi-workspace/opdi/src/opdi/reference/h3_airport_layouts.py", line 304, in hexagonify_airport
    raise ValueError(f"No data returned for {apt_icao}")
ValueError: No data returned for OIBQ

Processing OICC...
Failed to process OICC. Error: No data returned for OICC
Traceback (most recent call last):
  File "/home/jupyter/work/opdi-workspace/opdi/src/opdi/reference/h3_airport_layouts.py", line 495, in process_airport
    df = hexagonify_airport(
  File "/home/jupyter/work/opdi-workspace/opdi/src/opdi/reference/h3_airport_layouts.py", line 304, in hexagonify_airport
    raise ValueError(f"No data returned for {apt_icao}")
ValueError: No data returned for OICC

Processing OICI...
Failed to process OICI. Error: No data returned for OICI
Traceback (most recent call last):
  File "/home/jupyter/work/opdi-workspace/opdi/src/opdi/reference/h3_airport_layouts.py", line 495, in process_airport
    df = hexagonify_airport(
  File "/home/jupyter/work/opdi-workspace/opdi/src/opdi/reference/h3_airport_layouts.py", line 304, in hexagonify_airport
    raise ValueError(f"No data returned for {apt_icao}")
ValueError: No data returned for OICI

Processing OICK...
Failed to process OICK. Error: No data returned for OICK
Traceback (most recent call last):
  File "/home/jupyter/work/opdi-workspace/opdi/src/opdi/reference/h3_airport_layouts.py", line 495, in process_airport
    df = hexagonify_airport(
  File "/home/jupyter/work/opdi-workspace/opdi/src/opdi/reference/h3_airport_layouts.py", line 304, in hexagonify_airport
    raise ValueError(f"No data returned for {apt_icao}")
ValueError: No data returned for OICK

Processing OICS...
Failed to process OICS. Error: No data returned for OICS
Traceback (most recent call last):
  File "/home/jupyter/work/opdi-workspace/opdi/src/opdi/reference/h3_airport_layouts.py", line 495, in process_airport
    df = hexagonify_airport(
  File "/home/jupyter/work/opdi-workspace/opdi/src/opdi/reference/h3_airport_layouts.py", line 304, in hexagonify_airport
    raise ValueError(f"No data returned for {apt_icao}")
ValueError: No data returned for OICS

Processing OIFK...
Failed to process OIFK. Error: No data returned for OIFK
Traceback (most recent call last):
  File "/home/jupyter/work/opdi-workspace/opdi/src/opdi/reference/h3_airport_layouts.py", line 495, in process_airport
    df = hexagonify_airport(
  File "/home/jupyter/work/opdi-workspace/opdi/src/opdi/reference/h3_airport_layouts.py", line 304, in hexagonify_airport
    raise ValueError(f"No data returned for {apt_icao}")
ValueError: No data returned for OIFK

Processing OIFM...
Failed to process OIFM. Error: No data returned for OIFM
Traceback (most recent call last):
  File "/home/jupyter/work/opdi-workspace/opdi/src/opdi/reference/h3_airport_layouts.py", line 495, in process_airport
    df = hexagonify_airport(
  File "/home/jupyter/work/opdi-workspace/opdi/src/opdi/reference/h3_airport_layouts.py", line 304, in hexagonify_airport
    raise ValueError(f"No data returned for {apt_icao}")
ValueError: No data returned for OIFM

Processing OIFP...
Failed to process OIFP. Error: No data returned for OIFP
Traceback (most recent call last):
  File "/home/jupyter/work/opdi-workspace/opdi/src/opdi/reference/h3_airport_layouts.py", line 495, in process_airport
    df = hexagonify_airport(
  File "/home/jupyter/work/opdi-workspace/opdi/src/opdi/reference/h3_airport_layouts.py", line 304, in hexagonify_airport
    raise ValueError(f"No data returned for {apt_icao}")
ValueError: No data returned for OIFP

Processing OIFS...
Failed to process OIFS. Error: No data returned for OIFS
Traceback (most recent call last):
  File "/home/jupyter/work/opdi-workspace/opdi/src/opdi/reference/h3_airport_layouts.py", line 495, in process_airport
    df = hexagonify_airport(
  File "/home/jupyter/work/opdi-workspace/opdi/src/opdi/reference/h3_airport_layouts.py", line 304, in hexagonify_airport
    raise ValueError(f"No data returned for {apt_icao}")
ValueError: No data returned for OIFS

Processing OIGG...
Failed to process OIGG. Error: No data returned for OIGG
Traceback (most recent call last):
  File "/home/jupyter/work/opdi-workspace/opdi/src/opdi/reference/h3_airport_layouts.py", line 495, in process_airport
    df = hexagonify_airport(
  File "/home/jupyter/work/opdi-workspace/opdi/src/opdi/reference/h3_airport_layouts.py", line 304, in hexagonify_airport
    raise ValueError(f"No data returned for {apt_icao}")
ValueError: No data returned for OIGG

Processing OIHH...
Failed to process OIHH. Error: No data returned for OIHH
Traceback (most recent call last):
  File "/home/jupyter/work/opdi-workspace/opdi/src/opdi/reference/h3_airport_layouts.py", line 495, in process_airport
    df = hexagonify_airport(
  File "/home/jupyter/work/opdi-workspace/opdi/src/opdi/reference/h3_airport_layouts.py", line 304, in hexagonify_airport
    raise ValueError(f"No data returned for {apt_icao}")
ValueError: No data returned for OIHH

Processing OIHS...
Failed to process OIHS. Error: No data returned for OIHS
Traceback (most recent call last):
  File "/home/jupyter/work/opdi-workspace/opdi/src/opdi/reference/h3_airport_layouts.py", line 495, in process_airport
    df = hexagonify_airport(
  File "/home/jupyter/work/opdi-workspace/opdi/src/opdi/reference/h3_airport_layouts.py", line 304, in hexagonify_airport
    raise ValueError(f"No data returned for {apt_icao}")
ValueError: No data returned for OIHS

Processing OIIE...
Failed to process OIIE. Error: No data returned for OIIE
Traceback (most recent call last):
  File "/home/jupyter/work/opdi-workspace/opdi/src/opdi/reference/h3_airport_layouts.py", line 495, in process_airport
    df = hexagonify_airport(
  File "/home/jupyter/work/opdi-workspace/opdi/src/opdi/reference/h3_airport_layouts.py", line 304, in hexagonify_airport
    raise ValueError(f"No data returned for {apt_icao}")
ValueError: No data returned for OIIE

Processing OIII...
Failed to process OIII. Error: No data returned for OIII
Traceback (most recent call last):
  File "/home/jupyter/work/opdi-workspace/opdi/src/opdi/reference/h3_airport_layouts.py", line 495, in process_airport
    df = hexagonify_airport(
  File "/home/jupyter/work/opdi-workspace/opdi/src/opdi/reference/h3_airport_layouts.py", line 304, in hexagonify_airport
    raise ValueError(f"No data returned for {apt_icao}")
ValueError: No data returned for OIII

Processing OIIK...
Failed to process OIIK. Error: No data returned for OIIK
Traceback (most recent call last):
  File "/home/jupyter/work/opdi-workspace/opdi/src/opdi/reference/h3_airport_layouts.py", line 495, in process_airport
    df = hexagonify_airport(
  File "/home/jupyter/work/opdi-workspace/opdi/src/opdi/reference/h3_airport_layouts.py", line 304, in hexagonify_airport
    raise ValueError(f"No data returned for {apt_icao}")
ValueError: No data returned for OIIK

Processing OIIP...
Failed to process OIIP. Error: No data returned for OIIP
Traceback (most recent call last):
  File "/home/jupyter/work/opdi-workspace/opdi/src/opdi/reference/h3_airport_layouts.py", line 495, in process_airport
    df = hexagonify_airport(
  File "/home/jupyter/work/opdi-workspace/opdi/src/opdi/reference/h3_airport_layouts.py", line 304, in hexagonify_airport
    raise ValueError(f"No data returned for {apt_icao}")
ValueError: No data returned for OIIP

Processing OINN...
Failed to process OINN. Error: No data returned for OINN
Traceback (most recent call last):
  File "/home/jupyter/work/opdi-workspace/opdi/src/opdi/reference/h3_airport_layouts.py", line 495, in process_airport
    df = hexagonify_airport(
  File "/home/jupyter/work/opdi-workspace/opdi/src/opdi/reference/h3_airport_layouts.py", line 304, in hexagonify_airport
    raise ValueError(f"No data returned for {apt_icao}")
ValueError: No data returned for OINN

Processing OINR...
Failed to process OINR. Error: No data returned for OINR
Traceback (most recent call last):
  File "/home/jupyter/work/opdi-workspace/opdi/src/opdi/reference/h3_airport_layouts.py", line 495, in process_airport
    df = hexagonify_airport(
  File "/home/jupyter/work/opdi-workspace/opdi/src/opdi/reference/h3_airport_layouts.py", line 304, in hexagonify_airport
    raise ValueError(f"No data returned for {apt_icao}")
ValueError: No data returned for OINR

Processing OISS...
Failed to process OISS. Error: No data returned for OISS
Traceback (most recent call last):
  File "/home/jupyter/work/opdi-workspace/opdi/src/opdi/reference/h3_airport_layouts.py", line 495, in process_airport
    df = hexagonify_airport(
  File "/home/jupyter/work/opdi-workspace/opdi/src/opdi/reference/h3_airport_layouts.py", line 304, in hexagonify_airport
    raise ValueError(f"No data returned for {apt_icao}")
ValueError: No data returned for OISS

Processing OISY...
Failed to process OISY. Error: No data returned for OISY
Traceback (most recent call last):
  File "/home/jupyter/work/opdi-workspace/opdi/src/opdi/reference/h3_airport_layouts.py", line 495, in process_airport
    df = hexagonify_airport(
  File "/home/jupyter/work/opdi-workspace/opdi/src/opdi/reference/h3_airport_layouts.py", line 304, in hexagonify_airport
    raise ValueError(f"No data returned for {apt_icao}")
ValueError: No data returned for OISY

Processing OITL...
Failed to process OITL. Error: No data returned for OITL
Traceback (most recent call last):
  File "/home/jupyter/work/opdi-workspace/opdi/src/opdi/reference/h3_airport_layouts.py", line 495, in process_airport
    df = hexagonify_airport(
  File "/home/jupyter/work/opdi-workspace/opdi/src/opdi/reference/h3_airport_layouts.py", line 304, in hexagonify_airport
    raise ValueError(f"No data returned for {apt_icao}")
ValueError: No data returned for OITL

Processing OITR...
Failed to process OITR. Error: No data returned for OITR
Traceback (most recent call last):
  File "/home/jupyter/work/opdi-workspace/opdi/src/opdi/reference/h3_airport_layouts.py", line 495, in process_airport
    df = hexagonify_airport(
  File "/home/jupyter/work/opdi-workspace/opdi/src/opdi/reference/h3_airport_layouts.py", line 304, in hexagonify_airport
    raise ValueError(f"No data returned for {apt_icao}")
ValueError: No data returned for OITR

Processing OITT...
Failed to process OITT. Error: No data returned for OITT
Traceback (most recent call last):
  File "/home/jupyter/work/opdi-workspace/opdi/src/opdi/reference/h3_airport_layouts.py", line 495, in process_airport
    df = hexagonify_airport(
  File "/home/jupyter/work/opdi-workspace/opdi/src/opdi/reference/h3_airport_layouts.py", line 304, in hexagonify_airport
    raise ValueError(f"No data returned for {apt_icao}")
ValueError: No data returned for OITT

Processing OITU...
Failed to process OITU. Error: No data returned for OITU
Traceback (most recent call last):
  File "/home/jupyter/work/opdi-workspace/opdi/src/opdi/reference/h3_airport_layouts.py", line 495, in process_airport
    df = hexagonify_airport(
  File "/home/jupyter/work/opdi-workspace/opdi/src/opdi/reference/h3_airport_layouts.py", line 304, in hexagonify_airport
    raise ValueError(f"No data returned for {apt_icao}")
ValueError: No data returned for OITU

Processing OITZ...
Failed to process OITZ. Error: No data returned for OITZ
Traceback (most recent call last):
  File "/home/jupyter/work/opdi-workspace/opdi/src/opdi/reference/h3_airport_layouts.py", line 495, in process_airport
    df = hexagonify_airport(
  File "/home/jupyter/work/opdi-workspace/opdi/src/opdi/reference/h3_airport_layouts.py", line 304, in hexagonify_airport
    raise ValueError(f"No data returned for {apt_icao}")
ValueError: No data returned for OITZ

Processing OJAI...
Failed to process OJAI. Error: No data returned for OJAI
Traceback (most recent call last):
  File "/home/jupyter/work/opdi-workspace/opdi/src/opdi/reference/h3_airport_layouts.py", line 495, in process_airport
    df = hexagonify_airport(
  File "/home/jupyter/work/opdi-workspace/opdi/src/opdi/reference/h3_airport_layouts.py", line 304, in hexagonify_airport
    raise ValueError(f"No data returned for {apt_icao}")
ValueError: No data returned for OJAI

Processing OJAM...
Failed to process OJAM. Error: No data returned for OJAM
Traceback (most recent call last):
  File "/home/jupyter/work/opdi-workspace/opdi/src/opdi/reference/h3_airport_layouts.py", line 495, in process_airport
    df = hexagonify_airport(
  File "/home/jupyter/work/opdi-workspace/opdi/src/opdi/reference/h3_airport_layouts.py", line 304, in hexagonify_airport
    raise ValueError(f"No data returned for {apt_icao}")
ValueError: No data returned for OJAM

Processing OJAQ...
Failed to process OJAQ. Error: No data returned for OJAQ
Traceback (most recent call last):
  File "/home/jupyter/work/opdi-workspace/opdi/src/opdi/reference/h3_airport_layouts.py", line 495, in process_airport
    df = hexagonify_airport(
  File "/home/jupyter/work/opdi-workspace/opdi/src/opdi/reference/h3_airport_layouts.py", line 304, in hexagonify_airport
    raise ValueError(f"No data returned for {apt_icao}")
ValueError: No data returned for OJAQ

Processing OJMS...
Failed to process OJMS. Error: No data returned for OJMS
Traceback (most recent call last):
  File "/home/jupyter/work/opdi-workspace/opdi/src/opdi/reference/h3_airport_layouts.py", line 495, in process_airport
    df = hexagonify_airport(
  File "/home/jupyter/work/opdi-workspace/opdi/src/opdi/reference/h3_airport_layouts.py", line 304, in hexagonify_airport
    raise ValueError(f"No data returned for {apt_icao}")
ValueError: No data returned for OJMS

Processing OKAJ...
Failed to process OKAJ. Error: No data returned for OKAJ
Traceback (most recent call last):
  File "/home/jupyter/work/opdi-workspace/opdi/src/opdi/reference/h3_airport_layouts.py", line 495, in process_airport
    df = hexagonify_airport(
  File "/home/jupyter/work/opdi-workspace/opdi/src/opdi/reference/h3_airport_layouts.py", line 304, in hexagonify_airport
    raise ValueError(f"No data returned for {apt_icao}")
ValueError: No data returned for OKAJ

Processing OKAS...
Failed to process OKAS. Error: No data returned for OKAS
Traceback (most recent call last):
  File "/home/jupyter/work/opdi-workspace/opdi/src/opdi/reference/h3_airport_layouts.py", line 495, in process_airport
    df = hexagonify_airport(
  File "/home/jupyter/work/opdi-workspace/opdi/src/opdi/reference/h3_airport_layouts.py", line 304, in hexagonify_airport
    raise ValueError(f"No data returned for {apt_icao}")
ValueError: No data returned for OKAS

Processing OKKK...
Failed to process OKKK. Error: No data returned for OKKK
Traceback (most recent call last):
  File "/home/jupyter/work/opdi-workspace/opdi/src/opdi/reference/h3_airport_layouts.py", line 495, in process_airport
    df = hexagonify_airport(
  File "/home/jupyter/work/opdi-workspace/opdi/src/opdi/reference/h3_airport_layouts.py", line 304, in hexagonify_airport
    raise ValueError(f"No data returned for {apt_icao}")
ValueError: No data returned for OKKK

Processing OLBA...
Failed to process OLBA. Error: No data returned for OLBA
Traceback (most recent call last):
  File "/home/jupyter/work/opdi-workspace/opdi/src/opdi/reference/h3_airport_layouts.py", line 495, in process_airport
    df = hexagonify_airport(
  File "/home/jupyter/work/opdi-workspace/opdi/src/opdi/reference/h3_airport_layouts.py", line 304, in hexagonify_airport
    raise ValueError(f"No data returned for {apt_icao}")
ValueError: No data returned for OLBA

Processing OLKA...
Failed to process OLKA. Error: No data returned for OLKA
Traceback (most recent call last):
  File "/home/jupyter/work/opdi-workspace/opdi/src/opdi/reference/h3_airport_layouts.py", line 495, in process_airport
    df = hexagonify_airport(
  File "/home/jupyter/work/opdi-workspace/opdi/src/opdi/reference/h3_airport_layouts.py", line 304, in hexagonify_airport
    raise ValueError(f"No data returned for {apt_icao}")
ValueError: No data returned for OLKA

Processing OLRA...
Failed to process OLRA. Error: No data returned for OLRA
Traceback (most recent call last):
  File "/home/jupyter/work/opdi-workspace/opdi/src/opdi/reference/h3_airport_layouts.py", line 495, in process_airport
    df = hexagonify_airport(
  File "/home/jupyter/work/opdi-workspace/opdi/src/opdi/reference/h3_airport_layouts.py", line 304, in hexagonify_airport
    raise ValueError(f"No data returned for {apt_icao}")
ValueError: No data returned for OLRA

Processing OMBY...
Failed to process OMBY. Error: No data returned for OMBY
Traceback (most recent call last):
  File "/home/jupyter/work/opdi-workspace/opdi/src/opdi/reference/h3_airport_layouts.py", line 495, in process_airport
    df = hexagonify_airport(
  File "/home/jupyter/work/opdi-workspace/opdi/src/opdi/reference/h3_airport_layouts.py", line 304, in hexagonify_airport
    raise ValueError(f"No data returned for {apt_icao}")
ValueError: No data returned for OMBY

Processing ORAA...
Failed to process ORAA. Error: No data returned for ORAA
Traceback (most recent call last):
  File "/home/jupyter/work/opdi-workspace/opdi/src/opdi/reference/h3_airport_layouts.py", line 495, in process_airport
    df = hexagonify_airport(
  File "/home/jupyter/work/opdi-workspace/opdi/src/opdi/reference/h3_airport_layouts.py", line 304, in hexagonify_airport
    raise ValueError(f"No data returned for {apt_icao}")
ValueError: No data returned for ORAA

Processing ORAT...
Failed to process ORAT. Error: No data returned for ORAT
Traceback (most recent call last):
  File "/home/jupyter/work/opdi-workspace/opdi/src/opdi/reference/h3_airport_layouts.py", line 495, in process_airport
    df = hexagonify_airport(
  File "/home/jupyter/work/opdi-workspace/opdi/src/opdi/reference/h3_airport_layouts.py", line 304, in hexagonify_airport
    raise ValueError(f"No data returned for {apt_icao}")
ValueError: No data returned for ORAT

Processing ORBD...
Failed to process ORBD. Error: No data returned for ORBD
Traceback (most recent call last):
  File "/home/jupyter/work/opdi-workspace/opdi/src/opdi/reference/h3_airport_layouts.py", line 495, in process_airport
    df = hexagonify_airport(
  File "/home/jupyter/work/opdi-workspace/opdi/src/opdi/reference/h3_airport_layouts.py", line 304, in hexagonify_airport
    raise ValueError(f"No data returned for {apt_icao}")
ValueError: No data returned for ORBD

Processing ORBI...
Failed to process ORBI. Error: No data returned for ORBI
Traceback (most recent call last):
  File "/home/jupyter/work/opdi-workspace/opdi/src/opdi/reference/h3_airport_layouts.py", line 495, in process_airport
    df = hexagonify_airport(
  File "/home/jupyter/work/opdi-workspace/opdi/src/opdi/reference/h3_airport_layouts.py", line 304, in hexagonify_airport
    raise ValueError(f"No data returned for {apt_icao}")
ValueError: No data returned for ORBI

Processing ORBM...
Failed to process ORBM. Error: No data returned for ORBM
Traceback (most recent call last):
  File "/home/jupyter/work/opdi-workspace/opdi/src/opdi/reference/h3_airport_layouts.py", line 495, in process_airport
    df = hexagonify_airport(
  File "/home/jupyter/work/opdi-workspace/opdi/src/opdi/reference/h3_airport_layouts.py", line 304, in hexagonify_airport
    raise ValueError(f"No data returned for {apt_icao}")
ValueError: No data returned for ORBM

Processing ORER...
Failed to process ORER. Error: No data returned for ORER
Traceback (most recent call last):
  File "/home/jupyter/work/opdi-workspace/opdi/src/opdi/reference/h3_airport_layouts.py", line 495, in process_airport
    df = hexagonify_airport(
  File "/home/jupyter/work/opdi-workspace/opdi/src/opdi/reference/h3_airport_layouts.py", line 304, in hexagonify_airport
    raise ValueError(f"No data returned for {apt_icao}")
ValueError: No data returned for ORER

Processing ORKK...
Failed to process ORKK. Error: No data returned for ORKK
Traceback (most recent call last):
  File "/home/jupyter/work/opdi-workspace/opdi/src/opdi/reference/h3_airport_layouts.py", line 495, in process_airport
    df = hexagonify_airport(
  File "/home/jupyter/work/opdi-workspace/opdi/src/opdi/reference/h3_airport_layouts.py", line 304, in hexagonify_airport
    raise ValueError(f"No data returned for {apt_icao}")
ValueError: No data returned for ORKK

Processing ORMM...
Failed to process ORMM. Error: No data returned for ORMM
Traceback (most recent call last):
  File "/home/jupyter/work/opdi-workspace/opdi/src/opdi/reference/h3_airport_layouts.py", line 495, in process_airport
    df = hexagonify_airport(
  File "/home/jupyter/work/opdi-workspace/opdi/src/opdi/reference/h3_airport_layouts.py", line 304, in hexagonify_airport
    raise ValueError(f"No data returned for {apt_icao}")
ValueError: No data returned for ORMM

Processing ORNI...
Failed to process ORNI. Error: No data returned for ORNI
Traceback (most recent call last):
  File "/home/jupyter/work/opdi-workspace/opdi/src/opdi/reference/h3_airport_layouts.py", line 495, in process_airport
    df = hexagonify_airport(
  File "/home/jupyter/work/opdi-workspace/opdi/src/opdi/reference/h3_airport_layouts.py", line 304, in hexagonify_airport
    raise ValueError(f"No data returned for {apt_icao}")
ValueError: No data returned for ORNI

Processing ORQW...
Failed to process ORQW. Error: No data returned for ORQW
Traceback (most recent call last):
  File "/home/jupyter/work/opdi-workspace/opdi/src/opdi/reference/h3_airport_layouts.py", line 495, in process_airport
    df = hexagonify_airport(
  File "/home/jupyter/work/opdi-workspace/opdi/src/opdi/reference/h3_airport_layouts.py", line 304, in hexagonify_airport
    raise ValueError(f"No data returned for {apt_icao}")
ValueError: No data returned for ORQW

Processing ORSH...
Failed to process ORSH. Error: No data returned for ORSH
Traceback (most recent call last):
  File "/home/jupyter/work/opdi-workspace/opdi/src/opdi/reference/h3_airport_layouts.py", line 495, in process_airport
    df = hexagonify_airport(
  File "/home/jupyter/work/opdi-workspace/opdi/src/opdi/reference/h3_airport_layouts.py", line 304, in hexagonify_airport
    raise ValueError(f"No data returned for {apt_icao}")
ValueError: No data returned for ORSH

Processing ORSU...
Failed to process ORSU. Error: No data returned for ORSU
Traceback (most recent call last):
  File "/home/jupyter/work/opdi-workspace/opdi/src/opdi/reference/h3_airport_layouts.py", line 495, in process_airport
    df = hexagonify_airport(
  File "/home/jupyter/work/opdi-workspace/opdi/src/opdi/reference/h3_airport_layouts.py", line 304, in hexagonify_airport
    raise ValueError(f"No data returned for {apt_icao}")
ValueError: No data returned for ORSU

Processing ORTF...
Failed to process ORTF. Error: No data returned for ORTF
Traceback (most recent call last):
  File "/home/jupyter/work/opdi-workspace/opdi/src/opdi/reference/h3_airport_layouts.py", line 495, in process_airport
    df = hexagonify_airport(
  File "/home/jupyter/work/opdi-workspace/opdi/src/opdi/reference/h3_airport_layouts.py", line 304, in hexagonify_airport
    raise ValueError(f"No data returned for {apt_icao}")
ValueError: No data returned for ORTF

Processing ORTI...
Failed to process ORTI. Error: No data returned for ORTI
Traceback (most recent call last):
  File "/home/jupyter/work/opdi-workspace/opdi/src/opdi/reference/h3_airport_layouts.py", line 495, in process_airport
    df = hexagonify_airport(
  File "/home/jupyter/work/opdi-workspace/opdi/src/opdi/reference/h3_airport_layouts.py", line 304, in hexagonify_airport
    raise ValueError(f"No data returned for {apt_icao}")
ValueError: No data returned for ORTI

Processing ORTL...
Failed to process ORTL. Error: No data returned for ORTL
Traceback (most recent call last):
  File "/home/jupyter/work/opdi-workspace/opdi/src/opdi/reference/h3_airport_layouts.py", line 495, in process_airport
    df = hexagonify_airport(
  File "/home/jupyter/work/opdi-workspace/opdi/src/opdi/reference/h3_airport_layouts.py", line 304, in hexagonify_airport
    raise ValueError(f"No data returned for {apt_icao}")
ValueError: No data returned for ORTL

Processing ORUB...
Failed to process ORUB. Error: No data returned for ORUB
Traceback (most recent call last):
  File "/home/jupyter/work/opdi-workspace/opdi/src/opdi/reference/h3_airport_layouts.py", line 495, in process_airport
    df = hexagonify_airport(
  File "/home/jupyter/work/opdi-workspace/opdi/src/opdi/reference/h3_airport_layouts.py", line 304, in hexagonify_airport
    raise ValueError(f"No data returned for {apt_icao}")
ValueError: No data returned for ORUB

Processing OS57...
Failed to process OS57. Error: No data returned for OS57
Traceback (most recent call last):
  File "/home/jupyter/work/opdi-workspace/opdi/src/opdi/reference/h3_airport_layouts.py", line 495, in process_airport
    df = hexagonify_airport(
  File "/home/jupyter/work/opdi-workspace/opdi/src/opdi/reference/h3_airport_layouts.py", line 304, in hexagonify_airport
    raise ValueError(f"No data returned for {apt_icao}")
ValueError: No data returned for OS57

Processing OS64...
Failed to process OS64. Error: No data returned for OS64
Traceback (most recent call last):
  File "/home/jupyter/work/opdi-workspace/opdi/src/opdi/reference/h3_airport_layouts.py", line 495, in process_airport
    df = hexagonify_airport(
  File "/home/jupyter/work/opdi-workspace/opdi/src/opdi/reference/h3_airport_layouts.py", line 304, in hexagonify_airport
    raise ValueError(f"No data returned for {apt_icao}")
ValueError: No data returned for OS64

Processing OS69...
Failed to process OS69. Error: No data returned for OS69
Traceback (most recent call last):
  File "/home/jupyter/work/opdi-workspace/opdi/src/opdi/reference/h3_airport_layouts.py", line 495, in process_airport
    df = hexagonify_airport(
  File "/home/jupyter/work/opdi-workspace/opdi/src/opdi/reference/h3_airport_layouts.py", line 304, in hexagonify_airport
    raise ValueError(f"No data returned for {apt_icao}")
ValueError: No data returned for OS69

Processing OS70...
Failed to process OS70. Error: No data returned for OS70
Traceback (most recent call last):
  File "/home/jupyter/work/opdi-workspace/opdi/src/opdi/reference/h3_airport_layouts.py", line 495, in process_airport
    df = hexagonify_airport(
  File "/home/jupyter/work/opdi-workspace/opdi/src/opdi/reference/h3_airport_layouts.py", line 304, in hexagonify_airport
    raise ValueError(f"No data returned for {apt_icao}")
ValueError: No data returned for OS70

Processing OSAP...
Failed to process OSAP. Error: No data returned for OSAP
Traceback (most recent call last):
  File "/home/jupyter/work/opdi-workspace/opdi/src/opdi/reference/h3_airport_layouts.py", line 495, in process_airport
    df = hexagonify_airport(
  File "/home/jupyter/work/opdi-workspace/opdi/src/opdi/reference/h3_airport_layouts.py", line 304, in hexagonify_airport
    raise ValueError(f"No data returned for {apt_icao}")
ValueError: No data returned for OSAP

Processing OSDI...
Failed to process OSDI. Error: No data returned for OSDI
Traceback (most recent call last):
  File "/home/jupyter/work/opdi-workspace/opdi/src/opdi/reference/h3_airport_layouts.py", line 495, in process_airport
    df = hexagonify_airport(
  File "/home/jupyter/work/opdi-workspace/opdi/src/opdi/reference/h3_airport_layouts.py", line 304, in hexagonify_airport
    raise ValueError(f"No data returned for {apt_icao}")
ValueError: No data returned for OSDI

Processing OSDZ...
Failed to process OSDZ. Error: No data returned for OSDZ
Traceback (most recent call last):
  File "/home/jupyter/work/opdi-workspace/opdi/src/opdi/reference/h3_airport_layouts.py", line 495, in process_airport
    df = hexagonify_airport(
  File "/home/jupyter/work/opdi-workspace/opdi/src/opdi/reference/h3_airport_layouts.py", line 304, in hexagonify_airport
    raise ValueError(f"No data returned for {apt_icao}")
ValueError: No data returned for OSDZ

Processing OSKL...
Failed to process OSKL. Error: No data returned for OSKL
Traceback (most recent call last):
  File "/home/jupyter/work/opdi-workspace/opdi/src/opdi/reference/h3_airport_layouts.py", line 495, in process_airport
    df = hexagonify_airport(
  File "/home/jupyter/work/opdi-workspace/opdi/src/opdi/reference/h3_airport_layouts.py", line 304, in hexagonify_airport
    raise ValueError(f"No data returned for {apt_icao}")
ValueError: No data returned for OSKL

Processing OSLK...
Failed to process OSLK. Error: No data returned for OSLK
Traceback (most recent call last):
  File "/home/jupyter/work/opdi-workspace/opdi/src/opdi/reference/h3_airport_layouts.py", line 495, in process_airport
    df = hexagonify_airport(
  File "/home/jupyter/work/opdi-workspace/opdi/src/opdi/reference/h3_airport_layouts.py", line 304, in hexagonify_airport
    raise ValueError(f"No data returned for {apt_icao}")
ValueError: No data returned for OSLK

Processing OSPR...
Failed to process OSPR. Error: No data returned for OSPR
Traceback (most recent call last):
  File "/home/jupyter/work/opdi-workspace/opdi/src/opdi/reference/h3_airport_layouts.py", line 495, in process_airport
    df = hexagonify_airport(
  File "/home/jupyter/work/opdi-workspace/opdi/src/opdi/reference/h3_airport_layouts.py", line 304, in hexagonify_airport
    raise ValueError(f"No data returned for {apt_icao}")
ValueError: No data returned for OSPR

Processing OTBD...
Failed to process OTBD. Error: No data returned for OTBD
Traceback (most recent call last):
  File "/home/jupyter/work/opdi-workspace/opdi/src/opdi/reference/h3_airport_layouts.py", line 495, in process_airport
    df = hexagonify_airport(
  File "/home/jupyter/work/opdi-workspace/opdi/src/opdi/reference/h3_airport_layouts.py", line 304, in hexagonify_airport
    raise ValueError(f"No data returned for {apt_icao}")
ValueError: No data returned for OTBD

Processing OTBH...
Failed to process OTBH. Error: No data returned for OTBH
Traceback (most recent call last):
  File "/home/jupyter/work/opdi-workspace/opdi/src/opdi/reference/h3_airport_layouts.py", line 495, in process_airport
    df = hexagonify_airport(
  File "/home/jupyter/work/opdi-workspace/opdi/src/opdi/reference/h3_airport_layouts.py", line 304, in hexagonify_airport
    raise ValueError(f"No data returned for {apt_icao}")
ValueError: No data returned for OTBH

Processing OTHH...
Failed to process OTHH. Error: No data returned for OTHH
Traceback (most recent call last):
  File "/home/jupyter/work/opdi-workspace/opdi/src/opdi/reference/h3_airport_layouts.py", line 495, in process_airport
    df = hexagonify_airport(
  File "/home/jupyter/work/opdi-workspace/opdi/src/opdi/reference/h3_airport_layouts.py", line 304, in hexagonify_airport
    raise ValueError(f"No data returned for {apt_icao}")
ValueError: No data returned for OTHH

Processing RSI...
Failed to process RSI. Error: No data returned for RSI
Traceback (most recent call last):
  File "/home/jupyter/work/opdi-workspace/opdi/src/opdi/reference/h3_airport_layouts.py", line 495, in process_airport
    df = hexagonify_airport(
  File "/home/jupyter/work/opdi-workspace/opdi/src/opdi/reference/h3_airport_layouts.py", line 304, in hexagonify_airport
    raise ValueError(f"No data returned for {apt_icao}")
ValueError: No data returned for RSI

Processing RU-0001...
Airport RU-0001 is already processed - Skipping...
Processing RU-0010...
Airport RU-0010 is already processed - Skipping...
Processing RU-0014...
Airport RU-0014 is already processed - Skipping...
Processing RU-0015...
Airport RU-0015 is already processed - Skipping...
Processing RU-0016...
Airport RU-0016 is already processed - Skipping...
Processing RU-0018...
Airport RU-0018 is already processed - Skipping...
Processing RU-0028...
Airport RU-0028 is already processed - Skipping...
Processing RU-0043...
Airport RU-0043 is already processed - Skipping...
Processing RU-0060...
Airport RU-0060 is already processed - Skipping...
Processing RU-0064...
Airport RU-0064 is already processed - Skipping...
Processing RU-0065...
Airport RU-0065 is already processed - Skipping...
Processing RU-0089...
Airport RU-0089 is already processed - Skipping...
Processing RU-0090...
Airport RU-0090 is already processed - Skipping...
Processing RU-0125...
Failed to process RU-0125. Error: No data returned for RU-0125
Traceback (most recent call last):
  File "/home/jupyter/work/opdi-workspace/opdi/src/opdi/reference/h3_airport_layouts.py", line 495, in process_airport
    df = hexagonify_airport(
  File "/home/jupyter/work/opdi-workspace/opdi/src/opdi/reference/h3_airport_layouts.py", line 304, in hexagonify_airport
    raise ValueError(f"No data returned for {apt_icao}")
ValueError: No data returned for RU-0125

Processing RU-0128...
Airport RU-0128 is already processed - Skipping...
Processing RU-0152...
Airport RU-0152 is already processed - Skipping...
Processing RU-0211...
Airport RU-0211 is already processed - Skipping...
Processing RU-0217...
Airport RU-0217 is already processed - Skipping...
Processing RU-0240...
Airport RU-0240 is already processed - Skipping...
Processing RU-0282...
Airport RU-0282 is already processed - Skipping...
Processing RU-0303...
Failed to process RU-0303. Error: No data returned for RU-0303
Traceback (most recent call last):
  File "/home/jupyter/work/opdi-workspace/opdi/src/opdi/reference/h3_airport_layouts.py", line 495, in process_airport
    df = hexagonify_airport(
  File "/home/jupyter/work/opdi-workspace/opdi/src/opdi/reference/h3_airport_layouts.py", line 304, in hexagonify_airport
    raise ValueError(f"No data returned for {apt_icao}")
ValueError: No data returned for RU-0303

Processing RU-0304...
Failed to process RU-0304. Error: No data returned for RU-0304
Traceback (most recent call last):
  File "/home/jupyter/work/opdi-workspace/opdi/src/opdi/reference/h3_airport_layouts.py", line 495, in process_airport
    df = hexagonify_airport(
  File "/home/jupyter/work/opdi-workspace/opdi/src/opdi/reference/h3_airport_layouts.py", line 304, in hexagonify_airport
    raise ValueError(f"No data returned for {apt_icao}")
ValueError: No data returned for RU-0304

Processing RU-0372...
Airport RU-0372 is already processed - Skipping...
Processing RU-0380...
Failed to process RU-0380. Error: No data returned for RU-0380
Traceback (most recent call last):
  File "/home/jupyter/work/opdi-workspace/opdi/src/opdi/reference/h3_airport_layouts.py", line 495, in process_airport
    df = hexagonify_airport(
  File "/home/jupyter/work/opdi-workspace/opdi/src/opdi/reference/h3_airport_layouts.py", line 304, in hexagonify_airport
    raise ValueError(f"No data returned for {apt_icao}")
ValueError: No data returned for RU-0380

Processing RU-0764...
Failed to process RU-0764. Error: No data returned for RU-0764
Traceback (most recent call last):
  File "/home/jupyter/work/opdi-workspace/opdi/src/opdi/reference/h3_airport_layouts.py", line 495, in process_airport
    df = hexagonify_airport(
  File "/home/jupyter/work/opdi-workspace/opdi/src/opdi/reference/h3_airport_layouts.py", line 304, in hexagonify_airport
    raise ValueError(f"No data returned for {apt_icao}")
ValueError: No data returned for RU-0764

Processing RU-10001...
Failed to process RU-10001. Error: No data returned for RU-10001
Traceback (most recent call last):
  File "/home/jupyter/work/opdi-workspace/opdi/src/opdi/reference/h3_airport_layouts.py", line 495, in process_airport
    df = hexagonify_airport(
  File "/home/jupyter/work/opdi-workspace/opdi/src/opdi/reference/h3_airport_layouts.py", line 304, in hexagonify_airport
    raise ValueError(f"No data returned for {apt_icao}")
ValueError: No data returned for RU-10001

Processing RU-10047...
Airport RU-10047 is already processed - Skipping...
Processing RU-10048...
Airport RU-10048 is already processed - Skipping...
Processing RU-10049...
Airport RU-10049 is already processed - Skipping...
Processing RU-10053...
Airport RU-10053 is already processed - Skipping...
Processing RU-10054...
Airport RU-10054 is already processed - Skipping...
Processing RU-10055...
Airport RU-10055 is already processed - Skipping...
Processing RU-10056...
Airport RU-10056 is already processed - Skipping...
Processing RU-10057...
Airport RU-10057 is already processed - Skipping...
Processing RU-10058...
Airport RU-10058 is already processed - Skipping...
Processing RU-10059...
Airport RU-10059 is already processed - Skipping...
Processing RU-10062...
Airport RU-10062 is already processed - Skipping...
Processing RU-10076...
Airport RU-10076 is already processed - Skipping...
Processing RU-10077...
Airport RU-10077 is already processed - Skipping...
Processing RU-2344...
Failed to process RU-2344. Error: No data returned for RU-2344
Traceback (most recent call last):
  File "/home/jupyter/work/opdi-workspace/opdi/src/opdi/reference/h3_airport_layouts.py", line 495, in process_airport
    df = hexagonify_airport(
  File "/home/jupyter/work/opdi-workspace/opdi/src/opdi/reference/h3_airport_layouts.py", line 304, in hexagonify_airport
    raise ValueError(f"No data returned for {apt_icao}")
ValueError: No data returned for RU-2344

Processing RU-3686...
Airport RU-3686 is already processed - Skipping...
Processing RU-3709...
Failed to process RU-3709. Error: No data returned for RU-3709
Traceback (most recent call last):
  File "/home/jupyter/work/opdi-workspace/opdi/src/opdi/reference/h3_airport_layouts.py", line 495, in process_airport
    df = hexagonify_airport(
  File "/home/jupyter/work/opdi-workspace/opdi/src/opdi/reference/h3_airport_layouts.py", line 304, in hexagonify_airport
    raise ValueError(f"No data returned for {apt_icao}")
ValueError: No data returned for RU-3709

Processing RU-4339...
Airport RU-4339 is already processed - Skipping...
Processing RU-4421...
Failed to process RU-4421. Error: No data returned for RU-4421
Traceback (most recent call last):
  File "/home/jupyter/work/opdi-workspace/opdi/src/opdi/reference/h3_airport_layouts.py", line 495, in process_airport
    df = hexagonify_airport(
  File "/home/jupyter/work/opdi-workspace/opdi/src/opdi/reference/h3_airport_layouts.py", line 304, in hexagonify_airport
    raise ValueError(f"No data returned for {apt_icao}")
ValueError: No data returned for RU-4421

Processing RU-4464...
Airport RU-4464 is already processed - Skipping...
Processing RU-4536...
Failed to process RU-4536. Error: No data returned for RU-4536
Traceback (most recent call last):
  File "/home/jupyter/work/opdi-workspace/opdi/src/opdi/reference/h3_airport_layouts.py", line 495, in process_airport
    df = hexagonify_airport(
  File "/home/jupyter/work/opdi-workspace/opdi/src/opdi/reference/h3_airport_layouts.py", line 304, in hexagonify_airport
    raise ValueError(f"No data returned for {apt_icao}")
ValueError: No data returned for RU-4536

Processing RU-4609...
Airport RU-4609 is already processed - Skipping...
Processing RU-5376...
Airport RU-5376 is already processed - Skipping...
Processing RU-5672...
Airport RU-5672 is already processed - Skipping...
Processing RU-6558...
Failed to process RU-6558. Error: No data returned for RU-6558
Traceback (most recent call last):
  File "/home/jupyter/work/opdi-workspace/opdi/src/opdi/reference/h3_airport_layouts.py", line 495, in process_airport
    df = hexagonify_airport(
  File "/home/jupyter/work/opdi-workspace/opdi/src/opdi/reference/h3_airport_layouts.py", line 304, in hexagonify_airport
    raise ValueError(f"No data returned for {apt_icao}")
ValueError: No data returned for RU-6558

Processing RU-6687...
Failed to process RU-6687. Error: No data returned for RU-6687
Traceback (most recent call last):
  File "/home/jupyter/work/opdi-workspace/opdi/src/opdi/reference/h3_airport_layouts.py", line 495, in process_airport
    df = hexagonify_airport(
  File "/home/jupyter/work/opdi-workspace/opdi/src/opdi/reference/h3_airport_layouts.py", line 304, in hexagonify_airport
    raise ValueError(f"No data returned for {apt_icao}")
ValueError: No data returned for RU-6687

Processing RU-8363...
Airport RU-8363 is already processed - Skipping...
Processing RU-8602...
Failed to process RU-8602. Error: No data returned for RU-8602
Traceback (most recent call last):
  File "/home/jupyter/work/opdi-workspace/opdi/src/opdi/reference/h3_airport_layouts.py", line 495, in process_airport
    df = hexagonify_airport(
  File "/home/jupyter/work/opdi-workspace/opdi/src/opdi/reference/h3_airport_layouts.py", line 304, in hexagonify_airport
    raise ValueError(f"No data returned for {apt_icao}")
ValueError: No data returned for RU-8602

Processing RU-9345...
Failed to process RU-9345. Error: No data returned for RU-9345
Traceback (most recent call last):
  File "/home/jupyter/work/opdi-workspace/opdi/src/opdi/reference/h3_airport_layouts.py", line 495, in process_airport
    df = hexagonify_airport(
  File "/home/jupyter/work/opdi-workspace/opdi/src/opdi/reference/h3_airport_layouts.py", line 304, in hexagonify_airport
    raise ValueError(f"No data returned for {apt_icao}")
ValueError: No data returned for RU-9345

Processing RU-9937...
Airport RU-9937 is already processed - Skipping...
Processing RU-9942...
Airport RU-9942 is already processed - Skipping...
Processing SA-0094...
Failed to process SA-0094. Error: No data returned for SA-0094
Traceback (most recent call last):
  File "/home/jupyter/work/opdi-workspace/opdi/src/opdi/reference/h3_airport_layouts.py", line 495, in process_airport
    df = hexagonify_airport(
  File "/home/jupyter/work/opdi-workspace/opdi/src/opdi/reference/h3_airport_layouts.py", line 304, in hexagonify_airport
    raise ValueError(f"No data returned for {apt_icao}")
ValueError: No data returned for SA-0094

Processing SE-0120...
Failed to process SE-0120. Error: No data returned for SE-0120
Traceback (most recent call last):
  File "/home/jupyter/work/opdi-workspace/opdi/src/opdi/reference/h3_airport_layouts.py", line 495, in process_airport
    df = hexagonify_airport(
  File "/home/jupyter/work/opdi-workspace/opdi/src/opdi/reference/h3_airport_layouts.py", line 304, in hexagonify_airport
    raise ValueError(f"No data returned for {apt_icao}")
ValueError: No data returned for SE-0120

Processing TR-0004...
Failed to process TR-0004. Error: No data returned for TR-0004
Traceback (most recent call last):
  File "/home/jupyter/work/opdi-workspace/opdi/src/opdi/reference/h3_airport_layouts.py", line 495, in process_airport
    df = hexagonify_airport(
  File "/home/jupyter/work/opdi-workspace/opdi/src/opdi/reference/h3_airport_layouts.py", line 304, in hexagonify_airport
    raise ValueError(f"No data returned for {apt_icao}")
ValueError: No data returned for TR-0004

Processing TR-0028...
Failed to process TR-0028. Error: No data returned for TR-0028
Traceback (most recent call last):
  File "/home/jupyter/work/opdi-workspace/opdi/src/opdi/reference/h3_airport_layouts.py", line 495, in process_airport
    df = hexagonify_airport(
  File "/home/jupyter/work/opdi-workspace/opdi/src/opdi/reference/h3_airport_layouts.py", line 304, in hexagonify_airport
    raise ValueError(f"No data returned for {apt_icao}")
ValueError: No data returned for TR-0028

Processing UA-0005...
Airport UA-0005 is already processed - Skipping...
Processing UA-0010...
Airport UA-0010 is already processed - Skipping...
Processing UA-0012...
Airport UA-0012 is already processed - Skipping...
Processing UA-0020...
Failed to process UA-0020. Error: No data returned for UA-0020
Traceback (most recent call last):
  File "/home/jupyter/work/opdi-workspace/opdi/src/opdi/reference/h3_airport_layouts.py", line 495, in process_airport
    df = hexagonify_airport(
  File "/home/jupyter/work/opdi-workspace/opdi/src/opdi/reference/h3_airport_layouts.py", line 304, in hexagonify_airport
    raise ValueError(f"No data returned for {apt_icao}")
ValueError: No data returned for UA-0020

Processing UA-0022...
Airport UA-0022 is already processed - Skipping...
Processing UA-0025...
Airport UA-0025 is already processed - Skipping...
Processing UA-0028...
Airport UA-0028 is already processed - Skipping...
Processing UA-0047...
Airport UA-0047 is already processed - Skipping...
Processing UARR...
Failed to process UARR. Error: No data returned for UARR
Traceback (most recent call last):
  File "/home/jupyter/work/opdi-workspace/opdi/src/opdi/reference/h3_airport_layouts.py", line 495, in process_airport
    df = hexagonify_airport(
  File "/home/jupyter/work/opdi-workspace/opdi/src/opdi/reference/h3_airport_layouts.py", line 304, in hexagonify_airport
    raise ValueError(f"No data returned for {apt_icao}")
ValueError: No data returned for UARR

Processing UATE...
Failed to process UATE. Error: No data returned for UATE
Traceback (most recent call last):
  File "/home/jupyter/work/opdi-workspace/opdi/src/opdi/reference/h3_airport_layouts.py", line 495, in process_airport
    df = hexagonify_airport(
  File "/home/jupyter/work/opdi-workspace/opdi/src/opdi/reference/h3_airport_layouts.py", line 304, in hexagonify_airport
    raise ValueError(f"No data returned for {apt_icao}")
ValueError: No data returned for UATE

Processing UATG...
Failed to process UATG. Error: No data returned for UATG
Traceback (most recent call last):
  File "/home/jupyter/work/opdi-workspace/opdi/src/opdi/reference/h3_airport_layouts.py", line 495, in process_airport
    df = hexagonify_airport(
  File "/home/jupyter/work/opdi-workspace/opdi/src/opdi/reference/h3_airport_layouts.py", line 304, in hexagonify_airport
    raise ValueError(f"No data returned for {apt_icao}")
ValueError: No data returned for UATG

Processing UB12...
Failed to process UB12. Error: No data returned for UB12
Traceback (most recent call last):
  File "/home/jupyter/work/opdi-workspace/opdi/src/opdi/reference/h3_airport_layouts.py", line 495, in process_airport
    df = hexagonify_airport(
  File "/home/jupyter/work/opdi-workspace/opdi/src/opdi/reference/h3_airport_layouts.py", line 304, in hexagonify_airport
    raise ValueError(f"No data returned for {apt_icao}")
ValueError: No data returned for UB12

Processing UB13...
Failed to process UB13. Error: No data returned for UB13
Traceback (most recent call last):
  File "/home/jupyter/work/opdi-workspace/opdi/src/opdi/reference/h3_airport_layouts.py", line 495, in process_airport
    df = hexagonify_airport(
  File "/home/jupyter/work/opdi-workspace/opdi/src/opdi/reference/h3_airport_layouts.py", line 304, in hexagonify_airport
    raise ValueError(f"No data returned for {apt_icao}")
ValueError: No data returned for UB13

Processing UB14...
Failed to process UB14. Error: No data returned for UB14
Traceback (most recent call last):
  File "/home/jupyter/work/opdi-workspace/opdi/src/opdi/reference/h3_airport_layouts.py", line 495, in process_airport
    df = hexagonify_airport(
  File "/home/jupyter/work/opdi-workspace/opdi/src/opdi/reference/h3_airport_layouts.py", line 304, in hexagonify_airport
    raise ValueError(f"No data returned for {apt_icao}")
ValueError: No data returned for UB14

Processing UB18...
Failed to process UB18. Error: No data returned for UB18
Traceback (most recent call last):
  File "/home/jupyter/work/opdi-workspace/opdi/src/opdi/reference/h3_airport_layouts.py", line 495, in process_airport
    df = hexagonify_airport(
  File "/home/jupyter/work/opdi-workspace/opdi/src/opdi/reference/h3_airport_layouts.py", line 304, in hexagonify_airport
    raise ValueError(f"No data returned for {apt_icao}")
ValueError: No data returned for UB18

Processing UBBB...
Failed to process UBBB. Error: No data returned for UBBB
Traceback (most recent call last):
  File "/home/jupyter/work/opdi-workspace/opdi/src/opdi/reference/h3_airport_layouts.py", line 495, in process_airport
    df = hexagonify_airport(
  File "/home/jupyter/work/opdi-workspace/opdi/src/opdi/reference/h3_airport_layouts.py", line 304, in hexagonify_airport
    raise ValueError(f"No data returned for {apt_icao}")
ValueError: No data returned for UBBB

Processing UBBG...
Failed to process UBBG. Error: No data returned for UBBG
Traceback (most recent call last):
  File "/home/jupyter/work/opdi-workspace/opdi/src/opdi/reference/h3_airport_layouts.py", line 495, in process_airport
    df = hexagonify_airport(
  File "/home/jupyter/work/opdi-workspace/opdi/src/opdi/reference/h3_airport_layouts.py", line 304, in hexagonify_airport
    raise ValueError(f"No data returned for {apt_icao}")
ValueError: No data returned for UBBG

Processing UBBN...
Failed to process UBBN. Error: No data returned for UBBN
Traceback (most recent call last):
  File "/home/jupyter/work/opdi-workspace/opdi/src/opdi/reference/h3_airport_layouts.py", line 495, in process_airport
    df = hexagonify_airport(
  File "/home/jupyter/work/opdi-workspace/opdi/src/opdi/reference/h3_airport_layouts.py", line 304, in hexagonify_airport
    raise ValueError(f"No data returned for {apt_icao}")
ValueError: No data returned for UBBN

Processing UBBQ...
Failed to process UBBQ. Error: No data returned for UBBQ
Traceback (most recent call last):
  File "/home/jupyter/work/opdi-workspace/opdi/src/opdi/reference/h3_airport_layouts.py", line 495, in process_airport
    df = hexagonify_airport(
  File "/home/jupyter/work/opdi-workspace/opdi/src/opdi/reference/h3_airport_layouts.py", line 304, in hexagonify_airport
    raise ValueError(f"No data returned for {apt_icao}")
ValueError: No data returned for UBBQ

Processing UBBY...
Failed to process UBBY. Error: No data returned for UBBY
Traceback (most recent call last):
  File "/home/jupyter/work/opdi-workspace/opdi/src/opdi/reference/h3_airport_layouts.py", line 495, in process_airport
    df = hexagonify_airport(
  File "/home/jupyter/work/opdi-workspace/opdi/src/opdi/reference/h3_airport_layouts.py", line 304, in hexagonify_airport
    raise ValueError(f"No data returned for {apt_icao}")
ValueError: No data returned for UBBY

Processing UBLC...
Failed to process UBLC. Error: No data returned for UBLC
Traceback (most recent call last):
  File "/home/jupyter/work/opdi-workspace/opdi/src/opdi/reference/h3_airport_layouts.py", line 495, in process_airport
    df = hexagonify_airport(
  File "/home/jupyter/work/opdi-workspace/opdi/src/opdi/reference/h3_airport_layouts.py", line 304, in hexagonify_airport
    raise ValueError(f"No data returned for {apt_icao}")
ValueError: No data returned for UBLC

Processing UDSG...
Failed to process UDSG. Error: No data returned for UDSG
Traceback (most recent call last):
  File "/home/jupyter/work/opdi-workspace/opdi/src/opdi/reference/h3_airport_layouts.py", line 495, in process_airport
    df = hexagonify_airport(
  File "/home/jupyter/work/opdi-workspace/opdi/src/opdi/reference/h3_airport_layouts.py", line 304, in hexagonify_airport
    raise ValueError(f"No data returned for {apt_icao}")
ValueError: No data returned for UDSG

Processing UDYE...
Failed to process UDYE. Error: No data returned for UDYE
Traceback (most recent call last):
  File "/home/jupyter/work/opdi-workspace/opdi/src/opdi/reference/h3_airport_layouts.py", line 495, in process_airport
    df = hexagonify_airport(
  File "/home/jupyter/work/opdi-workspace/opdi/src/opdi/reference/h3_airport_layouts.py", line 304, in hexagonify_airport
    raise ValueError(f"No data returned for {apt_icao}")
ValueError: No data returned for UDYE

Processing UDYZ...
Failed to process UDYZ. Error: No data returned for UDYZ
Traceback (most recent call last):
  File "/home/jupyter/work/opdi-workspace/opdi/src/opdi/reference/h3_airport_layouts.py", line 495, in process_airport
    df = hexagonify_airport(
  File "/home/jupyter/work/opdi-workspace/opdi/src/opdi/reference/h3_airport_layouts.py", line 304, in hexagonify_airport
    raise ValueError(f"No data returned for {apt_icao}")
ValueError: No data returned for UDYZ

Processing UG0U...
Airport UG0U is already processed - Skipping...
Processing UG11...
Failed to process UG11. Error: No data returned for UG11
Traceback (most recent call last):
  File "/home/jupyter/work/opdi-workspace/opdi/src/opdi/reference/h3_airport_layouts.py", line 495, in process_airport
    df = hexagonify_airport(
  File "/home/jupyter/work/opdi-workspace/opdi/src/opdi/reference/h3_airport_layouts.py", line 304, in hexagonify_airport
    raise ValueError(f"No data returned for {apt_icao}")
ValueError: No data returned for UG11

Processing UG22...
Airport UG22 is already processed - Skipping...
Processing UG24...
Airport UG24 is already processed - Skipping...
Processing UG27...
Airport UG27 is already processed - Skipping...
Processing UG28...
Failed to process UG28. Error: No data returned for UG28
Traceback (most recent call last):
  File "/home/jupyter/work/opdi-workspace/opdi/src/opdi/reference/h3_airport_layouts.py", line 495, in process_airport
    df = hexagonify_airport(
  File "/home/jupyter/work/opdi-workspace/opdi/src/opdi/reference/h3_airport_layouts.py", line 304, in hexagonify_airport
    raise ValueError(f"No data returned for {apt_icao}")
ValueError: No data returned for UG28

Processing UGAM...
Airport UGAM is already processed - Skipping...
Processing UGKO...
Airport UGKO is already processed - Skipping...
Processing UGSB...
Airport UGSB is already processed - Skipping...
Processing UGSS...
Airport UGSS is already processed - Skipping...
Processing UGTB...
Airport UGTB is already processed - Skipping...
Processing UKBB...
Airport UKBB is already processed - Skipping...
Processing UKCM...
Airport UKCM is already processed - Skipping...
Processing UKDB...
Airport UKDB is already processed - Skipping...
Processing UKDD...
Airport UKDD is already processed - Skipping...
Processing UKDE...
Airport UKDE is already processed - Skipping...
Processing UKDR...
Airport UKDR is already processed - Skipping...
Processing UKFB...
Failed to process UKFB. Error: No data returned for UKFB
Traceback (most recent call last):
  File "/home/jupyter/work/opdi-workspace/opdi/src/opdi/reference/h3_airport_layouts.py", line 495, in process_airport
    df = hexagonify_airport(
  File "/home/jupyter/work/opdi-workspace/opdi/src/opdi/reference/h3_airport_layouts.py", line 304, in hexagonify_airport
    raise ValueError(f"No data returned for {apt_icao}")
ValueError: No data returned for UKFB

Processing UKFF...
Airport UKFF is already processed - Skipping...
Processing UKFG...
Airport UKFG is already processed - Skipping...
Processing UKFI...
Airport UKFI is already processed - Skipping...
Processing UKFY...
Airport UKFY is already processed - Skipping...
Processing UKHH...
Airport UKHH is already processed - Skipping...
Processing UKHP...
Airport UKHP is already processed - Skipping...
Processing UKKE...
Airport UKKE is already processed - Skipping...
Processing UKKK...
Airport UKKK is already processed - Skipping...
Processing UKKM...
Airport UKKM is already processed - Skipping...
Processing UKKO...
Airport UKKO is already processed - Skipping...
Processing UKKV...
Airport UKKV is already processed - Skipping...
Processing UKLH...
Airport UKLH is already processed - Skipping...
Processing UKLI...
Airport UKLI is already processed - Skipping...
Processing UKLL...
Airport UKLL is already processed - Skipping...
Processing UKLN...
Airport UKLN is already processed - Skipping...
Processing UKLR...
Airport UKLR is already processed - Skipping...
Processing UKLU...
Airport UKLU is already processed - Skipping...
Processing UKOH...
Airport UKOH is already processed - Skipping...
Processing UKON...
Airport UKON is already processed - Skipping...
Processing UKOO...
Airport UKOO is already processed - Skipping...
Processing UKWW...
Airport UKWW is already processed - Skipping...
Processing ULAA...
Airport ULAA is already processed - Skipping...
Processing ULAH...
Airport ULAH is already processed - Skipping...
Processing ULKK...
Failed to process ULKK. Error: No data returned for ULKK
Traceback (most recent call last):
  File "/home/jupyter/work/opdi-workspace/opdi/src/opdi/reference/h3_airport_layouts.py", line 495, in process_airport
    df = hexagonify_airport(
  File "/home/jupyter/work/opdi-workspace/opdi/src/opdi/reference/h3_airport_layouts.py", line 304, in hexagonify_airport
    raise ValueError(f"No data returned for {apt_icao}")
ValueError: No data returned for ULKK

Processing ULLI...
Airport ULLI is already processed - Skipping...
Processing ULLP...
Airport ULLP is already processed - Skipping...
Processing ULMM...
Airport ULMM is already processed - Skipping...
Processing ULOO...
Airport ULOO is already processed - Skipping...
Processing ULPB...
Airport ULPB is already processed - Skipping...
Processing ULPP...
Airport ULPP is already processed - Skipping...
Processing ULWC...
Airport ULWC is already processed - Skipping...
Processing ULWU...
Failed to process ULWU. Error: No data returned for ULWU
Traceback (most recent call last):
  File "/home/jupyter/work/opdi-workspace/opdi/src/opdi/reference/h3_airport_layouts.py", line 495, in process_airport
    df = hexagonify_airport(
  File "/home/jupyter/work/opdi-workspace/opdi/src/opdi/reference/h3_airport_layouts.py", line 304, in hexagonify_airport
    raise ValueError(f"No data returned for {apt_icao}")
ValueError: No data returned for ULWU

Processing ULWW...
Airport ULWW is already processed - Skipping...
Processing UMBB...
Airport UMBB is already processed - Skipping...
Processing UMGG...
Airport UMGG is already processed - Skipping...
Processing UMII...
Airport UMII is already processed - Skipping...
Processing UMKK...
Airport UMKK is already processed - Skipping...
Processing UMMA...
Airport UMMA is already processed - Skipping...
Processing UMMG...
Airport UMMG is already processed - Skipping...
Processing UMMS...
Airport UMMS is already processed - Skipping...
Processing UMNB...
Airport UMNB is already processed - Skipping...
Processing UMOO...
Airport UMOO is already processed - Skipping...
Processing URKA...
Airport URKA is already processed - Skipping...
Processing URKG...
Airport URKG is already processed - Skipping...
Processing URKK...
Airport URKK is already processed - Skipping...
Processing URMG...
Failed to process URMG. Error: No data returned for URMG
Traceback (most recent call last):
  File "/home/jupyter/work/opdi-workspace/opdi/src/opdi/reference/h3_airport_layouts.py", line 495, in process_airport
    df = hexagonify_airport(
  File "/home/jupyter/work/opdi-workspace/opdi/src/opdi/reference/h3_airport_layouts.py", line 304, in hexagonify_airport
    raise ValueError(f"No data returned for {apt_icao}")
ValueError: No data returned for URMG

Processing URML...
Failed to process URML. Error: No data returned for URML
Traceback (most recent call last):
  File "/home/jupyter/work/opdi-workspace/opdi/src/opdi/reference/h3_airport_layouts.py", line 495, in process_airport
    df = hexagonify_airport(
  File "/home/jupyter/work/opdi-workspace/opdi/src/opdi/reference/h3_airport_layouts.py", line 304, in hexagonify_airport
    raise ValueError(f"No data returned for {apt_icao}")
ValueError: No data returned for URML

Processing URMM...
Airport URMM is already processed - Skipping...
Processing URMN...
Airport URMN is already processed - Skipping...
Processing URMO...
Airport URMO is already processed - Skipping...
Processing URMS...
Airport URMS is already processed - Skipping...
Processing URMT...
Airport URMT is already processed - Skipping...
Processing URRP...
Airport URRP is already processed - Skipping...
Processing URRT...
Airport URRT is already processed - Skipping...
Processing URSS...
Airport URSS is already processed - Skipping...
Processing URWA...
Failed to process URWA. Error: No data returned for URWA
Traceback (most recent call last):
  File "/home/jupyter/work/opdi-workspace/opdi/src/opdi/reference/h3_airport_layouts.py", line 495, in process_airport
    df = hexagonify_airport(
  File "/home/jupyter/work/opdi-workspace/opdi/src/opdi/reference/h3_airport_layouts.py", line 304, in hexagonify_airport
    raise ValueError(f"No data returned for {apt_icao}")
ValueError: No data returned for URWA

Processing URWI...
Airport URWI is already processed - Skipping...
Processing URWW...
Airport URWW is already processed - Skipping...
Processing USKK...
Failed to process USKK. Error: No data returned for USKK
Traceback (most recent call last):
  File "/home/jupyter/work/opdi-workspace/opdi/src/opdi/reference/h3_airport_layouts.py", line 495, in process_airport
    df = hexagonify_airport(
  File "/home/jupyter/work/opdi-workspace/opdi/src/opdi/reference/h3_airport_layouts.py", line 304, in hexagonify_airport
    raise ValueError(f"No data returned for {apt_icao}")
ValueError: No data returned for USKK

Processing UUBA...
Airport UUBA is already processed - Skipping...
Processing UUBC...
Airport UUBC is already processed - Skipping...
Processing UUBI...
Airport UUBI is already processed - Skipping...
Processing UUBK...
Airport UUBK is already processed - Skipping...
Processing UUBP...
Airport UUBP is already processed - Skipping...
Processing UUBW...
Airport UUBW is already processed - Skipping...
Processing UUDD...
Airport UUDD is already processed - Skipping...
Processing UUDL...
Airport UUDL is already processed - Skipping...
Processing UUEE...
Airport UUEE is already processed - Skipping...
Processing UUEM...
Airport UUEM is already processed - Skipping...
Processing UUMT...
Airport UUMT is already processed - Skipping...
Processing UUMU...
Airport UUMU is already processed - Skipping...
Processing UUOB...
Airport UUOB is already processed - Skipping...
Processing UUOK...
Airport UUOK is already processed - Skipping...
Processing UUOL...
Airport UUOL is already processed - Skipping...
Processing UUOO...
Airport UUOO is already processed - Skipping...
Processing UUOT...
Airport UUOT is already processed - Skipping...
Processing UUWW...
Airport UUWW is already processed - Skipping...
Processing UUYX...
Failed to process UUYX. Error: No data returned for UUYX
Traceback (most recent call last):
  File "/home/jupyter/work/opdi-workspace/opdi/src/opdi/reference/h3_airport_layouts.py", line 495, in process_airport
    df = hexagonify_airport(
  File "/home/jupyter/work/opdi-workspace/opdi/src/opdi/reference/h3_airport_layouts.py", line 304, in hexagonify_airport
    raise ValueError(f"No data returned for {apt_icao}")
ValueError: No data returned for UUYX

Processing UUYY...
Failed to process UUYY. Error: No data returned for UUYY
Traceback (most recent call last):
  File "/home/jupyter/work/opdi-workspace/opdi/src/opdi/reference/h3_airport_layouts.py", line 495, in process_airport
    df = hexagonify_airport(
  File "/home/jupyter/work/opdi-workspace/opdi/src/opdi/reference/h3_airport_layouts.py", line 304, in hexagonify_airport
    raise ValueError(f"No data returned for {apt_icao}")
ValueError: No data returned for UUYY

Processing UWGG...
Airport UWGG is already processed - Skipping...
Processing UWKD...
Failed to process UWKD. Error: No data returned for UWKD
Traceback (most recent call last):
  File "/home/jupyter/work/opdi-workspace/opdi/src/opdi/reference/h3_airport_layouts.py", line 495, in process_airport
    df = hexagonify_airport(
  File "/home/jupyter/work/opdi-workspace/opdi/src/opdi/reference/h3_airport_layouts.py", line 304, in hexagonify_airport
    raise ValueError(f"No data returned for {apt_icao}")
ValueError: No data returned for UWKD

Processing UWKE...
Failed to process UWKE. Error: No data returned for UWKE
Traceback (most recent call last):
  File "/home/jupyter/work/opdi-workspace/opdi/src/opdi/reference/h3_airport_layouts.py", line 495, in process_airport
    df = hexagonify_airport(
  File "/home/jupyter/work/opdi-workspace/opdi/src/opdi/reference/h3_airport_layouts.py", line 304, in hexagonify_airport
    raise ValueError(f"No data returned for {apt_icao}")
ValueError: No data returned for UWKE

Processing UWKG...
Failed to process UWKG. Error: No data returned for UWKG
Traceback (most recent call last):
  File "/home/jupyter/work/opdi-workspace/opdi/src/opdi/reference/h3_airport_layouts.py", line 495, in process_airport
    df = hexagonify_airport(
  File "/home/jupyter/work/opdi-workspace/opdi/src/opdi/reference/h3_airport_layouts.py", line 304, in hexagonify_airport
    raise ValueError(f"No data returned for {apt_icao}")
ValueError: No data returned for UWKG

Processing UWKJ...
Failed to process UWKJ. Error: No data returned for UWKJ
Traceback (most recent call last):
  File "/home/jupyter/work/opdi-workspace/opdi/src/opdi/reference/h3_airport_layouts.py", line 495, in process_airport
    df = hexagonify_airport(
  File "/home/jupyter/work/opdi-workspace/opdi/src/opdi/reference/h3_airport_layouts.py", line 304, in hexagonify_airport
    raise ValueError(f"No data returned for {apt_icao}")
ValueError: No data returned for UWKJ

Processing UWKS...
Failed to process UWKS. Error: No data returned for UWKS
Traceback (most recent call last):
  File "/home/jupyter/work/opdi-workspace/opdi/src/opdi/reference/h3_airport_layouts.py", line 495, in process_airport
    df = hexagonify_airport(
  File "/home/jupyter/work/opdi-workspace/opdi/src/opdi/reference/h3_airport_layouts.py", line 304, in hexagonify_airport
    raise ValueError(f"No data returned for {apt_icao}")
ValueError: No data returned for UWKS

Processing UWLL...
Failed to process UWLL. Error: No data returned for UWLL
Traceback (most recent call last):
  File "/home/jupyter/work/opdi-workspace/opdi/src/opdi/reference/h3_airport_layouts.py", line 495, in process_airport
    df = hexagonify_airport(
  File "/home/jupyter/work/opdi-workspace/opdi/src/opdi/reference/h3_airport_layouts.py", line 304, in hexagonify_airport
    raise ValueError(f"No data returned for {apt_icao}")
ValueError: No data returned for UWLL

Processing UWLW...
Failed to process UWLW. Error: No data returned for UWLW
Traceback (most recent call last):
  File "/home/jupyter/work/opdi-workspace/opdi/src/opdi/reference/h3_airport_layouts.py", line 495, in process_airport
    df = hexagonify_airport(
  File "/home/jupyter/work/opdi-workspace/opdi/src/opdi/reference/h3_airport_layouts.py", line 304, in hexagonify_airport
    raise ValueError(f"No data returned for {apt_icao}")
ValueError: No data returned for UWLW

Processing UWPP...
Failed to process UWPP. Error: No data returned for UWPP
Traceback (most recent call last):
  File "/home/jupyter/work/opdi-workspace/opdi/src/opdi/reference/h3_airport_layouts.py", line 495, in process_airport
    df = hexagonify_airport(
  File "/home/jupyter/work/opdi-workspace/opdi/src/opdi/reference/h3_airport_layouts.py", line 304, in hexagonify_airport
    raise ValueError(f"No data returned for {apt_icao}")
ValueError: No data returned for UWPP

Processing UWPS...
Failed to process UWPS. Error: No data returned for UWPS
[Stage 4:>                                                                                                                        (0 + 4) / 4]                                                                                                                                              [Stage 11:>                                                                                                                       (0 + 1) / 1]                                                                                                                                              Traceback (most recent call last):
  File "/home/jupyter/work/opdi-workspace/opdi/src/opdi/reference/h3_airport_layouts.py", line 495, in process_airport
    df = hexagonify_airport(
  File "/home/jupyter/work/opdi-workspace/opdi/src/opdi/reference/h3_airport_layouts.py", line 304, in hexagonify_airport
    raise ValueError(f"No data returned for {apt_icao}")
ValueError: No data returned for UWPS

Processing UWSB...
Failed to process UWSB. Error: No data returned for UWSB
Traceback (most recent call last):
  File "/home/jupyter/work/opdi-workspace/opdi/src/opdi/reference/h3_airport_layouts.py", line 495, in process_airport
    df = hexagonify_airport(
  File "/home/jupyter/work/opdi-workspace/opdi/src/opdi/reference/h3_airport_layouts.py", line 304, in hexagonify_airport
    raise ValueError(f"No data returned for {apt_icao}")
ValueError: No data returned for UWSB

Processing UWSG...
Failed to process UWSG. Error: No data returned for UWSG
Traceback (most recent call last):
  File "/home/jupyter/work/opdi-workspace/opdi/src/opdi/reference/h3_airport_layouts.py", line 495, in process_airport
    df = hexagonify_airport(
  File "/home/jupyter/work/opdi-workspace/opdi/src/opdi/reference/h3_airport_layouts.py", line 304, in hexagonify_airport
    raise ValueError(f"No data returned for {apt_icao}")
ValueError: No data returned for UWSG

Processing UWWB...
Failed to process UWWB. Error: No data returned for UWWB
Traceback (most recent call last):
  File "/home/jupyter/work/opdi-workspace/opdi/src/opdi/reference/h3_airport_layouts.py", line 495, in process_airport
    df = hexagonify_airport(
  File "/home/jupyter/work/opdi-workspace/opdi/src/opdi/reference/h3_airport_layouts.py", line 304, in hexagonify_airport
    raise ValueError(f"No data returned for {apt_icao}")
ValueError: No data returned for UWWB

Processing UWWG...
Failed to process UWWG. Error: No data returned for UWWG
Traceback (most recent call last):
  File "/home/jupyter/work/opdi-workspace/opdi/src/opdi/reference/h3_airport_layouts.py", line 495, in process_airport
    df = hexagonify_airport(
  File "/home/jupyter/work/opdi-workspace/opdi/src/opdi/reference/h3_airport_layouts.py", line 304, in hexagonify_airport
    raise ValueError(f"No data returned for {apt_icao}")
ValueError: No data returned for UWWG

Processing UWWW...
Failed to process UWWW. Error: No data returned for UWWW
Traceback (most recent call last):
  File "/home/jupyter/work/opdi-workspace/opdi/src/opdi/reference/h3_airport_layouts.py", line 495, in process_airport
    df = hexagonify_airport(
  File "/home/jupyter/work/opdi-workspace/opdi/src/opdi/reference/h3_airport_layouts.py", line 304, in hexagonify_airport
    raise ValueError(f"No data returned for {apt_icao}")
ValueError: No data returned for UWWW

Processing XRMU...
Failed to process XRMU. Error: No data returned for XRMU
Traceback (most recent call last):
  File "/home/jupyter/work/opdi-workspace/opdi/src/opdi/reference/h3_airport_layouts.py", line 495, in process_airport
    df = hexagonify_airport(
  File "/home/jupyter/work/opdi-workspace/opdi/src/opdi/reference/h3_airport_layouts.py", line 304, in hexagonify_airport
    raise ValueError(f"No data returned for {apt_icao}")
ValueError: No data returned for XRMU

Processing XRWL...
Failed to process XRWL. Error: No data returned for XRWL
Traceback (most recent call last):
  File "/home/jupyter/work/opdi-workspace/opdi/src/opdi/reference/h3_airport_layouts.py", line 495, in process_airport
    df = hexagonify_airport(
  File "/home/jupyter/work/opdi-workspace/opdi/src/opdi/reference/h3_airport_layouts.py", line 304, in hexagonify_airport
    raise ValueError(f"No data returned for {apt_icao}")
ValueError: No data returned for XRWL

Processing Z19O...
Failed to process Z19O. Error: No data returned for Z19O
Traceback (most recent call last):
  File "/home/jupyter/work/opdi-workspace/opdi/src/opdi/reference/h3_airport_layouts.py", line 495, in process_airport
    df = hexagonify_airport(
  File "/home/jupyter/work/opdi-workspace/opdi/src/opdi/reference/h3_airport_layouts.py", line 304, in hexagonify_airport
    raise ValueError(f"No data returned for {apt_icao}")
ValueError: No data returned for Z19O

built 1036, failed 321, 359 s
FAILED_ICAOS: ['AZ-0001', 'AZ-0013', 'AZ-0021', 'BG-JAM', 'BGCO', 'BY-0006', 'DAAB', 'DAAD', 'DAAE', 'DAAG', 'DAAJ', 'DAAK', 'DAAP', 'DAAS', 'DAAV', 'DAAY', 'DAAZ', 'DABB', 'DABC', 'DABS', 'DABT', 'DAFH', 'DAOB', 'DAOF', 'DAOI', 'DAOL', 'DAON', 'DAOO', 'DAOR', 'DAOV', 'DAUA', 'DAUB', 'DAUE', 'DAUG', 'DAUH', 'DAUI', 'DAUK', 'DAUL', 'DAUO', 'DAUT', 'DAUU', 'DAUZ', 'DTKA', 'DTMB', 'DTNH', 'DTTA', 'DTTB', 'DTTD', 'DTTF', 'DTTG', 'DTTJ', 'DTTR', 'DTTX', 'DTTZ', 'DZ-0016', 'EES', 'EG-0003', 'EGXG', 'EVTA', 'GCFV', 'GCHI', 'GCLA', 'GCLP', 'GCRR', 'GCTS', 'GCXO', 'GMAD', 'GMAT', 'GMAZ', 'GMFB', 'GMFF', 'GMFK', 'GMFM', 'GMFO', 'GMMA', 'GMMD', 'GMME', 'GMMI', 'GMML', 'GMMN', 'GMMW', 'GMMX', 'GMMY', 'GMMZ', 'GMTA', 'GMTN', 'GMTT', 'HE16', 'HE28', 'HE32', 'HE35', 'HE36', 'HE37', 'HE42', 'HEAL', 'HEAR', 'HEAT', 'HEAZ', 'HEBA', 'HEBS', 'HECA', 'HECP', 'HECW', 'HEGN', 'HEGR', 'HEGS', 'HEIS', 'HELX', 'HEMA', 'HEMM', 'HEPS', 'HESC', 'HESG', 'HESH', 'HESN', 'HESX', 'HETB', 'HL68', 'HL77', 'HLGD', 'HLGT', 'HLKF', 'HLLB', 'HLLM', 'HLLQ', 'HLLS', 'HLMB', 'HLTD', 'HU-0002', 'IQ-0016', 'IQ-0017', 'IQ-0018', 'IQ-0020', 'IQ-0021', 'IQ-0024', 'IQ-0030', 'IQ-0034', 'IQ-0039', 'IQ-0040', 'IQ-0042', 'IQ-0045', 'IQ-0051', 'IQ-0054', 'JO-0002', 'LLBG', 'LLEK', 'LLER', 'LLHA', 'LLIB', 'LLMZ', 'LLNV', 'LLRD', 'LLRM', 'LR82', 'LY-BCQ', 'MA-0003', 'OBBI', 'OBBS', 'OEAH', 'OEAO', 'OEDF', 'OEDM', 'OEDR', 'OEGS', 'OEGT', 'OEHL', 'OEJB', 'OEKK', 'OEMA', 'OENN', 'OEPA', 'OEPS', 'OERF', 'OERK', 'OERM', 'OERR', 'OERT', 'OESK', 'OETB', 'OETN', 'OETR', 'OEWJ', 'OEYN', 'OIAA', 'OIAD', 'OIAG', 'OIAH', 'OIAI', 'OIAM', 'OIAW', 'OIBB', 'OIBJ', 'OIBQ', 'OICC', 'OICI', 'OICK', 'OICS', 'OIFK', 'OIFM', 'OIFP', 'OIFS', 'OIGG', 'OIHH', 'OIHS', 'OIIE', 'OIII', 'OIIK', 'OIIP', 'OINN', 'OINR', 'OISS', 'OISY', 'OITL', 'OITR', 'OITT', 'OITU', 'OITZ', 'OJAI', 'OJAM', 'OJAQ', 'OJMS', 'OKAJ', 'OKAS', 'OKKK', 'OLBA', 'OLKA', 'OLRA', 'OMBY', 'ORAA', 'ORAT', 'ORBD', 'ORBI', 'ORBM', 'ORER', 'ORKK', 'ORMM', 'ORNI', 'ORQW', 'ORSH', 'ORSU', 'ORTF', 'ORTI', 'ORTL', 'ORUB', 'OS57', 'OS64', 'OS69', 'OS70', 'OSAP', 'OSDI', 'OSDZ', 'OSKL', 'OSLK', 'OSPR', 'OTBD', 'OTBH', 'OTHH', 'RSI', 'RU-0125', 'RU-0303', 'RU-0304', 'RU-0380', 'RU-0764', 'RU-10001', 'RU-2344', 'RU-3709', 'RU-4421', 'RU-4536', 'RU-6558', 'RU-6687', 'RU-8602', 'RU-9345', 'SA-0094', 'SE-0120', 'TR-0004', 'TR-0028', 'UA-0020', 'UARR', 'UATE', 'UATG', 'UB12', 'UB13', 'UB14', 'UB18', 'UBBB', 'UBBG', 'UBBN', 'UBBQ', 'UBBY', 'UBLC', 'UDSG', 'UDYE', 'UDYZ', 'UG11', 'UG28', 'UKFB', 'ULKK', 'ULWU', 'URMG', 'URML', 'URWA', 'USKK', 'UUYX', 'UUYY', 'UWKD', 'UWKE', 'UWKG', 'UWKJ', 'UWKS', 'UWLL', 'UWLW', 'UWPP', 'UWPS', 'UWSB', 'UWSG', 'UWWB', 'UWWG', 'UWWW', 'XRMU', 'XRWL', 'Z19O']
ASSIGNMENT_REPORT_HEAD
method
bbox       4342
polygon     936
TASK6_BUILD_DONE
