WARNING: Using incubator modules: jdk.incubator.vector
:: loading settings :: url = jar:file:/home/jupyter/work/opdi-workspace/opdi/.venv310/lib/python3.10/site-packages/pyspark/jars/ivy-2.5.3.jar!/org/apache/ivy/core/settings/ivysettings.xml
Ivy Default Cache set to: /home/jupyter/.ivy2.5.2/cache
The jars for the packages stored in: /home/jupyter/.ivy2.5.2/jars
org.apache.hadoop#hadoop-aws added as a dependency
:: resolving dependencies :: org.apache.spark#spark-submit-parent-c84ff700-3796-48f9-ab78-dc22e22c6c77;1.0
	confs: [default]
	found org.apache.hadoop#hadoop-aws;3.5.0 in central
	found software.amazon.awssdk#bundle;2.35.4 in central
	found software.amazon.s3.analyticsaccelerator#analyticsaccelerator-s3;1.3.1 in central
	found org.wildfly.openssl#wildfly-openssl;2.2.5.Final in central
:: resolution report :: resolve 172ms :: artifacts dl 7ms
	:: modules in use:
	org.apache.hadoop#hadoop-aws;3.5.0 from central in [default]
	org.wildfly.openssl#wildfly-openssl;2.2.5.Final from central in [default]
	software.amazon.awssdk#bundle;2.35.4 from central in [default]
	software.amazon.s3.analyticsaccelerator#analyticsaccelerator-s3;1.3.1 from central in [default]
	---------------------------------------------------------------------
	|                  |            modules            ||   artifacts   |
	|       conf       | number| search|dwnlded|evicted|| number|dwnlded|
	---------------------------------------------------------------------
	|      default     |   4   |   0   |   0   |   0   ||   4   |   0   |
	---------------------------------------------------------------------
:: retrieving :: org.apache.spark#spark-submit-parent-c84ff700-3796-48f9-ab78-dc22e22c6c77
	confs: [default]
	0 artifacts copied, 4 already retrieved (0kB/5ms)
26/09/07 20:19:24 WARN NativeCodeLoader: Unable to load native-hadoop library for your platform... using builtin-java classes where applicable
Using Spark's default log4j profile: org/apache/spark/log4j2-defaults.properties
Setting default log level to "WARN".
To adjust logging level use sc.setLogLevel(newLevel). For SparkR, use setLogLevel(newLevel).
SLF4J: Failed to load class "org.slf4j.impl.StaticLoggerBinder".
SLF4J: Defaulting to no-operation (NOP) logger implementation
SLF4J: See http://www.slf4j.org/codes.html#StaticLoggerBinder for further details.
[Stage 0:>                                                                                                                        (0 + 1) / 1]                                                                                                                                              [Stage 1:>                                                                                                                        (0 + 4) / 4][Stage 1:==========================================================================================>                              (3 + 1) / 4]                                                                                                                                              There are 1357 airports to process (within OPDI bbox)...
Processing AZ-0001...
Failed to process AZ-0001. Error: No data returned for AZ-0001
Traceback (most recent call last):
  File "/home/jupyter/work/opdi-workspace/opdi/src/opdi/reference/h3_airport_layouts.py", line 495, in process_airport
    df = hexagonify_airport(
  File "/home/jupyter/work/opdi-workspace/opdi/src/opdi/reference/h3_airport_layouts.py", line 304, in hexagonify_airport
    raise ValueError(f"No data returned for {apt_icao}")
ValueError: No data returned for AZ-0001

Processing AZ-0013...
Failed to process AZ-0013. Error: No data returned for AZ-0013
Traceback (most recent call last):
  File "/home/jupyter/work/opdi-workspace/opdi/src/opdi/reference/h3_airport_layouts.py", line 495, in process_airport
    df = hexagonify_airport(
  File "/home/jupyter/work/opdi-workspace/opdi/src/opdi/reference/h3_airport_layouts.py", line 304, in hexagonify_airport
    raise ValueError(f"No data returned for {apt_icao}")
ValueError: No data returned for AZ-0013

Processing AZ-0021...
Failed to process AZ-0021. Error: No data returned for AZ-0021
Traceback (most recent call last):
  File "/home/jupyter/work/opdi-workspace/opdi/src/opdi/reference/h3_airport_layouts.py", line 495, in process_airport
    df = hexagonify_airport(
  File "/home/jupyter/work/opdi-workspace/opdi/src/opdi/reference/h3_airport_layouts.py", line 304, in hexagonify_airport
    raise ValueError(f"No data returned for {apt_icao}")
ValueError: No data returned for AZ-0021

Processing BG-JAM...
Failed to process BG-JAM. Error: No data returned for BG-JAM
Traceback (most recent call last):
  File "/home/jupyter/work/opdi-workspace/opdi/src/opdi/reference/h3_airport_layouts.py", line 495, in process_airport
    df = hexagonify_airport(
  File "/home/jupyter/work/opdi-workspace/opdi/src/opdi/reference/h3_airport_layouts.py", line 304, in hexagonify_airport
    raise ValueError(f"No data returned for {apt_icao}")
ValueError: No data returned for BG-JAM

Processing BGCO...
Failed to process BGCO. Error: No data returned for BGCO
Traceback (most recent call last):
  File "/home/jupyter/work/opdi-workspace/opdi/src/opdi/reference/h3_airport_layouts.py", line 495, in process_airport
    df = hexagonify_airport(
  File "/home/jupyter/work/opdi-workspace/opdi/src/opdi/reference/h3_airport_layouts.py", line 304, in hexagonify_airport
    raise ValueError(f"No data returned for {apt_icao}")
ValueError: No data returned for BGCO

Processing BIAR...
Processing BIBD...
Processing BIEG...
Processing BIGR...
Processing BIHN...
Processing BIHU...
Processing BIIS...
Processing BIKF...
Processing BIRK...
Processing BIRL...
Processing BISI...
Processing BIVM...
Processing BIVO...
Processing BKPR...
Processing BY-0001...
Processing BY-0006...
Failed to process BY-0006. Error: No data returned for BY-0006
Traceback (most recent call last):
  File "/home/jupyter/work/opdi-workspace/opdi/src/opdi/reference/h3_airport_layouts.py", line 495, in process_airport
    df = hexagonify_airport(
  File "/home/jupyter/work/opdi-workspace/opdi/src/opdi/reference/h3_airport_layouts.py", line 304, in hexagonify_airport
    raise ValueError(f"No data returned for {apt_icao}")
ValueError: No data returned for BY-0006

Processing CZ-0244...
Processing DAAB...
Failed to process DAAB. Error: No data returned for DAAB
Traceback (most recent call last):
  File "/home/jupyter/work/opdi-workspace/opdi/src/opdi/reference/h3_airport_layouts.py", line 495, in process_airport
    df = hexagonify_airport(
  File "/home/jupyter/work/opdi-workspace/opdi/src/opdi/reference/h3_airport_layouts.py", line 304, in hexagonify_airport
    raise ValueError(f"No data returned for {apt_icao}")
ValueError: No data returned for DAAB

Processing DAAD...
Failed to process DAAD. Error: No data returned for DAAD
Traceback (most recent call last):
  File "/home/jupyter/work/opdi-workspace/opdi/src/opdi/reference/h3_airport_layouts.py", line 495, in process_airport
    df = hexagonify_airport(
  File "/home/jupyter/work/opdi-workspace/opdi/src/opdi/reference/h3_airport_layouts.py", line 304, in hexagonify_airport
    raise ValueError(f"No data returned for {apt_icao}")
ValueError: No data returned for DAAD

Processing DAAE...
Failed to process DAAE. Error: No data returned for DAAE
Traceback (most recent call last):
  File "/home/jupyter/work/opdi-workspace/opdi/src/opdi/reference/h3_airport_layouts.py", line 495, in process_airport
    df = hexagonify_airport(
  File "/home/jupyter/work/opdi-workspace/opdi/src/opdi/reference/h3_airport_layouts.py", line 304, in hexagonify_airport
    raise ValueError(f"No data returned for {apt_icao}")
ValueError: No data returned for DAAE

Processing DAAG...
Failed to process DAAG. Error: No data returned for DAAG
Traceback (most recent call last):
  File "/home/jupyter/work/opdi-workspace/opdi/src/opdi/reference/h3_airport_layouts.py", line 495, in process_airport
    df = hexagonify_airport(
  File "/home/jupyter/work/opdi-workspace/opdi/src/opdi/reference/h3_airport_layouts.py", line 304, in hexagonify_airport
    raise ValueError(f"No data returned for {apt_icao}")
ValueError: No data returned for DAAG

Processing DAAJ...
Failed to process DAAJ. Error: No data returned for DAAJ
Traceback (most recent call last):
  File "/home/jupyter/work/opdi-workspace/opdi/src/opdi/reference/h3_airport_layouts.py", line 495, in process_airport
    df = hexagonify_airport(
  File "/home/jupyter/work/opdi-workspace/opdi/src/opdi/reference/h3_airport_layouts.py", line 304, in hexagonify_airport
    raise ValueError(f"No data returned for {apt_icao}")
ValueError: No data returned for DAAJ

Processing DAAK...
Failed to process DAAK. Error: No data returned for DAAK
Traceback (most recent call last):
  File "/home/jupyter/work/opdi-workspace/opdi/src/opdi/reference/h3_airport_layouts.py", line 495, in process_airport
    df = hexagonify_airport(
  File "/home/jupyter/work/opdi-workspace/opdi/src/opdi/reference/h3_airport_layouts.py", line 304, in hexagonify_airport
    raise ValueError(f"No data returned for {apt_icao}")
ValueError: No data returned for DAAK

Processing DAAP...
Failed to process DAAP. Error: No data returned for DAAP
Traceback (most recent call last):
  File "/home/jupyter/work/opdi-workspace/opdi/src/opdi/reference/h3_airport_layouts.py", line 495, in process_airport
    df = hexagonify_airport(
  File "/home/jupyter/work/opdi-workspace/opdi/src/opdi/reference/h3_airport_layouts.py", line 304, in hexagonify_airport
    raise ValueError(f"No data returned for {apt_icao}")
ValueError: No data returned for DAAP

Processing DAAS...
Failed to process DAAS. Error: No data returned for DAAS
Traceback (most recent call last):
  File "/home/jupyter/work/opdi-workspace/opdi/src/opdi/reference/h3_airport_layouts.py", line 495, in process_airport
    df = hexagonify_airport(
  File "/home/jupyter/work/opdi-workspace/opdi/src/opdi/reference/h3_airport_layouts.py", line 304, in hexagonify_airport
    raise ValueError(f"No data returned for {apt_icao}")
ValueError: No data returned for DAAS

Processing DAAV...
Failed to process DAAV. Error: No data returned for DAAV
Traceback (most recent call last):
  File "/home/jupyter/work/opdi-workspace/opdi/src/opdi/reference/h3_airport_layouts.py", line 495, in process_airport
    df = hexagonify_airport(
  File "/home/jupyter/work/opdi-workspace/opdi/src/opdi/reference/h3_airport_layouts.py", line 304, in hexagonify_airport
    raise ValueError(f"No data returned for {apt_icao}")
ValueError: No data returned for DAAV

Processing DAAY...
Failed to process DAAY. Error: No data returned for DAAY
Traceback (most recent call last):
  File "/home/jupyter/work/opdi-workspace/opdi/src/opdi/reference/h3_airport_layouts.py", line 495, in process_airport
    df = hexagonify_airport(
  File "/home/jupyter/work/opdi-workspace/opdi/src/opdi/reference/h3_airport_layouts.py", line 304, in hexagonify_airport
    raise ValueError(f"No data returned for {apt_icao}")
ValueError: No data returned for DAAY

Processing DAAZ...
Failed to process DAAZ. Error: No data returned for DAAZ
Traceback (most recent call last):
  File "/home/jupyter/work/opdi-workspace/opdi/src/opdi/reference/h3_airport_layouts.py", line 495, in process_airport
    df = hexagonify_airport(
  File "/home/jupyter/work/opdi-workspace/opdi/src/opdi/reference/h3_airport_layouts.py", line 304, in hexagonify_airport
    raise ValueError(f"No data returned for {apt_icao}")
ValueError: No data returned for DAAZ

Processing DABB...
Failed to process DABB. Error: No data returned for DABB
Traceback (most recent call last):
  File "/home/jupyter/work/opdi-workspace/opdi/src/opdi/reference/h3_airport_layouts.py", line 495, in process_airport
    df = hexagonify_airport(
  File "/home/jupyter/work/opdi-workspace/opdi/src/opdi/reference/h3_airport_layouts.py", line 304, in hexagonify_airport
    raise ValueError(f"No data returned for {apt_icao}")
ValueError: No data returned for DABB

Processing DABC...
Failed to process DABC. Error: No data returned for DABC
Traceback (most recent call last):
  File "/home/jupyter/work/opdi-workspace/opdi/src/opdi/reference/h3_airport_layouts.py", line 495, in process_airport
    df = hexagonify_airport(
  File "/home/jupyter/work/opdi-workspace/opdi/src/opdi/reference/h3_airport_layouts.py", line 304, in hexagonify_airport
    raise ValueError(f"No data returned for {apt_icao}")
ValueError: No data returned for DABC

Processing DABS...
Failed to process DABS. Error: No data returned for DABS
Traceback (most recent call last):
  File "/home/jupyter/work/opdi-workspace/opdi/src/opdi/reference/h3_airport_layouts.py", line 495, in process_airport
    df = hexagonify_airport(
  File "/home/jupyter/work/opdi-workspace/opdi/src/opdi/reference/h3_airport_layouts.py", line 304, in hexagonify_airport
    raise ValueError(f"No data returned for {apt_icao}")
ValueError: No data returned for DABS

Processing DABT...
Failed to process DABT. Error: No data returned for DABT
Traceback (most recent call last):
  File "/home/jupyter/work/opdi-workspace/opdi/src/opdi/reference/h3_airport_layouts.py", line 495, in process_airport
    df = hexagonify_airport(
  File "/home/jupyter/work/opdi-workspace/opdi/src/opdi/reference/h3_airport_layouts.py", line 304, in hexagonify_airport
    raise ValueError(f"No data returned for {apt_icao}")
ValueError: No data returned for DABT

Processing DAFH...
Failed to process DAFH. Error: No data returned for DAFH
Traceback (most recent call last):
  File "/home/jupyter/work/opdi-workspace/opdi/src/opdi/reference/h3_airport_layouts.py", line 495, in process_airport
    df = hexagonify_airport(
  File "/home/jupyter/work/opdi-workspace/opdi/src/opdi/reference/h3_airport_layouts.py", line 304, in hexagonify_airport
    raise ValueError(f"No data returned for {apt_icao}")
ValueError: No data returned for DAFH

Processing DAOB...
Failed to process DAOB. Error: No data returned for DAOB
Traceback (most recent call last):
  File "/home/jupyter/work/opdi-workspace/opdi/src/opdi/reference/h3_airport_layouts.py", line 495, in process_airport
    df = hexagonify_airport(
  File "/home/jupyter/work/opdi-workspace/opdi/src/opdi/reference/h3_airport_layouts.py", line 304, in hexagonify_airport
    raise ValueError(f"No data returned for {apt_icao}")
ValueError: No data returned for DAOB

Processing DAOF...
Failed to process DAOF. Error: No data returned for DAOF
Traceback (most recent call last):
  File "/home/jupyter/work/opdi-workspace/opdi/src/opdi/reference/h3_airport_layouts.py", line 495, in process_airport
    df = hexagonify_airport(
  File "/home/jupyter/work/opdi-workspace/opdi/src/opdi/reference/h3_airport_layouts.py", line 304, in hexagonify_airport
    raise ValueError(f"No data returned for {apt_icao}")
ValueError: No data returned for DAOF

Processing DAOI...
Failed to process DAOI. Error: No data returned for DAOI
Traceback (most recent call last):
  File "/home/jupyter/work/opdi-workspace/opdi/src/opdi/reference/h3_airport_layouts.py", line 495, in process_airport
    df = hexagonify_airport(
  File "/home/jupyter/work/opdi-workspace/opdi/src/opdi/reference/h3_airport_layouts.py", line 304, in hexagonify_airport
    raise ValueError(f"No data returned for {apt_icao}")
ValueError: No data returned for DAOI

Processing DAOL...
Failed to process DAOL. Error: No data returned for DAOL
Traceback (most recent call last):
  File "/home/jupyter/work/opdi-workspace/opdi/src/opdi/reference/h3_airport_layouts.py", line 495, in process_airport
    df = hexagonify_airport(
  File "/home/jupyter/work/opdi-workspace/opdi/src/opdi/reference/h3_airport_layouts.py", line 304, in hexagonify_airport
    raise ValueError(f"No data returned for {apt_icao}")
ValueError: No data returned for DAOL

Processing DAON...
Failed to process DAON. Error: No data returned for DAON
Traceback (most recent call last):
  File "/home/jupyter/work/opdi-workspace/opdi/src/opdi/reference/h3_airport_layouts.py", line 495, in process_airport
    df = hexagonify_airport(
  File "/home/jupyter/work/opdi-workspace/opdi/src/opdi/reference/h3_airport_layouts.py", line 304, in hexagonify_airport
    raise ValueError(f"No data returned for {apt_icao}")
ValueError: No data returned for DAON

Processing DAOO...
Failed to process DAOO. Error: No data returned for DAOO
Traceback (most recent call last):
  File "/home/jupyter/work/opdi-workspace/opdi/src/opdi/reference/h3_airport_layouts.py", line 495, in process_airport
    df = hexagonify_airport(
  File "/home/jupyter/work/opdi-workspace/opdi/src/opdi/reference/h3_airport_layouts.py", line 304, in hexagonify_airport
    raise ValueError(f"No data returned for {apt_icao}")
ValueError: No data returned for DAOO

Processing DAOR...
Failed to process DAOR. Error: No data returned for DAOR
Traceback (most recent call last):
  File "/home/jupyter/work/opdi-workspace/opdi/src/opdi/reference/h3_airport_layouts.py", line 495, in process_airport
    df = hexagonify_airport(
  File "/home/jupyter/work/opdi-workspace/opdi/src/opdi/reference/h3_airport_layouts.py", line 304, in hexagonify_airport
    raise ValueError(f"No data returned for {apt_icao}")
ValueError: No data returned for DAOR

Processing DAOV...
Failed to process DAOV. Error: No data returned for DAOV
Traceback (most recent call last):
  File "/home/jupyter/work/opdi-workspace/opdi/src/opdi/reference/h3_airport_layouts.py", line 495, in process_airport
    df = hexagonify_airport(
  File "/home/jupyter/work/opdi-workspace/opdi/src/opdi/reference/h3_airport_layouts.py", line 304, in hexagonify_airport
    raise ValueError(f"No data returned for {apt_icao}")
ValueError: No data returned for DAOV

Processing DAUA...
Failed to process DAUA. Error: No data returned for DAUA
Traceback (most recent call last):
  File "/home/jupyter/work/opdi-workspace/opdi/src/opdi/reference/h3_airport_layouts.py", line 495, in process_airport
    df = hexagonify_airport(
  File "/home/jupyter/work/opdi-workspace/opdi/src/opdi/reference/h3_airport_layouts.py", line 304, in hexagonify_airport
    raise ValueError(f"No data returned for {apt_icao}")
ValueError: No data returned for DAUA

Processing DAUB...
Failed to process DAUB. Error: No data returned for DAUB
Traceback (most recent call last):
  File "/home/jupyter/work/opdi-workspace/opdi/src/opdi/reference/h3_airport_layouts.py", line 495, in process_airport
    df = hexagonify_airport(
  File "/home/jupyter/work/opdi-workspace/opdi/src/opdi/reference/h3_airport_layouts.py", line 304, in hexagonify_airport
    raise ValueError(f"No data returned for {apt_icao}")
ValueError: No data returned for DAUB

Processing DAUE...
Failed to process DAUE. Error: No data returned for DAUE
Traceback (most recent call last):
  File "/home/jupyter/work/opdi-workspace/opdi/src/opdi/reference/h3_airport_layouts.py", line 495, in process_airport
    df = hexagonify_airport(
  File "/home/jupyter/work/opdi-workspace/opdi/src/opdi/reference/h3_airport_layouts.py", line 304, in hexagonify_airport
    raise ValueError(f"No data returned for {apt_icao}")
ValueError: No data returned for DAUE

Processing DAUG...
Failed to process DAUG. Error: No data returned for DAUG
Traceback (most recent call last):
  File "/home/jupyter/work/opdi-workspace/opdi/src/opdi/reference/h3_airport_layouts.py", line 495, in process_airport
    df = hexagonify_airport(
  File "/home/jupyter/work/opdi-workspace/opdi/src/opdi/reference/h3_airport_layouts.py", line 304, in hexagonify_airport
    raise ValueError(f"No data returned for {apt_icao}")
ValueError: No data returned for DAUG

Processing DAUH...
Failed to process DAUH. Error: No data returned for DAUH
Traceback (most recent call last):
  File "/home/jupyter/work/opdi-workspace/opdi/src/opdi/reference/h3_airport_layouts.py", line 495, in process_airport
    df = hexagonify_airport(
  File "/home/jupyter/work/opdi-workspace/opdi/src/opdi/reference/h3_airport_layouts.py", line 304, in hexagonify_airport
    raise ValueError(f"No data returned for {apt_icao}")
ValueError: No data returned for DAUH

Processing DAUI...
Failed to process DAUI. Error: No data returned for DAUI
Traceback (most recent call last):
  File "/home/jupyter/work/opdi-workspace/opdi/src/opdi/reference/h3_airport_layouts.py", line 495, in process_airport
    df = hexagonify_airport(
  File "/home/jupyter/work/opdi-workspace/opdi/src/opdi/reference/h3_airport_layouts.py", line 304, in hexagonify_airport
    raise ValueError(f"No data returned for {apt_icao}")
ValueError: No data returned for DAUI

Processing DAUK...
Failed to process DAUK. Error: No data returned for DAUK
Traceback (most recent call last):
  File "/home/jupyter/work/opdi-workspace/opdi/src/opdi/reference/h3_airport_layouts.py", line 495, in process_airport
    df = hexagonify_airport(
  File "/home/jupyter/work/opdi-workspace/opdi/src/opdi/reference/h3_airport_layouts.py", line 304, in hexagonify_airport
    raise ValueError(f"No data returned for {apt_icao}")
ValueError: No data returned for DAUK

Processing DAUL...
Failed to process DAUL. Error: No data returned for DAUL
Traceback (most recent call last):
  File "/home/jupyter/work/opdi-workspace/opdi/src/opdi/reference/h3_airport_layouts.py", line 495, in process_airport
    df = hexagonify_airport(
  File "/home/jupyter/work/opdi-workspace/opdi/src/opdi/reference/h3_airport_layouts.py", line 304, in hexagonify_airport
    raise ValueError(f"No data returned for {apt_icao}")
ValueError: No data returned for DAUL

Processing DAUO...
Failed to process DAUO. Error: No data returned for DAUO
Traceback (most recent call last):
  File "/home/jupyter/work/opdi-workspace/opdi/src/opdi/reference/h3_airport_layouts.py", line 495, in process_airport
    df = hexagonify_airport(
  File "/home/jupyter/work/opdi-workspace/opdi/src/opdi/reference/h3_airport_layouts.py", line 304, in hexagonify_airport
    raise ValueError(f"No data returned for {apt_icao}")
ValueError: No data returned for DAUO

Processing DAUT...
Failed to process DAUT. Error: No data returned for DAUT
Traceback (most recent call last):
  File "/home/jupyter/work/opdi-workspace/opdi/src/opdi/reference/h3_airport_layouts.py", line 495, in process_airport
    df = hexagonify_airport(
  File "/home/jupyter/work/opdi-workspace/opdi/src/opdi/reference/h3_airport_layouts.py", line 304, in hexagonify_airport
    raise ValueError(f"No data returned for {apt_icao}")
ValueError: No data returned for DAUT

Processing DAUU...
Failed to process DAUU. Error: No data returned for DAUU
Traceback (most recent call last):
  File "/home/jupyter/work/opdi-workspace/opdi/src/opdi/reference/h3_airport_layouts.py", line 495, in process_airport
    df = hexagonify_airport(
  File "/home/jupyter/work/opdi-workspace/opdi/src/opdi/reference/h3_airport_layouts.py", line 304, in hexagonify_airport
    raise ValueError(f"No data returned for {apt_icao}")
ValueError: No data returned for DAUU

Processing DAUZ...
Failed to process DAUZ. Error: No data returned for DAUZ
Traceback (most recent call last):
  File "/home/jupyter/work/opdi-workspace/opdi/src/opdi/reference/h3_airport_layouts.py", line 495, in process_airport
    df = hexagonify_airport(
  File "/home/jupyter/work/opdi-workspace/opdi/src/opdi/reference/h3_airport_layouts.py", line 304, in hexagonify_airport
    raise ValueError(f"No data returned for {apt_icao}")
ValueError: No data returned for DAUZ

Processing DTKA...
Failed to process DTKA. Error: No data returned for DTKA
Traceback (most recent call last):
  File "/home/jupyter/work/opdi-workspace/opdi/src/opdi/reference/h3_airport_layouts.py", line 495, in process_airport
    df = hexagonify_airport(
  File "/home/jupyter/work/opdi-workspace/opdi/src/opdi/reference/h3_airport_layouts.py", line 304, in hexagonify_airport
    raise ValueError(f"No data returned for {apt_icao}")
ValueError: No data returned for DTKA

Processing DTMB...
Failed to process DTMB. Error: No data returned for DTMB
Traceback (most recent call last):
  File "/home/jupyter/work/opdi-workspace/opdi/src/opdi/reference/h3_airport_layouts.py", line 495, in process_airport
    df = hexagonify_airport(
  File "/home/jupyter/work/opdi-workspace/opdi/src/opdi/reference/h3_airport_layouts.py", line 304, in hexagonify_airport
    raise ValueError(f"No data returned for {apt_icao}")
ValueError: No data returned for DTMB

Processing DTNH...
Failed to process DTNH. Error: No data returned for DTNH
Traceback (most recent call last):
  File "/home/jupyter/work/opdi-workspace/opdi/src/opdi/reference/h3_airport_layouts.py", line 495, in process_airport
    df = hexagonify_airport(
  File "/home/jupyter/work/opdi-workspace/opdi/src/opdi/reference/h3_airport_layouts.py", line 304, in hexagonify_airport
    raise ValueError(f"No data returned for {apt_icao}")
ValueError: No data returned for DTNH

Processing DTTA...
Failed to process DTTA. Error: No data returned for DTTA
Traceback (most recent call last):
  File "/home/jupyter/work/opdi-workspace/opdi/src/opdi/reference/h3_airport_layouts.py", line 495, in process_airport
    df = hexagonify_airport(
  File "/home/jupyter/work/opdi-workspace/opdi/src/opdi/reference/h3_airport_layouts.py", line 304, in hexagonify_airport
    raise ValueError(f"No data returned for {apt_icao}")
ValueError: No data returned for DTTA

Processing DTTB...
Failed to process DTTB. Error: No data returned for DTTB
Traceback (most recent call last):
  File "/home/jupyter/work/opdi-workspace/opdi/src/opdi/reference/h3_airport_layouts.py", line 495, in process_airport
    df = hexagonify_airport(
  File "/home/jupyter/work/opdi-workspace/opdi/src/opdi/reference/h3_airport_layouts.py", line 304, in hexagonify_airport
    raise ValueError(f"No data returned for {apt_icao}")
ValueError: No data returned for DTTB

Processing DTTD...
Failed to process DTTD. Error: No data returned for DTTD
Traceback (most recent call last):
  File "/home/jupyter/work/opdi-workspace/opdi/src/opdi/reference/h3_airport_layouts.py", line 495, in process_airport
    df = hexagonify_airport(
  File "/home/jupyter/work/opdi-workspace/opdi/src/opdi/reference/h3_airport_layouts.py", line 304, in hexagonify_airport
    raise ValueError(f"No data returned for {apt_icao}")
ValueError: No data returned for DTTD

Processing DTTF...
Failed to process DTTF. Error: No data returned for DTTF
Traceback (most recent call last):
  File "/home/jupyter/work/opdi-workspace/opdi/src/opdi/reference/h3_airport_layouts.py", line 495, in process_airport
    df = hexagonify_airport(
  File "/home/jupyter/work/opdi-workspace/opdi/src/opdi/reference/h3_airport_layouts.py", line 304, in hexagonify_airport
    raise ValueError(f"No data returned for {apt_icao}")
ValueError: No data returned for DTTF

Processing DTTG...
Failed to process DTTG. Error: No data returned for DTTG
Traceback (most recent call last):
  File "/home/jupyter/work/opdi-workspace/opdi/src/opdi/reference/h3_airport_layouts.py", line 495, in process_airport
    df = hexagonify_airport(
  File "/home/jupyter/work/opdi-workspace/opdi/src/opdi/reference/h3_airport_layouts.py", line 304, in hexagonify_airport
    raise ValueError(f"No data returned for {apt_icao}")
ValueError: No data returned for DTTG

Processing DTTJ...
Failed to process DTTJ. Error: No data returned for DTTJ
Traceback (most recent call last):
  File "/home/jupyter/work/opdi-workspace/opdi/src/opdi/reference/h3_airport_layouts.py", line 495, in process_airport
    df = hexagonify_airport(
  File "/home/jupyter/work/opdi-workspace/opdi/src/opdi/reference/h3_airport_layouts.py", line 304, in hexagonify_airport
    raise ValueError(f"No data returned for {apt_icao}")
ValueError: No data returned for DTTJ

Processing DTTR...
Failed to process DTTR. Error: No data returned for DTTR
Traceback (most recent call last):
  File "/home/jupyter/work/opdi-workspace/opdi/src/opdi/reference/h3_airport_layouts.py", line 495, in process_airport
    df = hexagonify_airport(
  File "/home/jupyter/work/opdi-workspace/opdi/src/opdi/reference/h3_airport_layouts.py", line 304, in hexagonify_airport
    raise ValueError(f"No data returned for {apt_icao}")
ValueError: No data returned for DTTR

Processing DTTX...
Failed to process DTTX. Error: No data returned for DTTX
Traceback (most recent call last):
  File "/home/jupyter/work/opdi-workspace/opdi/src/opdi/reference/h3_airport_layouts.py", line 495, in process_airport
    df = hexagonify_airport(
  File "/home/jupyter/work/opdi-workspace/opdi/src/opdi/reference/h3_airport_layouts.py", line 304, in hexagonify_airport
    raise ValueError(f"No data returned for {apt_icao}")
ValueError: No data returned for DTTX

Processing DTTZ...
Failed to process DTTZ. Error: No data returned for DTTZ
Traceback (most recent call last):
  File "/home/jupyter/work/opdi-workspace/opdi/src/opdi/reference/h3_airport_layouts.py", line 495, in process_airport
    df = hexagonify_airport(
  File "/home/jupyter/work/opdi-workspace/opdi/src/opdi/reference/h3_airport_layouts.py", line 304, in hexagonify_airport
    raise ValueError(f"No data returned for {apt_icao}")
ValueError: No data returned for DTTZ

Processing DZ-0016...
Failed to process DZ-0016. Error: No data returned for DZ-0016
Traceback (most recent call last):
  File "/home/jupyter/work/opdi-workspace/opdi/src/opdi/reference/h3_airport_layouts.py", line 495, in process_airport
    df = hexagonify_airport(
  File "/home/jupyter/work/opdi-workspace/opdi/src/opdi/reference/h3_airport_layouts.py", line 304, in hexagonify_airport
    raise ValueError(f"No data returned for {apt_icao}")
ValueError: No data returned for DZ-0016

Processing EBAW...
Processing EBBE...
Processing EBBL...
Processing EBBR...
Processing EBCI...
Processing EBCV...
Processing EBFN...
Processing EBFS...
Processing EBKT...
Processing EBLG...
Processing EBOS...
Processing EDAC...
Processing EDAH...
Processing EDBN...
Processing EDBR...
Processing EDDB...
Processing EDDC...
Processing EDDE...
Processing EDDF...
Processing EDDG...
Processing EDDH...
Processing EDDK...
Processing EDDL...
Processing EDDM...
Processing EDDN...
Processing EDDP...
Processing EDDR...
Processing EDDS...
Processing EDDV...
Processing EDDW...
Processing EDFE...
Processing EDFH...
Processing EDFM...
Processing EDFZ...
Processing EDGE...
Processing EDGS...
Processing EDHI...
Processing EDHK...
Processing EDHL...
Processing EDJA...
Processing EDLI...
Processing EDLN...
Processing EDLP...
Processing EDLV...
Processing EDLW...
Processing EDMA...
Processing EDML...
Processing EDMO...
Processing EDNY...
Processing EDQA...
Processing EDQD...
Processing EDQM...
Processing EDSB...
Processing EDTD...
Processing EDTL...
Processing EDTM...
Processing EDTY...
Processing EDUZ...
Processing EDVE...
Processing EDVK...
Processing EDXW...
Processing EEEI...
Processing EEKA...
Processing EEKE...
Processing EEPU...
Processing EES...
Failed to process EES. Error: No data returned for EES
Traceback (most recent call last):
  File "/home/jupyter/work/opdi-workspace/opdi/src/opdi/reference/h3_airport_layouts.py", line 495, in process_airport
    df = hexagonify_airport(
  File "/home/jupyter/work/opdi-workspace/opdi/src/opdi/reference/h3_airport_layouts.py", line 304, in hexagonify_airport
    raise ValueError(f"No data returned for {apt_icao}")
ValueError: No data returned for EES

Processing EETN...
Processing EETU...
Processing EFET...
Processing EFHA...
Processing EFHK...
Processing EFIT...
Failed to process EFIT. Error: No data returned for EFIT
Traceback (most recent call last):
  File "/home/jupyter/work/opdi-workspace/opdi/src/opdi/reference/h3_airport_layouts.py", line 495, in process_airport
    df = hexagonify_airport(
  File "/home/jupyter/work/opdi-workspace/opdi/src/opdi/reference/h3_airport_layouts.py", line 304, in hexagonify_airport
    raise ValueError(f"No data returned for {apt_icao}")
ValueError: No data returned for EFIT

Processing EFIV...
Processing EFJO...
Processing EFJY...
Processing EFKA...
Processing EFKE...
Processing EFKI...
Processing EFKJ...
Processing EFKK...
Processing EFKS...
Processing EFKT...
Processing EFKU...
Processing EFLP...
Processing EFMA...
Processing EFMI...
Processing EFOU...
Processing EFPO...
Processing EFPR...
Processing EFRO...
Processing EFSA...
Processing EFSI...
Processing EFSO...
Processing EFTP...
Processing EFTU...
Processing EFUT...
Processing EFVA...
Processing EFVR...
Processing EFYL...
Processing EG-0003...
Failed to process EG-0003. Error: No data returned for EG-0003
Traceback (most recent call last):
  File "/home/jupyter/work/opdi-workspace/opdi/src/opdi/reference/h3_airport_layouts.py", line 495, in process_airport
    df = hexagonify_airport(
  File "/home/jupyter/work/opdi-workspace/opdi/src/opdi/reference/h3_airport_layouts.py", line 304, in hexagonify_airport
    raise ValueError(f"No data returned for {apt_icao}")
ValueError: No data returned for EG-0003

Processing EGAA...
Processing EGAB...
Processing EGAC...
Processing EGAE...
Processing EGBB...
Processing EGBJ...
Processing EGBN...
Processing EGCC...
Processing EGDC...
Processing EGDM...
Processing EGDR...
Processing EGDX...
Processing EGDY...
Processing EGEC...
Processing EGED...
Processing EGFE...
Processing EGFF...
Processing EGFH...
Processing EGGD...
Processing EGGP...
Processing EGGW...
Processing EGHH...
Processing EGHI...
Processing EGHL...
Processing EGHQ...
Processing EGJA...
Processing EGJB...
Processing EGJJ...
Processing EGKA...
Processing EGKB...
Processing EGKK...
Processing EGLC...
Processing EGLF...
Processing EGLK...
Processing EGLL...
Processing EGMC...
Processing EGMD...
Processing EGNC...
Processing EGNH...
Processing EGNJ...
Processing EGNL...
Processing EGNM...
Processing EGNO...
Processing EGNR...
Processing EGNS...
Processing EGNT...
Processing EGNV...
Processing EGNX...
Processing EGOM...
Processing EGOS...
Processing EGOV...
Processing EGPA...
Processing EGPB...
Processing EGPC...
Processing EGPD...
Processing EGPE...
Processing EGPF...
Processing EGPH...
Processing EGPI...
Processing EGPK...
Processing EGPL...
Processing EGPN...
Processing EGPO...
Processing EGPR...
Processing EGPU...
Processing EGQL...
Processing EGQS...
Processing EGSC...
Processing EGSH...
Processing EGSS...
Processing EGTC...
Processing EGTE...
Processing EGTK...
Processing EGUB...
Processing EGUL...
Processing EGUN...
Processing EGUW...
Processing EGVA...
Processing EGVN...
Processing EGVO...
Processing EGWC...
Processing EGWU...
Processing EGXC...
Processing EGXE...
Processing EGXG...
Failed to process EGXG. Error: No data returned for EGXG
Traceback (most recent call last):
  File "/home/jupyter/work/opdi-workspace/opdi/src/opdi/reference/h3_airport_layouts.py", line 495, in process_airport
    df = hexagonify_airport(
  File "/home/jupyter/work/opdi-workspace/opdi/src/opdi/reference/h3_airport_layouts.py", line 304, in hexagonify_airport
    raise ValueError(f"No data returned for {apt_icao}")
ValueError: No data returned for EGXG

Processing EGXH...
Processing EGXT...
Processing EGXW...
Processing EGXZ...
Processing EGYD...
Processing EGYE...
Processing EGYM...
Processing EHAM...
Processing EHBD...
Processing EHBK...
Processing EHDL...
Processing EHEH...
Processing EHGG...
Processing EHGR...
Processing EHKD...
Processing EHLE...
Processing EHLW...
Processing EHRD...
Processing EHTW...
Processing EHVK...
Processing EHWO...
Processing EICK...
Processing EIDL...
Processing EIDW...
Processing EIKN...
Processing EIKY...
Processing EIME...
Processing EINN...
Processing EISG...
Processing EIWF...
Processing EIWT...
Processing EKAH...
Processing EKBI...
Processing EKCH...
Processing EKEB...
Processing EKKA...
Processing EKMB...
Processing EKOD...
Processing EKRK...
Processing EKRN...
Processing EKSB...
Processing EKSN...
Processing EKSP...
Processing EKSV...
Processing EKTS...
Processing EKVD...
Processing EKVG...
Processing EKVJ...
Processing EKYT...
Processing ELLX...
Processing ENAL...
Processing ENAN...
Processing ENAT...
Processing ENBN...
Processing ENBO...
Processing ENBR...
Processing ENBS...
Processing ENBV...
Processing ENCN...
Processing ENDU...
Processing ENEV...
Processing ENFL...
Processing ENGM...
Processing ENHD...
Processing ENHF...
Processing ENHV...
Processing ENKB...
Processing ENKR...
Processing ENLK...
Processing ENMH...
Processing ENML...
Processing ENMS...
Processing ENNA...
Processing ENNO...
Processing ENOL...
Processing ENOV...
Processing ENRA...
Processing ENRM...
Processing ENRO...
Processing ENRY...
Processing ENSH...
Processing ENSK...
Processing ENSN...
Processing ENSO...
Processing ENSR...
Processing ENSS...
Processing ENST...
Processing ENTC...
Processing ENTO...
Processing ENVA...
Processing ENVD...
Processing ENZV...
Processing EPBY...
Processing EPCE...
Processing EPDE...
Processing EPGD...
Processing EPIR...
Processing EPKK...
Processing EPKS...
Processing EPKT...
Processing EPLB...
Processing EPLK...
Processing EPLL...
Processing EPLY...
Processing EPMB...
Processing EPMI...
Processing EPMM...
Processing EPMO...
Processing EPPO...
Processing EPPW...
Processing EPRA...
Processing EPRZ...
Processing EPSC...
Processing EPSN...
Processing EPSY...
Processing EPTM...
Processing EPWA...
Processing EPWR...
Processing EPZG...
Processing ES-0109...
Processing ESCF...
Processing ESDF...
Processing ESFR...
Processing ESGG...
Processing ESGJ...
Processing ESGP...
Processing ESGR...
Processing ESGT...
Processing ESIB...
Processing ESKK...
Processing ESKM...
Processing ESKN...
Processing ESKS...
Processing ESMK...
Processing ESMQ...
Processing ESMS...
Processing ESMT...
Processing ESMX...
Processing ESNG...
Processing ESNK...
Processing ESNL...
Processing ESNN...
Processing ESNO...
Processing ESNQ...
Processing ESNS...
Processing ESNU...
Processing ESNV...
Processing ESNX...
Processing ESNY...
Processing ESNZ...
Processing ESOE...
Processing ESOK...
Processing ESOW...
Processing ESPA...
Processing ESSA...
Processing ESSB...
Processing ESSD...
Processing ESSL...
Processing ESSP...
Processing ESST...
Processing ESSU...
Processing ESSV...
Processing ESTA...
Processing ESTL...
Processing ESUD...
Processing ETAD...
Processing ETAR...
Processing ETHB...
Processing ETHC...
Processing ETHF...
Processing ETHL...
Processing ETHN...
Processing ETHS...
Processing ETIC...
Processing ETIH...
Processing ETMN...
Processing ETND...
Processing ETNG...
Processing ETNH...
Processing ETNL...
Processing ETNN...
Processing ETNS...
Processing ETNT...
Processing ETNW...
Processing ETOU...
Processing ETSB...
Processing ETSH...
Processing ETSI...
Processing ETSL...
Processing ETSN...
Processing EVKA...
Processing EVLA...
Processing EVRA...
Processing EVTA...
Failed to process EVTA. Error: No data returned for EVTA
Traceback (most recent call last):
  File "/home/jupyter/work/opdi-workspace/opdi/src/opdi/reference/h3_airport_layouts.py", line 495, in process_airport
    df = hexagonify_airport(
  File "/home/jupyter/work/opdi-workspace/opdi/src/opdi/reference/h3_airport_layouts.py", line 304, in hexagonify_airport
    raise ValueError(f"No data returned for {apt_icao}")
ValueError: No data returned for EVTA

Processing EYKA...
Processing EYKD...
Processing EYPA...
Processing EYPP...
Processing EYSA...
Processing EYSB...
Processing EYVI...
Processing GCFV...
Failed to process GCFV. Error: No data returned for GCFV
Traceback (most recent call last):
  File "/home/jupyter/work/opdi-workspace/opdi/src/opdi/reference/h3_airport_layouts.py", line 495, in process_airport
    df = hexagonify_airport(
  File "/home/jupyter/work/opdi-workspace/opdi/src/opdi/reference/h3_airport_layouts.py", line 304, in hexagonify_airport
    raise ValueError(f"No data returned for {apt_icao}")
ValueError: No data returned for GCFV

Processing GCHI...
Failed to process GCHI. Error: No data returned for GCHI
Traceback (most recent call last):
  File "/home/jupyter/work/opdi-workspace/opdi/src/opdi/reference/h3_airport_layouts.py", line 495, in process_airport
    df = hexagonify_airport(
  File "/home/jupyter/work/opdi-workspace/opdi/src/opdi/reference/h3_airport_layouts.py", line 304, in hexagonify_airport
    raise ValueError(f"No data returned for {apt_icao}")
ValueError: No data returned for GCHI

Processing GCLA...
Failed to process GCLA. Error: No data returned for GCLA
Traceback (most recent call last):
  File "/home/jupyter/work/opdi-workspace/opdi/src/opdi/reference/h3_airport_layouts.py", line 495, in process_airport
    df = hexagonify_airport(
  File "/home/jupyter/work/opdi-workspace/opdi/src/opdi/reference/h3_airport_layouts.py", line 304, in hexagonify_airport
    raise ValueError(f"No data returned for {apt_icao}")
ValueError: No data returned for GCLA

Processing GCLP...
Failed to process GCLP. Error: No data returned for GCLP
Traceback (most recent call last):
  File "/home/jupyter/work/opdi-workspace/opdi/src/opdi/reference/h3_airport_layouts.py", line 495, in process_airport
    df = hexagonify_airport(
  File "/home/jupyter/work/opdi-workspace/opdi/src/opdi/reference/h3_airport_layouts.py", line 304, in hexagonify_airport
    raise ValueError(f"No data returned for {apt_icao}")
ValueError: No data returned for GCLP

Processing GCRR...
Failed to process GCRR. Error: No data returned for GCRR
Traceback (most recent call last):
  File "/home/jupyter/work/opdi-workspace/opdi/src/opdi/reference/h3_airport_layouts.py", line 495, in process_airport
    df = hexagonify_airport(
  File "/home/jupyter/work/opdi-workspace/opdi/src/opdi/reference/h3_airport_layouts.py", line 304, in hexagonify_airport
    raise ValueError(f"No data returned for {apt_icao}")
ValueError: No data returned for GCRR

Processing GCTS...
Failed to process GCTS. Error: No data returned for GCTS
Traceback (most recent call last):
  File "/home/jupyter/work/opdi-workspace/opdi/src/opdi/reference/h3_airport_layouts.py", line 495, in process_airport
    df = hexagonify_airport(
  File "/home/jupyter/work/opdi-workspace/opdi/src/opdi/reference/h3_airport_layouts.py", line 304, in hexagonify_airport
    raise ValueError(f"No data returned for {apt_icao}")
ValueError: No data returned for GCTS

Processing GCXO...
Failed to process GCXO. Error: No data returned for GCXO
Traceback (most recent call last):
  File "/home/jupyter/work/opdi-workspace/opdi/src/opdi/reference/h3_airport_layouts.py", line 495, in process_airport
    df = hexagonify_airport(
  File "/home/jupyter/work/opdi-workspace/opdi/src/opdi/reference/h3_airport_layouts.py", line 304, in hexagonify_airport
    raise ValueError(f"No data returned for {apt_icao}")
ValueError: No data returned for GCXO

Processing GE-0007...
Processing GE-0010...
Processing GEML...
Processing GMAD...
Failed to process GMAD. Error: No data returned for GMAD
Traceback (most recent call last):
  File "/home/jupyter/work/opdi-workspace/opdi/src/opdi/reference/h3_airport_layouts.py", line 495, in process_airport
    df = hexagonify_airport(
  File "/home/jupyter/work/opdi-workspace/opdi/src/opdi/reference/h3_airport_layouts.py", line 304, in hexagonify_airport
    raise ValueError(f"No data returned for {apt_icao}")
ValueError: No data returned for GMAD

Processing GMAT...
Failed to process GMAT. Error: No data returned for GMAT
Traceback (most recent call last):
  File "/home/jupyter/work/opdi-workspace/opdi/src/opdi/reference/h3_airport_layouts.py", line 495, in process_airport
    df = hexagonify_airport(
  File "/home/jupyter/work/opdi-workspace/opdi/src/opdi/reference/h3_airport_layouts.py", line 304, in hexagonify_airport
    raise ValueError(f"No data returned for {apt_icao}")
ValueError: No data returned for GMAT

Processing GMAZ...
Failed to process GMAZ. Error: No data returned for GMAZ
Traceback (most recent call last):
  File "/home/jupyter/work/opdi-workspace/opdi/src/opdi/reference/h3_airport_layouts.py", line 495, in process_airport
    df = hexagonify_airport(
  File "/home/jupyter/work/opdi-workspace/opdi/src/opdi/reference/h3_airport_layouts.py", line 304, in hexagonify_airport
    raise ValueError(f"No data returned for {apt_icao}")
ValueError: No data returned for GMAZ

Processing GMFB...
Failed to process GMFB. Error: No data returned for GMFB
Traceback (most recent call last):
  File "/home/jupyter/work/opdi-workspace/opdi/src/opdi/reference/h3_airport_layouts.py", line 495, in process_airport
    df = hexagonify_airport(
  File "/home/jupyter/work/opdi-workspace/opdi/src/opdi/reference/h3_airport_layouts.py", line 304, in hexagonify_airport
    raise ValueError(f"No data returned for {apt_icao}")
ValueError: No data returned for GMFB

Processing GMFF...
Failed to process GMFF. Error: No data returned for GMFF
Traceback (most recent call last):
  File "/home/jupyter/work/opdi-workspace/opdi/src/opdi/reference/h3_airport_layouts.py", line 495, in process_airport
    df = hexagonify_airport(
  File "/home/jupyter/work/opdi-workspace/opdi/src/opdi/reference/h3_airport_layouts.py", line 304, in hexagonify_airport
    raise ValueError(f"No data returned for {apt_icao}")
ValueError: No data returned for GMFF

Processing GMFK...
Failed to process GMFK. Error: No data returned for GMFK
Traceback (most recent call last):
  File "/home/jupyter/work/opdi-workspace/opdi/src/opdi/reference/h3_airport_layouts.py", line 495, in process_airport
    df = hexagonify_airport(
  File "/home/jupyter/work/opdi-workspace/opdi/src/opdi/reference/h3_airport_layouts.py", line 304, in hexagonify_airport
    raise ValueError(f"No data returned for {apt_icao}")
ValueError: No data returned for GMFK

Processing GMFM...
Failed to process GMFM. Error: No data returned for GMFM
Traceback (most recent call last):
  File "/home/jupyter/work/opdi-workspace/opdi/src/opdi/reference/h3_airport_layouts.py", line 495, in process_airport
    df = hexagonify_airport(
  File "/home/jupyter/work/opdi-workspace/opdi/src/opdi/reference/h3_airport_layouts.py", line 304, in hexagonify_airport
    raise ValueError(f"No data returned for {apt_icao}")
ValueError: No data returned for GMFM

Processing GMFO...
Failed to process GMFO. Error: No data returned for GMFO
Traceback (most recent call last):
  File "/home/jupyter/work/opdi-workspace/opdi/src/opdi/reference/h3_airport_layouts.py", line 495, in process_airport
    df = hexagonify_airport(
  File "/home/jupyter/work/opdi-workspace/opdi/src/opdi/reference/h3_airport_layouts.py", line 304, in hexagonify_airport
    raise ValueError(f"No data returned for {apt_icao}")
ValueError: No data returned for GMFO

Processing GMMA...
Failed to process GMMA. Error: No data returned for GMMA
Traceback (most recent call last):
  File "/home/jupyter/work/opdi-workspace/opdi/src/opdi/reference/h3_airport_layouts.py", line 495, in process_airport
    df = hexagonify_airport(
  File "/home/jupyter/work/opdi-workspace/opdi/src/opdi/reference/h3_airport_layouts.py", line 304, in hexagonify_airport
    raise ValueError(f"No data returned for {apt_icao}")
ValueError: No data returned for GMMA

Processing GMMD...
Failed to process GMMD. Error: No data returned for GMMD
Traceback (most recent call last):
  File "/home/jupyter/work/opdi-workspace/opdi/src/opdi/reference/h3_airport_layouts.py", line 495, in process_airport
    df = hexagonify_airport(
  File "/home/jupyter/work/opdi-workspace/opdi/src/opdi/reference/h3_airport_layouts.py", line 304, in hexagonify_airport
    raise ValueError(f"No data returned for {apt_icao}")
ValueError: No data returned for GMMD

Processing GMME...
Failed to process GMME. Error: No data returned for GMME
Traceback (most recent call last):
  File "/home/jupyter/work/opdi-workspace/opdi/src/opdi/reference/h3_airport_layouts.py", line 495, in process_airport
    df = hexagonify_airport(
  File "/home/jupyter/work/opdi-workspace/opdi/src/opdi/reference/h3_airport_layouts.py", line 304, in hexagonify_airport
    raise ValueError(f"No data returned for {apt_icao}")
ValueError: No data returned for GMME

Processing GMMI...
Failed to process GMMI. Error: No data returned for GMMI
Traceback (most recent call last):
  File "/home/jupyter/work/opdi-workspace/opdi/src/opdi/reference/h3_airport_layouts.py", line 495, in process_airport
    df = hexagonify_airport(
  File "/home/jupyter/work/opdi-workspace/opdi/src/opdi/reference/h3_airport_layouts.py", line 304, in hexagonify_airport
    raise ValueError(f"No data returned for {apt_icao}")
ValueError: No data returned for GMMI

Processing GMML...
Failed to process GMML. Error: No data returned for GMML
Traceback (most recent call last):
  File "/home/jupyter/work/opdi-workspace/opdi/src/opdi/reference/h3_airport_layouts.py", line 495, in process_airport
    df = hexagonify_airport(
  File "/home/jupyter/work/opdi-workspace/opdi/src/opdi/reference/h3_airport_layouts.py", line 304, in hexagonify_airport
    raise ValueError(f"No data returned for {apt_icao}")
ValueError: No data returned for GMML

Processing GMMN...
Failed to process GMMN. Error: No data returned for GMMN
Traceback (most recent call last):
  File "/home/jupyter/work/opdi-workspace/opdi/src/opdi/reference/h3_airport_layouts.py", line 495, in process_airport
    df = hexagonify_airport(
  File "/home/jupyter/work/opdi-workspace/opdi/src/opdi/reference/h3_airport_layouts.py", line 304, in hexagonify_airport
    raise ValueError(f"No data returned for {apt_icao}")
ValueError: No data returned for GMMN

Processing GMMW...
Failed to process GMMW. Error: No data returned for GMMW
Traceback (most recent call last):
  File "/home/jupyter/work/opdi-workspace/opdi/src/opdi/reference/h3_airport_layouts.py", line 495, in process_airport
    df = hexagonify_airport(
  File "/home/jupyter/work/opdi-workspace/opdi/src/opdi/reference/h3_airport_layouts.py", line 304, in hexagonify_airport
    raise ValueError(f"No data returned for {apt_icao}")
ValueError: No data returned for GMMW

Processing GMMX...
Failed to process GMMX. Error: No data returned for GMMX
Traceback (most recent call last):
  File "/home/jupyter/work/opdi-workspace/opdi/src/opdi/reference/h3_airport_layouts.py", line 495, in process_airport
    df = hexagonify_airport(
  File "/home/jupyter/work/opdi-workspace/opdi/src/opdi/reference/h3_airport_layouts.py", line 304, in hexagonify_airport
    raise ValueError(f"No data returned for {apt_icao}")
ValueError: No data returned for GMMX

Processing GMMY...
Failed to process GMMY. Error: No data returned for GMMY
Traceback (most recent call last):
  File "/home/jupyter/work/opdi-workspace/opdi/src/opdi/reference/h3_airport_layouts.py", line 495, in process_airport
    df = hexagonify_airport(
  File "/home/jupyter/work/opdi-workspace/opdi/src/opdi/reference/h3_airport_layouts.py", line 304, in hexagonify_airport
    raise ValueError(f"No data returned for {apt_icao}")
ValueError: No data returned for GMMY

Processing GMMZ...
Failed to process GMMZ. Error: No data returned for GMMZ
Traceback (most recent call last):
  File "/home/jupyter/work/opdi-workspace/opdi/src/opdi/reference/h3_airport_layouts.py", line 495, in process_airport
    df = hexagonify_airport(
  File "/home/jupyter/work/opdi-workspace/opdi/src/opdi/reference/h3_airport_layouts.py", line 304, in hexagonify_airport
    raise ValueError(f"No data returned for {apt_icao}")
ValueError: No data returned for GMMZ

Processing GMTA...
Failed to process GMTA. Error: No data returned for GMTA
Traceback (most recent call last):
  File "/home/jupyter/work/opdi-workspace/opdi/src/opdi/reference/h3_airport_layouts.py", line 495, in process_airport
    df = hexagonify_airport(
  File "/home/jupyter/work/opdi-workspace/opdi/src/opdi/reference/h3_airport_layouts.py", line 304, in hexagonify_airport
    raise ValueError(f"No data returned for {apt_icao}")
ValueError: No data returned for GMTA

Processing GMTN...
Failed to process GMTN. Error: No data returned for GMTN
Traceback (most recent call last):
  File "/home/jupyter/work/opdi-workspace/opdi/src/opdi/reference/h3_airport_layouts.py", line 495, in process_airport
    df = hexagonify_airport(
  File "/home/jupyter/work/opdi-workspace/opdi/src/opdi/reference/h3_airport_layouts.py", line 304, in hexagonify_airport
    raise ValueError(f"No data returned for {apt_icao}")
ValueError: No data returned for GMTN

Processing GMTT...
Failed to process GMTT. Error: No data returned for GMTT
Traceback (most recent call last):
  File "/home/jupyter/work/opdi-workspace/opdi/src/opdi/reference/h3_airport_layouts.py", line 495, in process_airport
    df = hexagonify_airport(
  File "/home/jupyter/work/opdi-workspace/opdi/src/opdi/reference/h3_airport_layouts.py", line 304, in hexagonify_airport
    raise ValueError(f"No data returned for {apt_icao}")
ValueError: No data returned for GMTT

Processing GR-0109...
Processing HE16...
Failed to process HE16. Error: No data returned for HE16
Traceback (most recent call last):
  File "/home/jupyter/work/opdi-workspace/opdi/src/opdi/reference/h3_airport_layouts.py", line 495, in process_airport
    df = hexagonify_airport(
  File "/home/jupyter/work/opdi-workspace/opdi/src/opdi/reference/h3_airport_layouts.py", line 304, in hexagonify_airport
    raise ValueError(f"No data returned for {apt_icao}")
ValueError: No data returned for HE16

Processing HE28...
Failed to process HE28. Error: No data returned for HE28
Traceback (most recent call last):
  File "/home/jupyter/work/opdi-workspace/opdi/src/opdi/reference/h3_airport_layouts.py", line 495, in process_airport
    df = hexagonify_airport(
  File "/home/jupyter/work/opdi-workspace/opdi/src/opdi/reference/h3_airport_layouts.py", line 304, in hexagonify_airport
    raise ValueError(f"No data returned for {apt_icao}")
ValueError: No data returned for HE28

Processing HE32...
Failed to process HE32. Error: No data returned for HE32
Traceback (most recent call last):
  File "/home/jupyter/work/opdi-workspace/opdi/src/opdi/reference/h3_airport_layouts.py", line 495, in process_airport
    df = hexagonify_airport(
  File "/home/jupyter/work/opdi-workspace/opdi/src/opdi/reference/h3_airport_layouts.py", line 304, in hexagonify_airport
    raise ValueError(f"No data returned for {apt_icao}")
ValueError: No data returned for HE32

Processing HE35...
Failed to process HE35. Error: No data returned for HE35
Traceback (most recent call last):
  File "/home/jupyter/work/opdi-workspace/opdi/src/opdi/reference/h3_airport_layouts.py", line 495, in process_airport
    df = hexagonify_airport(
  File "/home/jupyter/work/opdi-workspace/opdi/src/opdi/reference/h3_airport_layouts.py", line 304, in hexagonify_airport
    raise ValueError(f"No data returned for {apt_icao}")
ValueError: No data returned for HE35

Processing HE36...
Failed to process HE36. Error: No data returned for HE36
Traceback (most recent call last):
  File "/home/jupyter/work/opdi-workspace/opdi/src/opdi/reference/h3_airport_layouts.py", line 495, in process_airport
    df = hexagonify_airport(
  File "/home/jupyter/work/opdi-workspace/opdi/src/opdi/reference/h3_airport_layouts.py", line 304, in hexagonify_airport
    raise ValueError(f"No data returned for {apt_icao}")
ValueError: No data returned for HE36

Processing HE37...
Failed to process HE37. Error: No data returned for HE37
Traceback (most recent call last):
  File "/home/jupyter/work/opdi-workspace/opdi/src/opdi/reference/h3_airport_layouts.py", line 495, in process_airport
    df = hexagonify_airport(
  File "/home/jupyter/work/opdi-workspace/opdi/src/opdi/reference/h3_airport_layouts.py", line 304, in hexagonify_airport
    raise ValueError(f"No data returned for {apt_icao}")
ValueError: No data returned for HE37

Processing HE42...
Failed to process HE42. Error: No data returned for HE42
Traceback (most recent call last):
  File "/home/jupyter/work/opdi-workspace/opdi/src/opdi/reference/h3_airport_layouts.py", line 495, in process_airport
    df = hexagonify_airport(
  File "/home/jupyter/work/opdi-workspace/opdi/src/opdi/reference/h3_airport_layouts.py", line 304, in hexagonify_airport
    raise ValueError(f"No data returned for {apt_icao}")
ValueError: No data returned for HE42

Processing HEAL...
Failed to process HEAL. Error: No data returned for HEAL
Traceback (most recent call last):
  File "/home/jupyter/work/opdi-workspace/opdi/src/opdi/reference/h3_airport_layouts.py", line 495, in process_airport
    df = hexagonify_airport(
  File "/home/jupyter/work/opdi-workspace/opdi/src/opdi/reference/h3_airport_layouts.py", line 304, in hexagonify_airport
    raise ValueError(f"No data returned for {apt_icao}")
ValueError: No data returned for HEAL

Processing HEAR...
Failed to process HEAR. Error: No data returned for HEAR
Traceback (most recent call last):
  File "/home/jupyter/work/opdi-workspace/opdi/src/opdi/reference/h3_airport_layouts.py", line 495, in process_airport
    df = hexagonify_airport(
  File "/home/jupyter/work/opdi-workspace/opdi/src/opdi/reference/h3_airport_layouts.py", line 304, in hexagonify_airport
    raise ValueError(f"No data returned for {apt_icao}")
ValueError: No data returned for HEAR

Processing HEAT...
Failed to process HEAT. Error: No data returned for HEAT
Traceback (most recent call last):
  File "/home/jupyter/work/opdi-workspace/opdi/src/opdi/reference/h3_airport_layouts.py", line 495, in process_airport
    df = hexagonify_airport(
  File "/home/jupyter/work/opdi-workspace/opdi/src/opdi/reference/h3_airport_layouts.py", line 304, in hexagonify_airport
    raise ValueError(f"No data returned for {apt_icao}")
ValueError: No data returned for HEAT

Processing HEAZ...
Failed to process HEAZ. Error: No data returned for HEAZ
Traceback (most recent call last):
  File "/home/jupyter/work/opdi-workspace/opdi/src/opdi/reference/h3_airport_layouts.py", line 495, in process_airport
    df = hexagonify_airport(
  File "/home/jupyter/work/opdi-workspace/opdi/src/opdi/reference/h3_airport_layouts.py", line 304, in hexagonify_airport
    raise ValueError(f"No data returned for {apt_icao}")
ValueError: No data returned for HEAZ

Processing HEBA...
Failed to process HEBA. Error: No data returned for HEBA
Traceback (most recent call last):
  File "/home/jupyter/work/opdi-workspace/opdi/src/opdi/reference/h3_airport_layouts.py", line 495, in process_airport
    df = hexagonify_airport(
  File "/home/jupyter/work/opdi-workspace/opdi/src/opdi/reference/h3_airport_layouts.py", line 304, in hexagonify_airport
    raise ValueError(f"No data returned for {apt_icao}")
ValueError: No data returned for HEBA

Processing HEBS...
Failed to process HEBS. Error: No data returned for HEBS
Traceback (most recent call last):
  File "/home/jupyter/work/opdi-workspace/opdi/src/opdi/reference/h3_airport_layouts.py", line 495, in process_airport
    df = hexagonify_airport(
  File "/home/jupyter/work/opdi-workspace/opdi/src/opdi/reference/h3_airport_layouts.py", line 304, in hexagonify_airport
    raise ValueError(f"No data returned for {apt_icao}")
ValueError: No data returned for HEBS

Processing HECA...
Failed to process HECA. Error: No data returned for HECA
Traceback (most recent call last):
  File "/home/jupyter/work/opdi-workspace/opdi/src/opdi/reference/h3_airport_layouts.py", line 495, in process_airport
    df = hexagonify_airport(
  File "/home/jupyter/work/opdi-workspace/opdi/src/opdi/reference/h3_airport_layouts.py", line 304, in hexagonify_airport
    raise ValueError(f"No data returned for {apt_icao}")
ValueError: No data returned for HECA

Processing HECP...
Failed to process HECP. Error: No data returned for HECP
Traceback (most recent call last):
  File "/home/jupyter/work/opdi-workspace/opdi/src/opdi/reference/h3_airport_layouts.py", line 495, in process_airport
    df = hexagonify_airport(
  File "/home/jupyter/work/opdi-workspace/opdi/src/opdi/reference/h3_airport_layouts.py", line 304, in hexagonify_airport
    raise ValueError(f"No data returned for {apt_icao}")
ValueError: No data returned for HECP

Processing HECW...
Failed to process HECW. Error: No data returned for HECW
Traceback (most recent call last):
  File "/home/jupyter/work/opdi-workspace/opdi/src/opdi/reference/h3_airport_layouts.py", line 495, in process_airport
    df = hexagonify_airport(
  File "/home/jupyter/work/opdi-workspace/opdi/src/opdi/reference/h3_airport_layouts.py", line 304, in hexagonify_airport
    raise ValueError(f"No data returned for {apt_icao}")
ValueError: No data returned for HECW

Processing HEGN...
Failed to process HEGN. Error: No data returned for HEGN
Traceback (most recent call last):
  File "/home/jupyter/work/opdi-workspace/opdi/src/opdi/reference/h3_airport_layouts.py", line 495, in process_airport
    df = hexagonify_airport(
  File "/home/jupyter/work/opdi-workspace/opdi/src/opdi/reference/h3_airport_layouts.py", line 304, in hexagonify_airport
    raise ValueError(f"No data returned for {apt_icao}")
ValueError: No data returned for HEGN

Processing HEGR...
Failed to process HEGR. Error: No data returned for HEGR
Traceback (most recent call last):
  File "/home/jupyter/work/opdi-workspace/opdi/src/opdi/reference/h3_airport_layouts.py", line 495, in process_airport
    df = hexagonify_airport(
  File "/home/jupyter/work/opdi-workspace/opdi/src/opdi/reference/h3_airport_layouts.py", line 304, in hexagonify_airport
    raise ValueError(f"No data returned for {apt_icao}")
ValueError: No data returned for HEGR

Processing HEGS...
Failed to process HEGS. Error: No data returned for HEGS
Traceback (most recent call last):
  File "/home/jupyter/work/opdi-workspace/opdi/src/opdi/reference/h3_airport_layouts.py", line 495, in process_airport
    df = hexagonify_airport(
  File "/home/jupyter/work/opdi-workspace/opdi/src/opdi/reference/h3_airport_layouts.py", line 304, in hexagonify_airport
    raise ValueError(f"No data returned for {apt_icao}")
ValueError: No data returned for HEGS

Processing HEIS...
Failed to process HEIS. Error: No data returned for HEIS
Traceback (most recent call last):
  File "/home/jupyter/work/opdi-workspace/opdi/src/opdi/reference/h3_airport_layouts.py", line 495, in process_airport
    df = hexagonify_airport(
  File "/home/jupyter/work/opdi-workspace/opdi/src/opdi/reference/h3_airport_layouts.py", line 304, in hexagonify_airport
    raise ValueError(f"No data returned for {apt_icao}")
ValueError: No data returned for HEIS

Processing HELX...
Failed to process HELX. Error: No data returned for HELX
Traceback (most recent call last):
  File "/home/jupyter/work/opdi-workspace/opdi/src/opdi/reference/h3_airport_layouts.py", line 495, in process_airport
    df = hexagonify_airport(
  File "/home/jupyter/work/opdi-workspace/opdi/src/opdi/reference/h3_airport_layouts.py", line 304, in hexagonify_airport
    raise ValueError(f"No data returned for {apt_icao}")
ValueError: No data returned for HELX

Processing HEMA...
Failed to process HEMA. Error: No data returned for HEMA
Traceback (most recent call last):
  File "/home/jupyter/work/opdi-workspace/opdi/src/opdi/reference/h3_airport_layouts.py", line 495, in process_airport
    df = hexagonify_airport(
  File "/home/jupyter/work/opdi-workspace/opdi/src/opdi/reference/h3_airport_layouts.py", line 304, in hexagonify_airport
    raise ValueError(f"No data returned for {apt_icao}")
ValueError: No data returned for HEMA

Processing HEMM...
Failed to process HEMM. Error: No data returned for HEMM
Traceback (most recent call last):
  File "/home/jupyter/work/opdi-workspace/opdi/src/opdi/reference/h3_airport_layouts.py", line 495, in process_airport
    df = hexagonify_airport(
  File "/home/jupyter/work/opdi-workspace/opdi/src/opdi/reference/h3_airport_layouts.py", line 304, in hexagonify_airport
    raise ValueError(f"No data returned for {apt_icao}")
ValueError: No data returned for HEMM

Processing HEPS...
Failed to process HEPS. Error: No data returned for HEPS
Traceback (most recent call last):
  File "/home/jupyter/work/opdi-workspace/opdi/src/opdi/reference/h3_airport_layouts.py", line 495, in process_airport
    df = hexagonify_airport(
  File "/home/jupyter/work/opdi-workspace/opdi/src/opdi/reference/h3_airport_layouts.py", line 304, in hexagonify_airport
    raise ValueError(f"No data returned for {apt_icao}")
ValueError: No data returned for HEPS

Processing HESC...
Failed to process HESC. Error: No data returned for HESC
Traceback (most recent call last):
  File "/home/jupyter/work/opdi-workspace/opdi/src/opdi/reference/h3_airport_layouts.py", line 495, in process_airport
    df = hexagonify_airport(
  File "/home/jupyter/work/opdi-workspace/opdi/src/opdi/reference/h3_airport_layouts.py", line 304, in hexagonify_airport
    raise ValueError(f"No data returned for {apt_icao}")
ValueError: No data returned for HESC

Processing HESG...
Failed to process HESG. Error: No data returned for HESG
Traceback (most recent call last):
  File "/home/jupyter/work/opdi-workspace/opdi/src/opdi/reference/h3_airport_layouts.py", line 495, in process_airport
    df = hexagonify_airport(
  File "/home/jupyter/work/opdi-workspace/opdi/src/opdi/reference/h3_airport_layouts.py", line 304, in hexagonify_airport
    raise ValueError(f"No data returned for {apt_icao}")
ValueError: No data returned for HESG

Processing HESH...
Failed to process HESH. Error: No data returned for HESH
Traceback (most recent call last):
  File "/home/jupyter/work/opdi-workspace/opdi/src/opdi/reference/h3_airport_layouts.py", line 495, in process_airport
    df = hexagonify_airport(
  File "/home/jupyter/work/opdi-workspace/opdi/src/opdi/reference/h3_airport_layouts.py", line 304, in hexagonify_airport
    raise ValueError(f"No data returned for {apt_icao}")
ValueError: No data returned for HESH

Processing HESN...
Failed to process HESN. Error: No data returned for HESN
Traceback (most recent call last):
  File "/home/jupyter/work/opdi-workspace/opdi/src/opdi/reference/h3_airport_layouts.py", line 495, in process_airport
    df = hexagonify_airport(
  File "/home/jupyter/work/opdi-workspace/opdi/src/opdi/reference/h3_airport_layouts.py", line 304, in hexagonify_airport
    raise ValueError(f"No data returned for {apt_icao}")
ValueError: No data returned for HESN

Processing HESX...
Failed to process HESX. Error: No data returned for HESX
Traceback (most recent call last):
  File "/home/jupyter/work/opdi-workspace/opdi/src/opdi/reference/h3_airport_layouts.py", line 495, in process_airport
    df = hexagonify_airport(
  File "/home/jupyter/work/opdi-workspace/opdi/src/opdi/reference/h3_airport_layouts.py", line 304, in hexagonify_airport
    raise ValueError(f"No data returned for {apt_icao}")
ValueError: No data returned for HESX

Processing HETB...
Failed to process HETB. Error: No data returned for HETB
Traceback (most recent call last):
  File "/home/jupyter/work/opdi-workspace/opdi/src/opdi/reference/h3_airport_layouts.py", line 495, in process_airport
    df = hexagonify_airport(
  File "/home/jupyter/work/opdi-workspace/opdi/src/opdi/reference/h3_airport_layouts.py", line 304, in hexagonify_airport
    raise ValueError(f"No data returned for {apt_icao}")
ValueError: No data returned for HETB

Processing HL68...
Failed to process HL68. Error: No data returned for HL68
Traceback (most recent call last):
  File "/home/jupyter/work/opdi-workspace/opdi/src/opdi/reference/h3_airport_layouts.py", line 495, in process_airport
    df = hexagonify_airport(
  File "/home/jupyter/work/opdi-workspace/opdi/src/opdi/reference/h3_airport_layouts.py", line 304, in hexagonify_airport
    raise ValueError(f"No data returned for {apt_icao}")
ValueError: No data returned for HL68

Processing HL77...
Failed to process HL77. Error: No data returned for HL77
Traceback (most recent call last):
  File "/home/jupyter/work/opdi-workspace/opdi/src/opdi/reference/h3_airport_layouts.py", line 495, in process_airport
    df = hexagonify_airport(
  File "/home/jupyter/work/opdi-workspace/opdi/src/opdi/reference/h3_airport_layouts.py", line 304, in hexagonify_airport
    raise ValueError(f"No data returned for {apt_icao}")
ValueError: No data returned for HL77

Processing HLGD...
Failed to process HLGD. Error: No data returned for HLGD
Traceback (most recent call last):
  File "/home/jupyter/work/opdi-workspace/opdi/src/opdi/reference/h3_airport_layouts.py", line 495, in process_airport
    df = hexagonify_airport(
  File "/home/jupyter/work/opdi-workspace/opdi/src/opdi/reference/h3_airport_layouts.py", line 304, in hexagonify_airport
    raise ValueError(f"No data returned for {apt_icao}")
ValueError: No data returned for HLGD

Processing HLGT...
Failed to process HLGT. Error: No data returned for HLGT
Traceback (most recent call last):
  File "/home/jupyter/work/opdi-workspace/opdi/src/opdi/reference/h3_airport_layouts.py", line 495, in process_airport
    df = hexagonify_airport(
  File "/home/jupyter/work/opdi-workspace/opdi/src/opdi/reference/h3_airport_layouts.py", line 304, in hexagonify_airport
    raise ValueError(f"No data returned for {apt_icao}")
ValueError: No data returned for HLGT

Processing HLKF...
Failed to process HLKF. Error: No data returned for HLKF
Traceback (most recent call last):
  File "/home/jupyter/work/opdi-workspace/opdi/src/opdi/reference/h3_airport_layouts.py", line 495, in process_airport
    df = hexagonify_airport(
  File "/home/jupyter/work/opdi-workspace/opdi/src/opdi/reference/h3_airport_layouts.py", line 304, in hexagonify_airport
    raise ValueError(f"No data returned for {apt_icao}")
ValueError: No data returned for HLKF

Processing HLLB...
Failed to process HLLB. Error: No data returned for HLLB
Traceback (most recent call last):
  File "/home/jupyter/work/opdi-workspace/opdi/src/opdi/reference/h3_airport_layouts.py", line 495, in process_airport
    df = hexagonify_airport(
  File "/home/jupyter/work/opdi-workspace/opdi/src/opdi/reference/h3_airport_layouts.py", line 304, in hexagonify_airport
    raise ValueError(f"No data returned for {apt_icao}")
ValueError: No data returned for HLLB

Processing HLLM...
Failed to process HLLM. Error: No data returned for HLLM
Traceback (most recent call last):
  File "/home/jupyter/work/opdi-workspace/opdi/src/opdi/reference/h3_airport_layouts.py", line 495, in process_airport
    df = hexagonify_airport(
  File "/home/jupyter/work/opdi-workspace/opdi/src/opdi/reference/h3_airport_layouts.py", line 304, in hexagonify_airport
    raise ValueError(f"No data returned for {apt_icao}")
ValueError: No data returned for HLLM

Processing HLLQ...
Failed to process HLLQ. Error: No data returned for HLLQ
Traceback (most recent call last):
  File "/home/jupyter/work/opdi-workspace/opdi/src/opdi/reference/h3_airport_layouts.py", line 495, in process_airport
    df = hexagonify_airport(
  File "/home/jupyter/work/opdi-workspace/opdi/src/opdi/reference/h3_airport_layouts.py", line 304, in hexagonify_airport
    raise ValueError(f"No data returned for {apt_icao}")
ValueError: No data returned for HLLQ

Processing HLLS...
Failed to process HLLS. Error: No data returned for HLLS
Traceback (most recent call last):
  File "/home/jupyter/work/opdi-workspace/opdi/src/opdi/reference/h3_airport_layouts.py", line 495, in process_airport
    df = hexagonify_airport(
  File "/home/jupyter/work/opdi-workspace/opdi/src/opdi/reference/h3_airport_layouts.py", line 304, in hexagonify_airport
    raise ValueError(f"No data returned for {apt_icao}")
ValueError: No data returned for HLLS

Processing HLMB...
Failed to process HLMB. Error: No data returned for HLMB
Traceback (most recent call last):
  File "/home/jupyter/work/opdi-workspace/opdi/src/opdi/reference/h3_airport_layouts.py", line 495, in process_airport
    df = hexagonify_airport(
  File "/home/jupyter/work/opdi-workspace/opdi/src/opdi/reference/h3_airport_layouts.py", line 304, in hexagonify_airport
    raise ValueError(f"No data returned for {apt_icao}")
ValueError: No data returned for HLMB

Processing HLTD...
Failed to process HLTD. Error: No data returned for HLTD
Traceback (most recent call last):
  File "/home/jupyter/work/opdi-workspace/opdi/src/opdi/reference/h3_airport_layouts.py", line 495, in process_airport
    df = hexagonify_airport(
  File "/home/jupyter/work/opdi-workspace/opdi/src/opdi/reference/h3_airport_layouts.py", line 304, in hexagonify_airport
    raise ValueError(f"No data returned for {apt_icao}")
ValueError: No data returned for HLTD

Processing HR-0034...
Processing HU-0002...
Failed to process HU-0002. Error: No data returned for HU-0002
Traceback (most recent call last):
  File "/home/jupyter/work/opdi-workspace/opdi/src/opdi/reference/h3_airport_layouts.py", line 495, in process_airport
    df = hexagonify_airport(
  File "/home/jupyter/work/opdi-workspace/opdi/src/opdi/reference/h3_airport_layouts.py", line 304, in hexagonify_airport
    raise ValueError(f"No data returned for {apt_icao}")
ValueError: No data returned for HU-0002

Processing IQ-0016...
Failed to process IQ-0016. Error: No data returned for IQ-0016
Traceback (most recent call last):
  File "/home/jupyter/work/opdi-workspace/opdi/src/opdi/reference/h3_airport_layouts.py", line 495, in process_airport
    df = hexagonify_airport(
  File "/home/jupyter/work/opdi-workspace/opdi/src/opdi/reference/h3_airport_layouts.py", line 304, in hexagonify_airport
    raise ValueError(f"No data returned for {apt_icao}")
ValueError: No data returned for IQ-0016

Processing IQ-0017...
Failed to process IQ-0017. Error: No data returned for IQ-0017
Traceback (most recent call last):
  File "/home/jupyter/work/opdi-workspace/opdi/src/opdi/reference/h3_airport_layouts.py", line 495, in process_airport
    df = hexagonify_airport(
  File "/home/jupyter/work/opdi-workspace/opdi/src/opdi/reference/h3_airport_layouts.py", line 304, in hexagonify_airport
    raise ValueError(f"No data returned for {apt_icao}")
ValueError: No data returned for IQ-0017

Processing IQ-0018...
Failed to process IQ-0018. Error: No data returned for IQ-0018
Traceback (most recent call last):
  File "/home/jupyter/work/opdi-workspace/opdi/src/opdi/reference/h3_airport_layouts.py", line 495, in process_airport
    df = hexagonify_airport(
  File "/home/jupyter/work/opdi-workspace/opdi/src/opdi/reference/h3_airport_layouts.py", line 304, in hexagonify_airport
    raise ValueError(f"No data returned for {apt_icao}")
ValueError: No data returned for IQ-0018

Processing IQ-0020...
Failed to process IQ-0020. Error: No data returned for IQ-0020
Traceback (most recent call last):
  File "/home/jupyter/work/opdi-workspace/opdi/src/opdi/reference/h3_airport_layouts.py", line 495, in process_airport
    df = hexagonify_airport(
  File "/home/jupyter/work/opdi-workspace/opdi/src/opdi/reference/h3_airport_layouts.py", line 304, in hexagonify_airport
    raise ValueError(f"No data returned for {apt_icao}")
ValueError: No data returned for IQ-0020

Processing IQ-0021...
Failed to process IQ-0021. Error: No data returned for IQ-0021
Traceback (most recent call last):
  File "/home/jupyter/work/opdi-workspace/opdi/src/opdi/reference/h3_airport_layouts.py", line 495, in process_airport
    df = hexagonify_airport(
  File "/home/jupyter/work/opdi-workspace/opdi/src/opdi/reference/h3_airport_layouts.py", line 304, in hexagonify_airport
    raise ValueError(f"No data returned for {apt_icao}")
ValueError: No data returned for IQ-0021

Processing IQ-0024...
Failed to process IQ-0024. Error: No data returned for IQ-0024
Traceback (most recent call last):
  File "/home/jupyter/work/opdi-workspace/opdi/src/opdi/reference/h3_airport_layouts.py", line 495, in process_airport
    df = hexagonify_airport(
  File "/home/jupyter/work/opdi-workspace/opdi/src/opdi/reference/h3_airport_layouts.py", line 304, in hexagonify_airport
    raise ValueError(f"No data returned for {apt_icao}")
ValueError: No data returned for IQ-0024

Processing IQ-0030...
Failed to process IQ-0030. Error: No data returned for IQ-0030
Traceback (most recent call last):
  File "/home/jupyter/work/opdi-workspace/opdi/src/opdi/reference/h3_airport_layouts.py", line 495, in process_airport
    df = hexagonify_airport(
  File "/home/jupyter/work/opdi-workspace/opdi/src/opdi/reference/h3_airport_layouts.py", line 304, in hexagonify_airport
    raise ValueError(f"No data returned for {apt_icao}")
ValueError: No data returned for IQ-0030

Processing IQ-0034...
Failed to process IQ-0034. Error: No data returned for IQ-0034
Traceback (most recent call last):
  File "/home/jupyter/work/opdi-workspace/opdi/src/opdi/reference/h3_airport_layouts.py", line 495, in process_airport
    df = hexagonify_airport(
  File "/home/jupyter/work/opdi-workspace/opdi/src/opdi/reference/h3_airport_layouts.py", line 304, in hexagonify_airport
    raise ValueError(f"No data returned for {apt_icao}")
ValueError: No data returned for IQ-0034

Processing IQ-0039...
Failed to process IQ-0039. Error: No data returned for IQ-0039
Traceback (most recent call last):
  File "/home/jupyter/work/opdi-workspace/opdi/src/opdi/reference/h3_airport_layouts.py", line 495, in process_airport
    df = hexagonify_airport(
  File "/home/jupyter/work/opdi-workspace/opdi/src/opdi/reference/h3_airport_layouts.py", line 304, in hexagonify_airport
    raise ValueError(f"No data returned for {apt_icao}")
ValueError: No data returned for IQ-0039

Processing IQ-0040...
Failed to process IQ-0040. Error: No data returned for IQ-0040
Traceback (most recent call last):
  File "/home/jupyter/work/opdi-workspace/opdi/src/opdi/reference/h3_airport_layouts.py", line 495, in process_airport
    df = hexagonify_airport(
  File "/home/jupyter/work/opdi-workspace/opdi/src/opdi/reference/h3_airport_layouts.py", line 304, in hexagonify_airport
    raise ValueError(f"No data returned for {apt_icao}")
ValueError: No data returned for IQ-0040

Processing IQ-0042...
Failed to process IQ-0042. Error: No data returned for IQ-0042
Traceback (most recent call last):
  File "/home/jupyter/work/opdi-workspace/opdi/src/opdi/reference/h3_airport_layouts.py", line 495, in process_airport
    df = hexagonify_airport(
  File "/home/jupyter/work/opdi-workspace/opdi/src/opdi/reference/h3_airport_layouts.py", line 304, in hexagonify_airport
    raise ValueError(f"No data returned for {apt_icao}")
ValueError: No data returned for IQ-0042

Processing IQ-0045...
Failed to process IQ-0045. Error: No data returned for IQ-0045
Traceback (most recent call last):
  File "/home/jupyter/work/opdi-workspace/opdi/src/opdi/reference/h3_airport_layouts.py", line 495, in process_airport
    df = hexagonify_airport(
  File "/home/jupyter/work/opdi-workspace/opdi/src/opdi/reference/h3_airport_layouts.py", line 304, in hexagonify_airport
    raise ValueError(f"No data returned for {apt_icao}")
ValueError: No data returned for IQ-0045

Processing IQ-0051...
Failed to process IQ-0051. Error: No data returned for IQ-0051
Traceback (most recent call last):
  File "/home/jupyter/work/opdi-workspace/opdi/src/opdi/reference/h3_airport_layouts.py", line 495, in process_airport
    df = hexagonify_airport(
  File "/home/jupyter/work/opdi-workspace/opdi/src/opdi/reference/h3_airport_layouts.py", line 304, in hexagonify_airport
    raise ValueError(f"No data returned for {apt_icao}")
ValueError: No data returned for IQ-0051

Processing IQ-0054...
Failed to process IQ-0054. Error: No data returned for IQ-0054
Traceback (most recent call last):
  File "/home/jupyter/work/opdi-workspace/opdi/src/opdi/reference/h3_airport_layouts.py", line 495, in process_airport
    df = hexagonify_airport(
  File "/home/jupyter/work/opdi-workspace/opdi/src/opdi/reference/h3_airport_layouts.py", line 304, in hexagonify_airport
    raise ValueError(f"No data returned for {apt_icao}")
ValueError: No data returned for IQ-0054

Processing JO-0002...
Failed to process JO-0002. Error: No data returned for JO-0002
Traceback (most recent call last):
  File "/home/jupyter/work/opdi-workspace/opdi/src/opdi/reference/h3_airport_layouts.py", line 495, in process_airport
    df = hexagonify_airport(
  File "/home/jupyter/work/opdi-workspace/opdi/src/opdi/reference/h3_airport_layouts.py", line 304, in hexagonify_airport
    raise ValueError(f"No data returned for {apt_icao}")
ValueError: No data returned for JO-0002

Processing LAKU...
Processing LAKV...
Processing LATI...
Processing LBBG...
Processing LBGO...
Processing LBPD...
Processing LBPG...
Processing LBPL...
Processing LBSF...
Processing LBWB...
Processing LBWN...
Processing LCEN...
Processing LCGK...
Processing LCLK...
Processing LCPH...
Processing LCRA...
Processing LDDU...
Processing LDOS...
Processing LDPL...
Processing LDRI...
Processing LDSB...
Processing LDSP...
Processing LDZA...
Processing LDZD...
Processing LEAB...
Processing LEAL...
Processing LEAM...
Processing LEAS...
Processing LEBA...
Processing LEBB...
Processing LEBG...
Processing LEBL...
Processing LEBZ...
Processing LECH...
Processing LECO...
Processing LECU...
Processing LEDA...
Processing LEGA...
Processing LEGE...
Processing LEGR...
Processing LEGT...
Processing LEIB...
Processing LEJR...
Processing LELC...
Processing LELN...
Processing LELO...
Processing LEMD...
Processing LEMG...
Processing LEMH...
Processing LEMI...
Processing LEMO...
Processing LEPA...
Processing LEPP...
Processing LERI...
Processing LERL...
Processing LERS...
Processing LERT...
Processing LESA...
Processing LESO...
Processing LEST...
Processing LESU...
Processing LETL...
Processing LETO...
Processing LEVC...
Processing LEVD...
Processing LEVT...
Processing LEVX...
Processing LEXJ...
Processing LEZG...
Processing LEZL...
Processing LFAC...
Processing LFAG...
Processing LFAT...
Processing LFAV...
Processing LFAY...
Processing LFBA...
Processing LFBC...
Processing LFBD...
Processing LFBE...
Processing LFBF...
Processing LFBG...
Processing LFBH...
Processing LFBI...
Processing LFBK...
Processing LFBL...
Processing LFBM...
Processing LFBN...
Processing LFBO...
Processing LFBP...
Processing LFBT...
Processing LFBU...
Processing LFBX...
Processing LFBZ...
Processing LFCC...
Processing LFCG...
Processing LFCH...
Processing LFCI...
Processing LFCK...
Processing LFCR...
Processing LFCY...
Processing LFDH...
Processing LFDN...
Processing LFGA...
Processing LFGJ...
Processing LFGW...
Processing LFHO...
Processing LFJL...
Processing LFJR...
Processing LFKB...
Processing LFKC...
Processing LFKF...
Processing LFKJ...
Processing LFKS...
Processing LFLA...
Processing LFLB...
Processing LFLC...
Processing LFLD...
Processing LFLI...
Processing LFLL...
Processing LFLM...
Processing LFLN...
Processing LFLO...
Processing LFLP...
Processing LFLS...
Processing LFLU...
Processing LFLV...
Processing LFLW...
Processing LFLX...
Processing LFLY...
Processing LFMC...
Processing LFMD...
Processing LFMH...
Processing LFMI...
Processing LFMK...
Processing LFML...
Processing LFMN...
Processing LFMO...
Processing LFMP...
Processing LFMQ...
Processing LFMS...
Processing LFMT...
Processing LFMU...
Processing LFMV...
Processing LFMY...
Processing LFNB...
Processing LFOA...
Processing LFOB...
Processing LFOC...
Processing LFOE...
Processing LFOH...
Processing LFOI...
Processing LFOJ...
Processing LFOK...
Processing LFOP...
Processing LFOT...
Processing LFOV...
Processing LFPB...
Processing LFPC...
Processing LFPG...
Processing LFPM...
Processing LFPN...
Processing LFPO...
Processing LFPT...
Processing LFPV...
Processing LFQB...
Processing LFQE...
Processing LFQG...
Processing LFQP...
Processing LFQQ...
Processing LFQT...
Processing LFQV...
Processing LFQW...
Processing LFRB...
Processing LFRC...
Processing LFRD...
Processing LFRE...
Processing LFRF...
Processing LFRG...
Processing LFRH...
Processing LFRI...
Processing LFRJ...
Processing LFRK...
Processing LFRL...
Processing LFRM...
Processing LFRN...
Processing LFRO...
Processing LFRQ...
Processing LFRS...
Processing LFRT...
Processing LFRU...
Processing LFRV...
Processing LFRZ...
Processing LFSB...
Processing LFSD...
Processing LFSG...
Processing LFSI...
Processing LFSL...
Processing LFSM...
Processing LFSN...
Processing LFSO...
Processing LFST...
Processing LFSX...
Processing LFTH...
Processing LFTW...
Processing LFXA...
Processing LGAD...
Processing LGAL...
Processing LGAV...
Processing LGBL...
Processing LGEL...
Processing LGHI...
Processing LGIO...
Processing LGIR...
Processing LGKF...
Processing LGKL...
Processing LGKO...
Processing LGKP...
Processing LGKR...
Processing LGKV...
Processing LGKZ...
Processing LGMK...
Processing LGMT...
Processing LGPZ...
Processing LGRP...
Processing LGRX...
Processing LGSA...
Processing LGSK...
Processing LGSM...
Processing LGSR...
Processing LGST...
Processing LGTG...
Processing LGTS...
Processing LGZA...
Processing LHBP...
Processing LHDC...
Processing LHKE...
Processing LHPP...
Processing LHPR...
Processing LHSM...
Processing LHSN...
Processing LHTA...
Processing LHTL...
Processing LIBA...
Processing LIBC...
Processing LIBD...
Processing LIBF...
Processing LIBG...
Processing LIBN...
Processing LIBP...
Processing LIBR...
Processing LIBV...
Processing LICA...
Processing LICB...
Processing LICC...
Processing LICD...
Processing LICG...
Processing LICJ...
Processing LICP...
Processing LICR...
Processing LICT...
Processing LICZ...
Processing LIDT...
Processing LIEA...
Processing LIED...
Processing LIEE...
Processing LIEO...
Processing LIET...
Processing LILE...
Processing LILN...
Processing LIMA...
Processing LIMC...
Processing LIME...
Processing LIMF...
Processing LIMG...
Processing LIMJ...
Processing LIML...
Processing LIMN...
Processing LIMP...
Processing LIMR...
Processing LIMS...
Processing LIMW...
Processing LIMZ...
Processing LIPA...
Processing LIPB...
Processing LIPC...
Processing LIPE...
Processing LIPH...
Processing LIPI...
Processing LIPK...
Processing LIPL...
Processing LIPO...
Processing LIPQ...
Processing LIPR...
Processing LIPS...
Processing LIPU...
Processing LIPX...
Processing LIPY...
Processing LIPZ...
Processing LIQS...
Processing LIQW...
Processing LIRA...
Processing LIRE...
Processing LIRF...
Processing LIRG...
Processing LIRI...
Processing LIRJ...
Processing LIRL...
Processing LIRM...
Processing LIRN...
Processing LIRP...
Processing LIRQ...
Processing LIRS...
Processing LIRU...
Processing LIRV...
Processing LIRZ...
Processing LJCE...
Processing LJLJ...
Processing LJMB...
Processing LJPZ...
Processing LKCS...
Processing LKCV...
Processing LKKB...
Processing LKKU...
Processing LKKV...
Processing LKLN...
Processing LKMT...
Processing LKNA...
Processing LKPD...
Processing LKPO...
Processing LKPR...
Processing LKTB...
Processing LKVO...
Processing LLBG...
Failed to process LLBG. Error: No data returned for LLBG
Traceback (most recent call last):
  File "/home/jupyter/work/opdi-workspace/opdi/src/opdi/reference/h3_airport_layouts.py", line 495, in process_airport
    df = hexagonify_airport(
  File "/home/jupyter/work/opdi-workspace/opdi/src/opdi/reference/h3_airport_layouts.py", line 304, in hexagonify_airport
    raise ValueError(f"No data returned for {apt_icao}")
ValueError: No data returned for LLBG

Processing LLEK...
Failed to process LLEK. Error: No data returned for LLEK
Traceback (most recent call last):
  File "/home/jupyter/work/opdi-workspace/opdi/src/opdi/reference/h3_airport_layouts.py", line 495, in process_airport
    df = hexagonify_airport(
  File "/home/jupyter/work/opdi-workspace/opdi/src/opdi/reference/h3_airport_layouts.py", line 304, in hexagonify_airport
    raise ValueError(f"No data returned for {apt_icao}")
ValueError: No data returned for LLEK

Processing LLER...
Failed to process LLER. Error: No data returned for LLER
Traceback (most recent call last):
  File "/home/jupyter/work/opdi-workspace/opdi/src/opdi/reference/h3_airport_layouts.py", line 495, in process_airport
    df = hexagonify_airport(
  File "/home/jupyter/work/opdi-workspace/opdi/src/opdi/reference/h3_airport_layouts.py", line 304, in hexagonify_airport
    raise ValueError(f"No data returned for {apt_icao}")
ValueError: No data returned for LLER

Processing LLHA...
Failed to process LLHA. Error: No data returned for LLHA
Traceback (most recent call last):
  File "/home/jupyter/work/opdi-workspace/opdi/src/opdi/reference/h3_airport_layouts.py", line 495, in process_airport
    df = hexagonify_airport(
  File "/home/jupyter/work/opdi-workspace/opdi/src/opdi/reference/h3_airport_layouts.py", line 304, in hexagonify_airport
    raise ValueError(f"No data returned for {apt_icao}")
ValueError: No data returned for LLHA

Processing LLIB...
Failed to process LLIB. Error: No data returned for LLIB
Traceback (most recent call last):
  File "/home/jupyter/work/opdi-workspace/opdi/src/opdi/reference/h3_airport_layouts.py", line 495, in process_airport
    df = hexagonify_airport(
  File "/home/jupyter/work/opdi-workspace/opdi/src/opdi/reference/h3_airport_layouts.py", line 304, in hexagonify_airport
    raise ValueError(f"No data returned for {apt_icao}")
ValueError: No data returned for LLIB

Processing LLMZ...
Failed to process LLMZ. Error: No data returned for LLMZ
Traceback (most recent call last):
  File "/home/jupyter/work/opdi-workspace/opdi/src/opdi/reference/h3_airport_layouts.py", line 495, in process_airport
    df = hexagonify_airport(
  File "/home/jupyter/work/opdi-workspace/opdi/src/opdi/reference/h3_airport_layouts.py", line 304, in hexagonify_airport
    raise ValueError(f"No data returned for {apt_icao}")
ValueError: No data returned for LLMZ

Processing LLNV...
Failed to process LLNV. Error: No data returned for LLNV
Traceback (most recent call last):
  File "/home/jupyter/work/opdi-workspace/opdi/src/opdi/reference/h3_airport_layouts.py", line 495, in process_airport
    df = hexagonify_airport(
  File "/home/jupyter/work/opdi-workspace/opdi/src/opdi/reference/h3_airport_layouts.py", line 304, in hexagonify_airport
    raise ValueError(f"No data returned for {apt_icao}")
ValueError: No data returned for LLNV

Processing LLRD...
Failed to process LLRD. Error: No data returned for LLRD
Traceback (most recent call last):
  File "/home/jupyter/work/opdi-workspace/opdi/src/opdi/reference/h3_airport_layouts.py", line 495, in process_airport
    df = hexagonify_airport(
  File "/home/jupyter/work/opdi-workspace/opdi/src/opdi/reference/h3_airport_layouts.py", line 304, in hexagonify_airport
    raise ValueError(f"No data returned for {apt_icao}")
ValueError: No data returned for LLRD

Processing LLRM...
Failed to process LLRM. Error: No data returned for LLRM
Traceback (most recent call last):
  File "/home/jupyter/work/opdi-workspace/opdi/src/opdi/reference/h3_airport_layouts.py", line 495, in process_airport
    df = hexagonify_airport(
  File "/home/jupyter/work/opdi-workspace/opdi/src/opdi/reference/h3_airport_layouts.py", line 304, in hexagonify_airport
    raise ValueError(f"No data returned for {apt_icao}")
ValueError: No data returned for LLRM

Processing LMML...
Processing LOAN...
Processing LOWG...
Processing LOWI...
Processing LOWK...
Processing LOWL...
Processing LOWS...
Processing LOWW...
Processing LOXN...
Processing LOXZ...
Processing LPAR...
Processing LPAZ...
Processing LPBG...
Processing LPBJ...
Processing LPBR...
Processing LPCB...
Processing LPCO...
Processing LPCS...
Processing LPEV...
Processing LPFR...
Processing LPGR...
Processing LPHR...
Processing LPLA...
Processing LPMA...
Processing LPMR...
Processing LPMT...
Processing LPOV...
Processing LPPD...
Processing LPPI...
Processing LPPM...
Processing LPPR...
Processing LPPS...
Processing LPPT...
Processing LPSJ...
Processing LPSO...
Processing LPST...
Processing LPTN...
Processing LPVL...
Processing LPVR...
Processing LPVZ...
Processing LQBK...
Processing LQMO...
Processing LQSA...
Processing LQTZ...
Processing LR80...
Processing LR82...
Failed to process LR82. Error: No data returned for LR82
Traceback (most recent call last):
  File "/home/jupyter/work/opdi-workspace/opdi/src/opdi/reference/h3_airport_layouts.py", line 495, in process_airport
    df = hexagonify_airport(
  File "/home/jupyter/work/opdi-workspace/opdi/src/opdi/reference/h3_airport_layouts.py", line 304, in hexagonify_airport
    raise ValueError(f"No data returned for {apt_icao}")
ValueError: No data returned for LR82

Processing LRAR...
Processing LRBC...
Processing LRBM...
Processing LRBS...
Processing LRBV...
Processing LRCK...
Processing LRCL...
Processing LRCS...
Processing LRCT...
Processing LRCV...
Processing LRIA...
Processing LROD...
Processing LROP...
Processing LRSB...
Processing LRSM...
Processing LRSV...
Processing LRTC...
Processing LRTM...
Processing LRTR...
Processing LSGC...
Processing LSGG...
Processing LSGS...
Failed to process LSGS. Error: No data returned for LSGS
Traceback (most recent call last):
  File "/home/jupyter/work/opdi-workspace/opdi/src/opdi/reference/h3_airport_layouts.py", line 495, in process_airport
    df = hexagonify_airport(
  File "/home/jupyter/work/opdi-workspace/opdi/src/opdi/reference/h3_airport_layouts.py", line 304, in hexagonify_airport
    raise ValueError(f"No data returned for {apt_icao}")
ValueError: No data returned for LSGS

Processing LSMA...
Processing LSMD...
Processing LSME...
Processing LSMP...
Processing LSZA...
Processing LSZB...
Processing LSZG...
Processing LSZH...
Processing LSZR...
Processing LSZS...
Processing LTAC...
Processing LTAD...
Processing LTAE...
Processing LTAG...
Processing LTAH...
Processing LTAI...
Processing LTAJ...
Processing LTAL...
Processing LTAN...
Processing LTAP...
Processing LTAR...
Processing LTAS...
Processing LTAT...
Processing LTAU...
Processing LTAV...
Processing LTAW...
Processing LTAY...
Processing LTAZ...
Processing LTBA...
Processing LTBF...
Processing LTBG...
Processing LTBH...
Processing LTBI...
Processing LTBJ...
Processing LTBL...
Processing LTBN...
Processing LTBO...
Processing LTBQ...
Processing LTBR...
Processing LTBS...
Processing LTBT...
Processing LTBU...
Processing LTBX...
Processing LTBY...
Processing LTBZ...
Processing LTCA...
Processing LTCB...
Processing LTCC...
Processing LTCD...
Processing LTCE...
Processing LTCF...
Processing LTCG...
Processing LTCI...
Processing LTCJ...
Processing LTCK...
Processing LTCL...
Processing LTCM...
Processing LTCN...
Processing LTCO...
Processing LTCP...
Processing LTCR...
Processing LTCS...
Processing LTCT...
Processing LTCU...
Processing LTCV...
Processing LTCW...
Processing LTDA...
Processing LTDB...
Processing LTFC...
Processing LTFD...
Processing LTFE...
Processing LTFG...
Processing LTFH...
Processing LTFJ...
Processing LTFM...
Processing LTFO...
Processing LUBL...
Processing LUBM...
Processing LUCH...
Processing LUKK...
Processing LUTR...
Processing LWOH...
Processing LWSK...
Processing LXGB...
Processing LY-BCQ...
Failed to process LY-BCQ. Error: No data returned for LY-BCQ
Traceback (most recent call last):
  File "/home/jupyter/work/opdi-workspace/opdi/src/opdi/reference/h3_airport_layouts.py", line 495, in process_airport
    df = hexagonify_airport(
  File "/home/jupyter/work/opdi-workspace/opdi/src/opdi/reference/h3_airport_layouts.py", line 304, in hexagonify_airport
    raise ValueError(f"No data returned for {apt_icao}")
ValueError: No data returned for LY-BCQ

Processing LYBE...
Processing LYBT...
Processing LYKV...
Processing LYNI...
Processing LYPG...
Processing LYTV...
Processing LYUZ...
Processing LZIB...
Processing LZKZ...
Processing LZMC...
Processing LZPP...
Processing LZSL...
Processing LZTT...
Processing LZZI...
Processing MA-0003...
Failed to process MA-0003. Error: No data returned for MA-0003
Traceback (most recent call last):
  File "/home/jupyter/work/opdi-workspace/opdi/src/opdi/reference/h3_airport_layouts.py", line 495, in process_airport
    df = hexagonify_airport(
  File "/home/jupyter/work/opdi-workspace/opdi/src/opdi/reference/h3_airport_layouts.py", line 304, in hexagonify_airport
    raise ValueError(f"No data returned for {apt_icao}")
ValueError: No data returned for MA-0003

Processing OBBI...
Failed to process OBBI. Error: No data returned for OBBI
Traceback (most recent call last):
  File "/home/jupyter/work/opdi-workspace/opdi/src/opdi/reference/h3_airport_layouts.py", line 495, in process_airport
    df = hexagonify_airport(
  File "/home/jupyter/work/opdi-workspace/opdi/src/opdi/reference/h3_airport_layouts.py", line 304, in hexagonify_airport
    raise ValueError(f"No data returned for {apt_icao}")
ValueError: No data returned for OBBI

Processing OBBS...
Failed to process OBBS. Error: No data returned for OBBS
Traceback (most recent call last):
  File "/home/jupyter/work/opdi-workspace/opdi/src/opdi/reference/h3_airport_layouts.py", line 495, in process_airport
    df = hexagonify_airport(
  File "/home/jupyter/work/opdi-workspace/opdi/src/opdi/reference/h3_airport_layouts.py", line 304, in hexagonify_airport
    raise ValueError(f"No data returned for {apt_icao}")
ValueError: No data returned for OBBS

Processing OEAH...
Failed to process OEAH. Error: No data returned for OEAH
Traceback (most recent call last):
  File "/home/jupyter/work/opdi-workspace/opdi/src/opdi/reference/h3_airport_layouts.py", line 495, in process_airport
    df = hexagonify_airport(
  File "/home/jupyter/work/opdi-workspace/opdi/src/opdi/reference/h3_airport_layouts.py", line 304, in hexagonify_airport
    raise ValueError(f"No data returned for {apt_icao}")
ValueError: No data returned for OEAH

Processing OEAO...
Failed to process OEAO. Error: No data returned for OEAO
Traceback (most recent call last):
  File "/home/jupyter/work/opdi-workspace/opdi/src/opdi/reference/h3_airport_layouts.py", line 495, in process_airport
    df = hexagonify_airport(
  File "/home/jupyter/work/opdi-workspace/opdi/src/opdi/reference/h3_airport_layouts.py", line 304, in hexagonify_airport
    raise ValueError(f"No data returned for {apt_icao}")
ValueError: No data returned for OEAO

Processing OEDF...
Failed to process OEDF. Error: No data returned for OEDF
Traceback (most recent call last):
  File "/home/jupyter/work/opdi-workspace/opdi/src/opdi/reference/h3_airport_layouts.py", line 495, in process_airport
    df = hexagonify_airport(
  File "/home/jupyter/work/opdi-workspace/opdi/src/opdi/reference/h3_airport_layouts.py", line 304, in hexagonify_airport
    raise ValueError(f"No data returned for {apt_icao}")
ValueError: No data returned for OEDF

Processing OEDM...
Failed to process OEDM. Error: No data returned for OEDM
Traceback (most recent call last):
  File "/home/jupyter/work/opdi-workspace/opdi/src/opdi/reference/h3_airport_layouts.py", line 495, in process_airport
    df = hexagonify_airport(
  File "/home/jupyter/work/opdi-workspace/opdi/src/opdi/reference/h3_airport_layouts.py", line 304, in hexagonify_airport
    raise ValueError(f"No data returned for {apt_icao}")
ValueError: No data returned for OEDM

Processing OEDR...
Failed to process OEDR. Error: No data returned for OEDR
Traceback (most recent call last):
  File "/home/jupyter/work/opdi-workspace/opdi/src/opdi/reference/h3_airport_layouts.py", line 495, in process_airport
    df = hexagonify_airport(
  File "/home/jupyter/work/opdi-workspace/opdi/src/opdi/reference/h3_airport_layouts.py", line 304, in hexagonify_airport
    raise ValueError(f"No data returned for {apt_icao}")
ValueError: No data returned for OEDR

Processing OEGS...
Failed to process OEGS. Error: No data returned for OEGS
Traceback (most recent call last):
  File "/home/jupyter/work/opdi-workspace/opdi/src/opdi/reference/h3_airport_layouts.py", line 495, in process_airport
    df = hexagonify_airport(
  File "/home/jupyter/work/opdi-workspace/opdi/src/opdi/reference/h3_airport_layouts.py", line 304, in hexagonify_airport
    raise ValueError(f"No data returned for {apt_icao}")
ValueError: No data returned for OEGS

Processing OEGT...
Failed to process OEGT. Error: No data returned for OEGT
Traceback (most recent call last):
  File "/home/jupyter/work/opdi-workspace/opdi/src/opdi/reference/h3_airport_layouts.py", line 495, in process_airport
    df = hexagonify_airport(
  File "/home/jupyter/work/opdi-workspace/opdi/src/opdi/reference/h3_airport_layouts.py", line 304, in hexagonify_airport
    raise ValueError(f"No data returned for {apt_icao}")
ValueError: No data returned for OEGT

Processing OEHL...
Failed to process OEHL. Error: No data returned for OEHL
Traceback (most recent call last):
  File "/home/jupyter/work/opdi-workspace/opdi/src/opdi/reference/h3_airport_layouts.py", line 495, in process_airport
    df = hexagonify_airport(
  File "/home/jupyter/work/opdi-workspace/opdi/src/opdi/reference/h3_airport_layouts.py", line 304, in hexagonify_airport
    raise ValueError(f"No data returned for {apt_icao}")
ValueError: No data returned for OEHL

Processing OEJB...
Failed to process OEJB. Error: No data returned for OEJB
Traceback (most recent call last):
  File "/home/jupyter/work/opdi-workspace/opdi/src/opdi/reference/h3_airport_layouts.py", line 495, in process_airport
    df = hexagonify_airport(
  File "/home/jupyter/work/opdi-workspace/opdi/src/opdi/reference/h3_airport_layouts.py", line 304, in hexagonify_airport
    raise ValueError(f"No data returned for {apt_icao}")
ValueError: No data returned for OEJB

Processing OEKK...
Failed to process OEKK. Error: No data returned for OEKK
Traceback (most recent call last):
  File "/home/jupyter/work/opdi-workspace/opdi/src/opdi/reference/h3_airport_layouts.py", line 495, in process_airport
    df = hexagonify_airport(
  File "/home/jupyter/work/opdi-workspace/opdi/src/opdi/reference/h3_airport_layouts.py", line 304, in hexagonify_airport
    raise ValueError(f"No data returned for {apt_icao}")
ValueError: No data returned for OEKK

Processing OEMA...
Failed to process OEMA. Error: No data returned for OEMA
Traceback (most recent call last):
  File "/home/jupyter/work/opdi-workspace/opdi/src/opdi/reference/h3_airport_layouts.py", line 495, in process_airport
    df = hexagonify_airport(
  File "/home/jupyter/work/opdi-workspace/opdi/src/opdi/reference/h3_airport_layouts.py", line 304, in hexagonify_airport
    raise ValueError(f"No data returned for {apt_icao}")
ValueError: No data returned for OEMA

Processing OENN...
Failed to process OENN. Error: No data returned for OENN
Traceback (most recent call last):
  File "/home/jupyter/work/opdi-workspace/opdi/src/opdi/reference/h3_airport_layouts.py", line 495, in process_airport
    df = hexagonify_airport(
  File "/home/jupyter/work/opdi-workspace/opdi/src/opdi/reference/h3_airport_layouts.py", line 304, in hexagonify_airport
    raise ValueError(f"No data returned for {apt_icao}")
ValueError: No data returned for OENN

Processing OEPA...
Failed to process OEPA. Error: No data returned for OEPA
Traceback (most recent call last):
  File "/home/jupyter/work/opdi-workspace/opdi/src/opdi/reference/h3_airport_layouts.py", line 495, in process_airport
    df = hexagonify_airport(
  File "/home/jupyter/work/opdi-workspace/opdi/src/opdi/reference/h3_airport_layouts.py", line 304, in hexagonify_airport
    raise ValueError(f"No data returned for {apt_icao}")
ValueError: No data returned for OEPA

Processing OEPS...
Failed to process OEPS. Error: No data returned for OEPS
Traceback (most recent call last):
  File "/home/jupyter/work/opdi-workspace/opdi/src/opdi/reference/h3_airport_layouts.py", line 495, in process_airport
    df = hexagonify_airport(
  File "/home/jupyter/work/opdi-workspace/opdi/src/opdi/reference/h3_airport_layouts.py", line 304, in hexagonify_airport
    raise ValueError(f"No data returned for {apt_icao}")
ValueError: No data returned for OEPS

Processing OERF...
Failed to process OERF. Error: No data returned for OERF
Traceback (most recent call last):
  File "/home/jupyter/work/opdi-workspace/opdi/src/opdi/reference/h3_airport_layouts.py", line 495, in process_airport
    df = hexagonify_airport(
  File "/home/jupyter/work/opdi-workspace/opdi/src/opdi/reference/h3_airport_layouts.py", line 304, in hexagonify_airport
    raise ValueError(f"No data returned for {apt_icao}")
ValueError: No data returned for OERF

Processing OERK...
Failed to process OERK. Error: No data returned for OERK
Traceback (most recent call last):
  File "/home/jupyter/work/opdi-workspace/opdi/src/opdi/reference/h3_airport_layouts.py", line 495, in process_airport
    df = hexagonify_airport(
  File "/home/jupyter/work/opdi-workspace/opdi/src/opdi/reference/h3_airport_layouts.py", line 304, in hexagonify_airport
    raise ValueError(f"No data returned for {apt_icao}")
ValueError: No data returned for OERK

Processing OERM...
Failed to process OERM. Error: No data returned for OERM
Traceback (most recent call last):
  File "/home/jupyter/work/opdi-workspace/opdi/src/opdi/reference/h3_airport_layouts.py", line 495, in process_airport
    df = hexagonify_airport(
  File "/home/jupyter/work/opdi-workspace/opdi/src/opdi/reference/h3_airport_layouts.py", line 304, in hexagonify_airport
    raise ValueError(f"No data returned for {apt_icao}")
ValueError: No data returned for OERM

Processing OERR...
Failed to process OERR. Error: No data returned for OERR
Traceback (most recent call last):
  File "/home/jupyter/work/opdi-workspace/opdi/src/opdi/reference/h3_airport_layouts.py", line 495, in process_airport
    df = hexagonify_airport(
  File "/home/jupyter/work/opdi-workspace/opdi/src/opdi/reference/h3_airport_layouts.py", line 304, in hexagonify_airport
    raise ValueError(f"No data returned for {apt_icao}")
ValueError: No data returned for OERR

Processing OERT...
Failed to process OERT. Error: No data returned for OERT
Traceback (most recent call last):
  File "/home/jupyter/work/opdi-workspace/opdi/src/opdi/reference/h3_airport_layouts.py", line 495, in process_airport
    df = hexagonify_airport(
  File "/home/jupyter/work/opdi-workspace/opdi/src/opdi/reference/h3_airport_layouts.py", line 304, in hexagonify_airport
    raise ValueError(f"No data returned for {apt_icao}")
ValueError: No data returned for OERT

Processing OESK...
Failed to process OESK. Error: No data returned for OESK
Traceback (most recent call last):
  File "/home/jupyter/work/opdi-workspace/opdi/src/opdi/reference/h3_airport_layouts.py", line 495, in process_airport
    df = hexagonify_airport(
  File "/home/jupyter/work/opdi-workspace/opdi/src/opdi/reference/h3_airport_layouts.py", line 304, in hexagonify_airport
    raise ValueError(f"No data returned for {apt_icao}")
ValueError: No data returned for OESK

Processing OETB...
Failed to process OETB. Error: No data returned for OETB
Traceback (most recent call last):
  File "/home/jupyter/work/opdi-workspace/opdi/src/opdi/reference/h3_airport_layouts.py", line 495, in process_airport
    df = hexagonify_airport(
  File "/home/jupyter/work/opdi-workspace/opdi/src/opdi/reference/h3_airport_layouts.py", line 304, in hexagonify_airport
    raise ValueError(f"No data returned for {apt_icao}")
ValueError: No data returned for OETB

Processing OETN...
Failed to process OETN. Error: No data returned for OETN
Traceback (most recent call last):
  File "/home/jupyter/work/opdi-workspace/opdi/src/opdi/reference/h3_airport_layouts.py", line 495, in process_airport
    df = hexagonify_airport(
  File "/home/jupyter/work/opdi-workspace/opdi/src/opdi/reference/h3_airport_layouts.py", line 304, in hexagonify_airport
    raise ValueError(f"No data returned for {apt_icao}")
ValueError: No data returned for OETN

Processing OETR...
Failed to process OETR. Error: No data returned for OETR
Traceback (most recent call last):
  File "/home/jupyter/work/opdi-workspace/opdi/src/opdi/reference/h3_airport_layouts.py", line 495, in process_airport
    df = hexagonify_airport(
  File "/home/jupyter/work/opdi-workspace/opdi/src/opdi/reference/h3_airport_layouts.py", line 304, in hexagonify_airport
    raise ValueError(f"No data returned for {apt_icao}")
ValueError: No data returned for OETR

Processing OEWJ...
Failed to process OEWJ. Error: No data returned for OEWJ
Traceback (most recent call last):
  File "/home/jupyter/work/opdi-workspace/opdi/src/opdi/reference/h3_airport_layouts.py", line 495, in process_airport
    df = hexagonify_airport(
  File "/home/jupyter/work/opdi-workspace/opdi/src/opdi/reference/h3_airport_layouts.py", line 304, in hexagonify_airport
    raise ValueError(f"No data returned for {apt_icao}")
ValueError: No data returned for OEWJ

Processing OEYN...
Failed to process OEYN. Error: No data returned for OEYN
Traceback (most recent call last):
  File "/home/jupyter/work/opdi-workspace/opdi/src/opdi/reference/h3_airport_layouts.py", line 495, in process_airport
    df = hexagonify_airport(
  File "/home/jupyter/work/opdi-workspace/opdi/src/opdi/reference/h3_airport_layouts.py", line 304, in hexagonify_airport
    raise ValueError(f"No data returned for {apt_icao}")
ValueError: No data returned for OEYN

Processing OIAA...
Failed to process OIAA. Error: No data returned for OIAA
Traceback (most recent call last):
  File "/home/jupyter/work/opdi-workspace/opdi/src/opdi/reference/h3_airport_layouts.py", line 495, in process_airport
    df = hexagonify_airport(
  File "/home/jupyter/work/opdi-workspace/opdi/src/opdi/reference/h3_airport_layouts.py", line 304, in hexagonify_airport
    raise ValueError(f"No data returned for {apt_icao}")
ValueError: No data returned for OIAA

Processing OIAD...
Failed to process OIAD. Error: No data returned for OIAD
Traceback (most recent call last):
  File "/home/jupyter/work/opdi-workspace/opdi/src/opdi/reference/h3_airport_layouts.py", line 495, in process_airport
    df = hexagonify_airport(
  File "/home/jupyter/work/opdi-workspace/opdi/src/opdi/reference/h3_airport_layouts.py", line 304, in hexagonify_airport
    raise ValueError(f"No data returned for {apt_icao}")
ValueError: No data returned for OIAD

Processing OIAG...
Failed to process OIAG. Error: No data returned for OIAG
Traceback (most recent call last):
  File "/home/jupyter/work/opdi-workspace/opdi/src/opdi/reference/h3_airport_layouts.py", line 495, in process_airport
    df = hexagonify_airport(
  File "/home/jupyter/work/opdi-workspace/opdi/src/opdi/reference/h3_airport_layouts.py", line 304, in hexagonify_airport
    raise ValueError(f"No data returned for {apt_icao}")
ValueError: No data returned for OIAG

Processing OIAH...
Failed to process OIAH. Error: No data returned for OIAH
Traceback (most recent call last):
  File "/home/jupyter/work/opdi-workspace/opdi/src/opdi/reference/h3_airport_layouts.py", line 495, in process_airport
    df = hexagonify_airport(
  File "/home/jupyter/work/opdi-workspace/opdi/src/opdi/reference/h3_airport_layouts.py", line 304, in hexagonify_airport
    raise ValueError(f"No data returned for {apt_icao}")
ValueError: No data returned for OIAH

Processing OIAI...
Failed to process OIAI. Error: No data returned for OIAI
Traceback (most recent call last):
  File "/home/jupyter/work/opdi-workspace/opdi/src/opdi/reference/h3_airport_layouts.py", line 495, in process_airport
    df = hexagonify_airport(
  File "/home/jupyter/work/opdi-workspace/opdi/src/opdi/reference/h3_airport_layouts.py", line 304, in hexagonify_airport
    raise ValueError(f"No data returned for {apt_icao}")
ValueError: No data returned for OIAI

Processing OIAM...
Failed to process OIAM. Error: No data returned for OIAM
Traceback (most recent call last):
  File "/home/jupyter/work/opdi-workspace/opdi/src/opdi/reference/h3_airport_layouts.py", line 495, in process_airport
    df = hexagonify_airport(
  File "/home/jupyter/work/opdi-workspace/opdi/src/opdi/reference/h3_airport_layouts.py", line 304, in hexagonify_airport
    raise ValueError(f"No data returned for {apt_icao}")
ValueError: No data returned for OIAM

Processing OIAW...
Failed to process OIAW. Error: No data returned for OIAW
Traceback (most recent call last):
  File "/home/jupyter/work/opdi-workspace/opdi/src/opdi/reference/h3_airport_layouts.py", line 495, in process_airport
    df = hexagonify_airport(
  File "/home/jupyter/work/opdi-workspace/opdi/src/opdi/reference/h3_airport_layouts.py", line 304, in hexagonify_airport
    raise ValueError(f"No data returned for {apt_icao}")
ValueError: No data returned for OIAW

Processing OIBB...
Failed to process OIBB. Error: No data returned for OIBB
Traceback (most recent call last):
  File "/home/jupyter/work/opdi-workspace/opdi/src/opdi/reference/h3_airport_layouts.py", line 495, in process_airport
    df = hexagonify_airport(
  File "/home/jupyter/work/opdi-workspace/opdi/src/opdi/reference/h3_airport_layouts.py", line 304, in hexagonify_airport
    raise ValueError(f"No data returned for {apt_icao}")
ValueError: No data returned for OIBB

Processing OIBJ...
Failed to process OIBJ. Error: No data returned for OIBJ
Traceback (most recent call last):
  File "/home/jupyter/work/opdi-workspace/opdi/src/opdi/reference/h3_airport_layouts.py", line 495, in process_airport
    df = hexagonify_airport(
  File "/home/jupyter/work/opdi-workspace/opdi/src/opdi/reference/h3_airport_layouts.py", line 304, in hexagonify_airport
    raise ValueError(f"No data returned for {apt_icao}")
ValueError: No data returned for OIBJ

Processing OIBQ...
Failed to process OIBQ. Error: No data returned for OIBQ
Traceback (most recent call last):
  File "/home/jupyter/work/opdi-workspace/opdi/src/opdi/reference/h3_airport_layouts.py", line 495, in process_airport
    df = hexagonify_airport(
  File "/home/jupyter/work/opdi-workspace/opdi/src/opdi/reference/h3_airport_layouts.py", line 304, in hexagonify_airport
    raise ValueError(f"No data returned for {apt_icao}")
ValueError: No data returned for OIBQ

Processing OICC...
Failed to process OICC. Error: No data returned for OICC
Traceback (most recent call last):
  File "/home/jupyter/work/opdi-workspace/opdi/src/opdi/reference/h3_airport_layouts.py", line 495, in process_airport
    df = hexagonify_airport(
  File "/home/jupyter/work/opdi-workspace/opdi/src/opdi/reference/h3_airport_layouts.py", line 304, in hexagonify_airport
    raise ValueError(f"No data returned for {apt_icao}")
ValueError: No data returned for OICC

Processing OICI...
Failed to process OICI. Error: No data returned for OICI
Traceback (most recent call last):
  File "/home/jupyter/work/opdi-workspace/opdi/src/opdi/reference/h3_airport_layouts.py", line 495, in process_airport
    df = hexagonify_airport(
  File "/home/jupyter/work/opdi-workspace/opdi/src/opdi/reference/h3_airport_layouts.py", line 304, in hexagonify_airport
    raise ValueError(f"No data returned for {apt_icao}")
ValueError: No data returned for OICI

Processing OICK...
Failed to process OICK. Error: No data returned for OICK
Traceback (most recent call last):
  File "/home/jupyter/work/opdi-workspace/opdi/src/opdi/reference/h3_airport_layouts.py", line 495, in process_airport
    df = hexagonify_airport(
  File "/home/jupyter/work/opdi-workspace/opdi/src/opdi/reference/h3_airport_layouts.py", line 304, in hexagonify_airport
    raise ValueError(f"No data returned for {apt_icao}")
ValueError: No data returned for OICK

Processing OICS...
Failed to process OICS. Error: No data returned for OICS
Traceback (most recent call last):
  File "/home/jupyter/work/opdi-workspace/opdi/src/opdi/reference/h3_airport_layouts.py", line 495, in process_airport
    df = hexagonify_airport(
  File "/home/jupyter/work/opdi-workspace/opdi/src/opdi/reference/h3_airport_layouts.py", line 304, in hexagonify_airport
    raise ValueError(f"No data returned for {apt_icao}")
ValueError: No data returned for OICS

Processing OIFK...
Failed to process OIFK. Error: No data returned for OIFK
Traceback (most recent call last):
  File "/home/jupyter/work/opdi-workspace/opdi/src/opdi/reference/h3_airport_layouts.py", line 495, in process_airport
    df = hexagonify_airport(
  File "/home/jupyter/work/opdi-workspace/opdi/src/opdi/reference/h3_airport_layouts.py", line 304, in hexagonify_airport
    raise ValueError(f"No data returned for {apt_icao}")
ValueError: No data returned for OIFK

Processing OIFM...
Failed to process OIFM. Error: No data returned for OIFM
Traceback (most recent call last):
  File "/home/jupyter/work/opdi-workspace/opdi/src/opdi/reference/h3_airport_layouts.py", line 495, in process_airport
    df = hexagonify_airport(
  File "/home/jupyter/work/opdi-workspace/opdi/src/opdi/reference/h3_airport_layouts.py", line 304, in hexagonify_airport
    raise ValueError(f"No data returned for {apt_icao}")
ValueError: No data returned for OIFM

Processing OIFP...
Failed to process OIFP. Error: No data returned for OIFP
Traceback (most recent call last):
  File "/home/jupyter/work/opdi-workspace/opdi/src/opdi/reference/h3_airport_layouts.py", line 495, in process_airport
    df = hexagonify_airport(
  File "/home/jupyter/work/opdi-workspace/opdi/src/opdi/reference/h3_airport_layouts.py", line 304, in hexagonify_airport
    raise ValueError(f"No data returned for {apt_icao}")
ValueError: No data returned for OIFP

Processing OIFS...
Failed to process OIFS. Error: No data returned for OIFS
Traceback (most recent call last):
  File "/home/jupyter/work/opdi-workspace/opdi/src/opdi/reference/h3_airport_layouts.py", line 495, in process_airport
    df = hexagonify_airport(
  File "/home/jupyter/work/opdi-workspace/opdi/src/opdi/reference/h3_airport_layouts.py", line 304, in hexagonify_airport
    raise ValueError(f"No data returned for {apt_icao}")
ValueError: No data returned for OIFS

Processing OIGG...
Failed to process OIGG. Error: No data returned for OIGG
Traceback (most recent call last):
  File "/home/jupyter/work/opdi-workspace/opdi/src/opdi/reference/h3_airport_layouts.py", line 495, in process_airport
    df = hexagonify_airport(
  File "/home/jupyter/work/opdi-workspace/opdi/src/opdi/reference/h3_airport_layouts.py", line 304, in hexagonify_airport
    raise ValueError(f"No data returned for {apt_icao}")
ValueError: No data returned for OIGG

Processing OIHH...
Failed to process OIHH. Error: No data returned for OIHH
Traceback (most recent call last):
  File "/home/jupyter/work/opdi-workspace/opdi/src/opdi/reference/h3_airport_layouts.py", line 495, in process_airport
    df = hexagonify_airport(
  File "/home/jupyter/work/opdi-workspace/opdi/src/opdi/reference/h3_airport_layouts.py", line 304, in hexagonify_airport
    raise ValueError(f"No data returned for {apt_icao}")
ValueError: No data returned for OIHH

Processing OIHS...
Failed to process OIHS. Error: No data returned for OIHS
Traceback (most recent call last):
  File "/home/jupyter/work/opdi-workspace/opdi/src/opdi/reference/h3_airport_layouts.py", line 495, in process_airport
    df = hexagonify_airport(
  File "/home/jupyter/work/opdi-workspace/opdi/src/opdi/reference/h3_airport_layouts.py", line 304, in hexagonify_airport
    raise ValueError(f"No data returned for {apt_icao}")
ValueError: No data returned for OIHS

Processing OIIE...
Failed to process OIIE. Error: No data returned for OIIE
Traceback (most recent call last):
  File "/home/jupyter/work/opdi-workspace/opdi/src/opdi/reference/h3_airport_layouts.py", line 495, in process_airport
    df = hexagonify_airport(
  File "/home/jupyter/work/opdi-workspace/opdi/src/opdi/reference/h3_airport_layouts.py", line 304, in hexagonify_airport
    raise ValueError(f"No data returned for {apt_icao}")
ValueError: No data returned for OIIE

Processing OIII...
Failed to process OIII. Error: No data returned for OIII
Traceback (most recent call last):
  File "/home/jupyter/work/opdi-workspace/opdi/src/opdi/reference/h3_airport_layouts.py", line 495, in process_airport
    df = hexagonify_airport(
  File "/home/jupyter/work/opdi-workspace/opdi/src/opdi/reference/h3_airport_layouts.py", line 304, in hexagonify_airport
    raise ValueError(f"No data returned for {apt_icao}")
ValueError: No data returned for OIII

Processing OIIK...
Failed to process OIIK. Error: No data returned for OIIK
Traceback (most recent call last):
  File "/home/jupyter/work/opdi-workspace/opdi/src/opdi/reference/h3_airport_layouts.py", line 495, in process_airport
    df = hexagonify_airport(
  File "/home/jupyter/work/opdi-workspace/opdi/src/opdi/reference/h3_airport_layouts.py", line 304, in hexagonify_airport
    raise ValueError(f"No data returned for {apt_icao}")
ValueError: No data returned for OIIK

Processing OIIP...
Failed to process OIIP. Error: No data returned for OIIP
Traceback (most recent call last):
  File "/home/jupyter/work/opdi-workspace/opdi/src/opdi/reference/h3_airport_layouts.py", line 495, in process_airport
    df = hexagonify_airport(
  File "/home/jupyter/work/opdi-workspace/opdi/src/opdi/reference/h3_airport_layouts.py", line 304, in hexagonify_airport
    raise ValueError(f"No data returned for {apt_icao}")
ValueError: No data returned for OIIP

Processing OINN...
Failed to process OINN. Error: No data returned for OINN
Traceback (most recent call last):
  File "/home/jupyter/work/opdi-workspace/opdi/src/opdi/reference/h3_airport_layouts.py", line 495, in process_airport
    df = hexagonify_airport(
  File "/home/jupyter/work/opdi-workspace/opdi/src/opdi/reference/h3_airport_layouts.py", line 304, in hexagonify_airport
    raise ValueError(f"No data returned for {apt_icao}")
ValueError: No data returned for OINN

Processing OINR...
Failed to process OINR. Error: No data returned for OINR
Traceback (most recent call last):
  File "/home/jupyter/work/opdi-workspace/opdi/src/opdi/reference/h3_airport_layouts.py", line 495, in process_airport
    df = hexagonify_airport(
  File "/home/jupyter/work/opdi-workspace/opdi/src/opdi/reference/h3_airport_layouts.py", line 304, in hexagonify_airport
    raise ValueError(f"No data returned for {apt_icao}")
ValueError: No data returned for OINR

Processing OISS...
Failed to process OISS. Error: No data returned for OISS
Traceback (most recent call last):
  File "/home/jupyter/work/opdi-workspace/opdi/src/opdi/reference/h3_airport_layouts.py", line 495, in process_airport
    df = hexagonify_airport(
  File "/home/jupyter/work/opdi-workspace/opdi/src/opdi/reference/h3_airport_layouts.py", line 304, in hexagonify_airport
    raise ValueError(f"No data returned for {apt_icao}")
ValueError: No data returned for OISS

Processing OISY...
Failed to process OISY. Error: No data returned for OISY
Traceback (most recent call last):
  File "/home/jupyter/work/opdi-workspace/opdi/src/opdi/reference/h3_airport_layouts.py", line 495, in process_airport
    df = hexagonify_airport(
  File "/home/jupyter/work/opdi-workspace/opdi/src/opdi/reference/h3_airport_layouts.py", line 304, in hexagonify_airport
    raise ValueError(f"No data returned for {apt_icao}")
ValueError: No data returned for OISY

Processing OITL...
Failed to process OITL. Error: No data returned for OITL
Traceback (most recent call last):
  File "/home/jupyter/work/opdi-workspace/opdi/src/opdi/reference/h3_airport_layouts.py", line 495, in process_airport
    df = hexagonify_airport(
  File "/home/jupyter/work/opdi-workspace/opdi/src/opdi/reference/h3_airport_layouts.py", line 304, in hexagonify_airport
    raise ValueError(f"No data returned for {apt_icao}")
ValueError: No data returned for OITL

Processing OITR...
Failed to process OITR. Error: No data returned for OITR
Traceback (most recent call last):
  File "/home/jupyter/work/opdi-workspace/opdi/src/opdi/reference/h3_airport_layouts.py", line 495, in process_airport
    df = hexagonify_airport(
  File "/home/jupyter/work/opdi-workspace/opdi/src/opdi/reference/h3_airport_layouts.py", line 304, in hexagonify_airport
    raise ValueError(f"No data returned for {apt_icao}")
ValueError: No data returned for OITR

Processing OITT...
Failed to process OITT. Error: No data returned for OITT
Traceback (most recent call last):
  File "/home/jupyter/work/opdi-workspace/opdi/src/opdi/reference/h3_airport_layouts.py", line 495, in process_airport
    df = hexagonify_airport(
  File "/home/jupyter/work/opdi-workspace/opdi/src/opdi/reference/h3_airport_layouts.py", line 304, in hexagonify_airport
    raise ValueError(f"No data returned for {apt_icao}")
ValueError: No data returned for OITT

Processing OITU...
Failed to process OITU. Error: No data returned for OITU
Traceback (most recent call last):
  File "/home/jupyter/work/opdi-workspace/opdi/src/opdi/reference/h3_airport_layouts.py", line 495, in process_airport
    df = hexagonify_airport(
  File "/home/jupyter/work/opdi-workspace/opdi/src/opdi/reference/h3_airport_layouts.py", line 304, in hexagonify_airport
    raise ValueError(f"No data returned for {apt_icao}")
ValueError: No data returned for OITU

Processing OITZ...
Failed to process OITZ. Error: No data returned for OITZ
Traceback (most recent call last):
  File "/home/jupyter/work/opdi-workspace/opdi/src/opdi/reference/h3_airport_layouts.py", line 495, in process_airport
    df = hexagonify_airport(
  File "/home/jupyter/work/opdi-workspace/opdi/src/opdi/reference/h3_airport_layouts.py", line 304, in hexagonify_airport
    raise ValueError(f"No data returned for {apt_icao}")
ValueError: No data returned for OITZ

Processing OJAI...
Failed to process OJAI. Error: No data returned for OJAI
Traceback (most recent call last):
  File "/home/jupyter/work/opdi-workspace/opdi/src/opdi/reference/h3_airport_layouts.py", line 495, in process_airport
    df = hexagonify_airport(
  File "/home/jupyter/work/opdi-workspace/opdi/src/opdi/reference/h3_airport_layouts.py", line 304, in hexagonify_airport
    raise ValueError(f"No data returned for {apt_icao}")
ValueError: No data returned for OJAI

Processing OJAM...
Failed to process OJAM. Error: No data returned for OJAM
Traceback (most recent call last):
  File "/home/jupyter/work/opdi-workspace/opdi/src/opdi/reference/h3_airport_layouts.py", line 495, in process_airport
    df = hexagonify_airport(
  File "/home/jupyter/work/opdi-workspace/opdi/src/opdi/reference/h3_airport_layouts.py", line 304, in hexagonify_airport
    raise ValueError(f"No data returned for {apt_icao}")
ValueError: No data returned for OJAM

Processing OJAQ...
Failed to process OJAQ. Error: No data returned for OJAQ
Traceback (most recent call last):
  File "/home/jupyter/work/opdi-workspace/opdi/src/opdi/reference/h3_airport_layouts.py", line 495, in process_airport
    df = hexagonify_airport(
  File "/home/jupyter/work/opdi-workspace/opdi/src/opdi/reference/h3_airport_layouts.py", line 304, in hexagonify_airport
    raise ValueError(f"No data returned for {apt_icao}")
ValueError: No data returned for OJAQ

Processing OJMS...
Failed to process OJMS. Error: No data returned for OJMS
Traceback (most recent call last):
  File "/home/jupyter/work/opdi-workspace/opdi/src/opdi/reference/h3_airport_layouts.py", line 495, in process_airport
    df = hexagonify_airport(
  File "/home/jupyter/work/opdi-workspace/opdi/src/opdi/reference/h3_airport_layouts.py", line 304, in hexagonify_airport
    raise ValueError(f"No data returned for {apt_icao}")
ValueError: No data returned for OJMS

Processing OKAJ...
Failed to process OKAJ. Error: No data returned for OKAJ
Traceback (most recent call last):
  File "/home/jupyter/work/opdi-workspace/opdi/src/opdi/reference/h3_airport_layouts.py", line 495, in process_airport
    df = hexagonify_airport(
  File "/home/jupyter/work/opdi-workspace/opdi/src/opdi/reference/h3_airport_layouts.py", line 304, in hexagonify_airport
    raise ValueError(f"No data returned for {apt_icao}")
ValueError: No data returned for OKAJ

Processing OKAS...
Failed to process OKAS. Error: No data returned for OKAS
Traceback (most recent call last):
  File "/home/jupyter/work/opdi-workspace/opdi/src/opdi/reference/h3_airport_layouts.py", line 495, in process_airport
    df = hexagonify_airport(
  File "/home/jupyter/work/opdi-workspace/opdi/src/opdi/reference/h3_airport_layouts.py", line 304, in hexagonify_airport
    raise ValueError(f"No data returned for {apt_icao}")
ValueError: No data returned for OKAS

Processing OKKK...
Failed to process OKKK. Error: No data returned for OKKK
Traceback (most recent call last):
  File "/home/jupyter/work/opdi-workspace/opdi/src/opdi/reference/h3_airport_layouts.py", line 495, in process_airport
    df = hexagonify_airport(
  File "/home/jupyter/work/opdi-workspace/opdi/src/opdi/reference/h3_airport_layouts.py", line 304, in hexagonify_airport
    raise ValueError(f"No data returned for {apt_icao}")
ValueError: No data returned for OKKK

Processing OLBA...
Failed to process OLBA. Error: No data returned for OLBA
Traceback (most recent call last):
  File "/home/jupyter/work/opdi-workspace/opdi/src/opdi/reference/h3_airport_layouts.py", line 495, in process_airport
    df = hexagonify_airport(
  File "/home/jupyter/work/opdi-workspace/opdi/src/opdi/reference/h3_airport_layouts.py", line 304, in hexagonify_airport
    raise ValueError(f"No data returned for {apt_icao}")
ValueError: No data returned for OLBA

Processing OLKA...
Failed to process OLKA. Error: No data returned for OLKA
Traceback (most recent call last):
  File "/home/jupyter/work/opdi-workspace/opdi/src/opdi/reference/h3_airport_layouts.py", line 495, in process_airport
    df = hexagonify_airport(
  File "/home/jupyter/work/opdi-workspace/opdi/src/opdi/reference/h3_airport_layouts.py", line 304, in hexagonify_airport
    raise ValueError(f"No data returned for {apt_icao}")
ValueError: No data returned for OLKA

Processing OLRA...
Failed to process OLRA. Error: No data returned for OLRA
Traceback (most recent call last):
  File "/home/jupyter/work/opdi-workspace/opdi/src/opdi/reference/h3_airport_layouts.py", line 495, in process_airport
    df = hexagonify_airport(
  File "/home/jupyter/work/opdi-workspace/opdi/src/opdi/reference/h3_airport_layouts.py", line 304, in hexagonify_airport
    raise ValueError(f"No data returned for {apt_icao}")
ValueError: No data returned for OLRA

Processing OMBY...
Failed to process OMBY. Error: No data returned for OMBY
Traceback (most recent call last):
  File "/home/jupyter/work/opdi-workspace/opdi/src/opdi/reference/h3_airport_layouts.py", line 495, in process_airport
    df = hexagonify_airport(
  File "/home/jupyter/work/opdi-workspace/opdi/src/opdi/reference/h3_airport_layouts.py", line 304, in hexagonify_airport
    raise ValueError(f"No data returned for {apt_icao}")
ValueError: No data returned for OMBY

Processing ORAA...
Failed to process ORAA. Error: No data returned for ORAA
Traceback (most recent call last):
  File "/home/jupyter/work/opdi-workspace/opdi/src/opdi/reference/h3_airport_layouts.py", line 495, in process_airport
    df = hexagonify_airport(
  File "/home/jupyter/work/opdi-workspace/opdi/src/opdi/reference/h3_airport_layouts.py", line 304, in hexagonify_airport
    raise ValueError(f"No data returned for {apt_icao}")
ValueError: No data returned for ORAA

Processing ORAT...
Failed to process ORAT. Error: No data returned for ORAT
Traceback (most recent call last):
  File "/home/jupyter/work/opdi-workspace/opdi/src/opdi/reference/h3_airport_layouts.py", line 495, in process_airport
    df = hexagonify_airport(
  File "/home/jupyter/work/opdi-workspace/opdi/src/opdi/reference/h3_airport_layouts.py", line 304, in hexagonify_airport
    raise ValueError(f"No data returned for {apt_icao}")
ValueError: No data returned for ORAT

Processing ORBD...
Failed to process ORBD. Error: No data returned for ORBD
Traceback (most recent call last):
  File "/home/jupyter/work/opdi-workspace/opdi/src/opdi/reference/h3_airport_layouts.py", line 495, in process_airport
    df = hexagonify_airport(
  File "/home/jupyter/work/opdi-workspace/opdi/src/opdi/reference/h3_airport_layouts.py", line 304, in hexagonify_airport
    raise ValueError(f"No data returned for {apt_icao}")
ValueError: No data returned for ORBD

Processing ORBI...
Failed to process ORBI. Error: No data returned for ORBI
Traceback (most recent call last):
  File "/home/jupyter/work/opdi-workspace/opdi/src/opdi/reference/h3_airport_layouts.py", line 495, in process_airport
    df = hexagonify_airport(
  File "/home/jupyter/work/opdi-workspace/opdi/src/opdi/reference/h3_airport_layouts.py", line 304, in hexagonify_airport
    raise ValueError(f"No data returned for {apt_icao}")
ValueError: No data returned for ORBI

Processing ORBM...
Failed to process ORBM. Error: No data returned for ORBM
Traceback (most recent call last):
  File "/home/jupyter/work/opdi-workspace/opdi/src/opdi/reference/h3_airport_layouts.py", line 495, in process_airport
    df = hexagonify_airport(
  File "/home/jupyter/work/opdi-workspace/opdi/src/opdi/reference/h3_airport_layouts.py", line 304, in hexagonify_airport
    raise ValueError(f"No data returned for {apt_icao}")
ValueError: No data returned for ORBM

Processing ORER...
Failed to process ORER. Error: No data returned for ORER
Traceback (most recent call last):
  File "/home/jupyter/work/opdi-workspace/opdi/src/opdi/reference/h3_airport_layouts.py", line 495, in process_airport
    df = hexagonify_airport(
  File "/home/jupyter/work/opdi-workspace/opdi/src/opdi/reference/h3_airport_layouts.py", line 304, in hexagonify_airport
    raise ValueError(f"No data returned for {apt_icao}")
ValueError: No data returned for ORER

Processing ORKK...
Failed to process ORKK. Error: No data returned for ORKK
Traceback (most recent call last):
  File "/home/jupyter/work/opdi-workspace/opdi/src/opdi/reference/h3_airport_layouts.py", line 495, in process_airport
    df = hexagonify_airport(
  File "/home/jupyter/work/opdi-workspace/opdi/src/opdi/reference/h3_airport_layouts.py", line 304, in hexagonify_airport
    raise ValueError(f"No data returned for {apt_icao}")
ValueError: No data returned for ORKK

Processing ORMM...
Failed to process ORMM. Error: No data returned for ORMM
Traceback (most recent call last):
  File "/home/jupyter/work/opdi-workspace/opdi/src/opdi/reference/h3_airport_layouts.py", line 495, in process_airport
    df = hexagonify_airport(
  File "/home/jupyter/work/opdi-workspace/opdi/src/opdi/reference/h3_airport_layouts.py", line 304, in hexagonify_airport
    raise ValueError(f"No data returned for {apt_icao}")
ValueError: No data returned for ORMM

Processing ORNI...
Failed to process ORNI. Error: No data returned for ORNI
Traceback (most recent call last):
  File "/home/jupyter/work/opdi-workspace/opdi/src/opdi/reference/h3_airport_layouts.py", line 495, in process_airport
    df = hexagonify_airport(
  File "/home/jupyter/work/opdi-workspace/opdi/src/opdi/reference/h3_airport_layouts.py", line 304, in hexagonify_airport
    raise ValueError(f"No data returned for {apt_icao}")
ValueError: No data returned for ORNI

Processing ORQW...
Failed to process ORQW. Error: No data returned for ORQW
Traceback (most recent call last):
  File "/home/jupyter/work/opdi-workspace/opdi/src/opdi/reference/h3_airport_layouts.py", line 495, in process_airport
    df = hexagonify_airport(
  File "/home/jupyter/work/opdi-workspace/opdi/src/opdi/reference/h3_airport_layouts.py", line 304, in hexagonify_airport
    raise ValueError(f"No data returned for {apt_icao}")
ValueError: No data returned for ORQW

Processing ORSH...
Failed to process ORSH. Error: No data returned for ORSH
Traceback (most recent call last):
  File "/home/jupyter/work/opdi-workspace/opdi/src/opdi/reference/h3_airport_layouts.py", line 495, in process_airport
    df = hexagonify_airport(
  File "/home/jupyter/work/opdi-workspace/opdi/src/opdi/reference/h3_airport_layouts.py", line 304, in hexagonify_airport
    raise ValueError(f"No data returned for {apt_icao}")
ValueError: No data returned for ORSH

Processing ORSU...
Failed to process ORSU. Error: No data returned for ORSU
Traceback (most recent call last):
  File "/home/jupyter/work/opdi-workspace/opdi/src/opdi/reference/h3_airport_layouts.py", line 495, in process_airport
    df = hexagonify_airport(
  File "/home/jupyter/work/opdi-workspace/opdi/src/opdi/reference/h3_airport_layouts.py", line 304, in hexagonify_airport
    raise ValueError(f"No data returned for {apt_icao}")
ValueError: No data returned for ORSU

Processing ORTF...
Failed to process ORTF. Error: No data returned for ORTF
Traceback (most recent call last):
  File "/home/jupyter/work/opdi-workspace/opdi/src/opdi/reference/h3_airport_layouts.py", line 495, in process_airport
    df = hexagonify_airport(
  File "/home/jupyter/work/opdi-workspace/opdi/src/opdi/reference/h3_airport_layouts.py", line 304, in hexagonify_airport
    raise ValueError(f"No data returned for {apt_icao}")
ValueError: No data returned for ORTF

Processing ORTI...
Failed to process ORTI. Error: No data returned for ORTI
Traceback (most recent call last):
  File "/home/jupyter/work/opdi-workspace/opdi/src/opdi/reference/h3_airport_layouts.py", line 495, in process_airport
    df = hexagonify_airport(
  File "/home/jupyter/work/opdi-workspace/opdi/src/opdi/reference/h3_airport_layouts.py", line 304, in hexagonify_airport
    raise ValueError(f"No data returned for {apt_icao}")
ValueError: No data returned for ORTI

Processing ORTL...
Failed to process ORTL. Error: No data returned for ORTL
Traceback (most recent call last):
  File "/home/jupyter/work/opdi-workspace/opdi/src/opdi/reference/h3_airport_layouts.py", line 495, in process_airport
    df = hexagonify_airport(
  File "/home/jupyter/work/opdi-workspace/opdi/src/opdi/reference/h3_airport_layouts.py", line 304, in hexagonify_airport
    raise ValueError(f"No data returned for {apt_icao}")
ValueError: No data returned for ORTL

Processing ORUB...
Failed to process ORUB. Error: No data returned for ORUB
Traceback (most recent call last):
  File "/home/jupyter/work/opdi-workspace/opdi/src/opdi/reference/h3_airport_layouts.py", line 495, in process_airport
    df = hexagonify_airport(
  File "/home/jupyter/work/opdi-workspace/opdi/src/opdi/reference/h3_airport_layouts.py", line 304, in hexagonify_airport
    raise ValueError(f"No data returned for {apt_icao}")
ValueError: No data returned for ORUB

Processing OS57...
Failed to process OS57. Error: No data returned for OS57
Traceback (most recent call last):
  File "/home/jupyter/work/opdi-workspace/opdi/src/opdi/reference/h3_airport_layouts.py", line 495, in process_airport
    df = hexagonify_airport(
  File "/home/jupyter/work/opdi-workspace/opdi/src/opdi/reference/h3_airport_layouts.py", line 304, in hexagonify_airport
    raise ValueError(f"No data returned for {apt_icao}")
ValueError: No data returned for OS57

Processing OS64...
Failed to process OS64. Error: No data returned for OS64
Traceback (most recent call last):
  File "/home/jupyter/work/opdi-workspace/opdi/src/opdi/reference/h3_airport_layouts.py", line 495, in process_airport
    df = hexagonify_airport(
  File "/home/jupyter/work/opdi-workspace/opdi/src/opdi/reference/h3_airport_layouts.py", line 304, in hexagonify_airport
    raise ValueError(f"No data returned for {apt_icao}")
ValueError: No data returned for OS64

Processing OS69...
Failed to process OS69. Error: No data returned for OS69
Traceback (most recent call last):
  File "/home/jupyter/work/opdi-workspace/opdi/src/opdi/reference/h3_airport_layouts.py", line 495, in process_airport
    df = hexagonify_airport(
  File "/home/jupyter/work/opdi-workspace/opdi/src/opdi/reference/h3_airport_layouts.py", line 304, in hexagonify_airport
    raise ValueError(f"No data returned for {apt_icao}")
ValueError: No data returned for OS69

Processing OS70...
Failed to process OS70. Error: No data returned for OS70
Traceback (most recent call last):
  File "/home/jupyter/work/opdi-workspace/opdi/src/opdi/reference/h3_airport_layouts.py", line 495, in process_airport
    df = hexagonify_airport(
  File "/home/jupyter/work/opdi-workspace/opdi/src/opdi/reference/h3_airport_layouts.py", line 304, in hexagonify_airport
    raise ValueError(f"No data returned for {apt_icao}")
ValueError: No data returned for OS70

Processing OSAP...
Failed to process OSAP. Error: No data returned for OSAP
Traceback (most recent call last):
  File "/home/jupyter/work/opdi-workspace/opdi/src/opdi/reference/h3_airport_layouts.py", line 495, in process_airport
    df = hexagonify_airport(
  File "/home/jupyter/work/opdi-workspace/opdi/src/opdi/reference/h3_airport_layouts.py", line 304, in hexagonify_airport
    raise ValueError(f"No data returned for {apt_icao}")
ValueError: No data returned for OSAP

Processing OSDI...
Failed to process OSDI. Error: No data returned for OSDI
Traceback (most recent call last):
  File "/home/jupyter/work/opdi-workspace/opdi/src/opdi/reference/h3_airport_layouts.py", line 495, in process_airport
    df = hexagonify_airport(
  File "/home/jupyter/work/opdi-workspace/opdi/src/opdi/reference/h3_airport_layouts.py", line 304, in hexagonify_airport
    raise ValueError(f"No data returned for {apt_icao}")
ValueError: No data returned for OSDI

Processing OSDZ...
Failed to process OSDZ. Error: No data returned for OSDZ
Traceback (most recent call last):
  File "/home/jupyter/work/opdi-workspace/opdi/src/opdi/reference/h3_airport_layouts.py", line 495, in process_airport
    df = hexagonify_airport(
  File "/home/jupyter/work/opdi-workspace/opdi/src/opdi/reference/h3_airport_layouts.py", line 304, in hexagonify_airport
    raise ValueError(f"No data returned for {apt_icao}")
ValueError: No data returned for OSDZ

Processing OSKL...
Failed to process OSKL. Error: No data returned for OSKL
Traceback (most recent call last):
  File "/home/jupyter/work/opdi-workspace/opdi/src/opdi/reference/h3_airport_layouts.py", line 495, in process_airport
    df = hexagonify_airport(
  File "/home/jupyter/work/opdi-workspace/opdi/src/opdi/reference/h3_airport_layouts.py", line 304, in hexagonify_airport
    raise ValueError(f"No data returned for {apt_icao}")
ValueError: No data returned for OSKL

Processing OSLK...
Failed to process OSLK. Error: No data returned for OSLK
Traceback (most recent call last):
  File "/home/jupyter/work/opdi-workspace/opdi/src/opdi/reference/h3_airport_layouts.py", line 495, in process_airport
    df = hexagonify_airport(
  File "/home/jupyter/work/opdi-workspace/opdi/src/opdi/reference/h3_airport_layouts.py", line 304, in hexagonify_airport
    raise ValueError(f"No data returned for {apt_icao}")
ValueError: No data returned for OSLK

Processing OSPR...
Failed to process OSPR. Error: No data returned for OSPR
Traceback (most recent call last):
  File "/home/jupyter/work/opdi-workspace/opdi/src/opdi/reference/h3_airport_layouts.py", line 495, in process_airport
    df = hexagonify_airport(
  File "/home/jupyter/work/opdi-workspace/opdi/src/opdi/reference/h3_airport_layouts.py", line 304, in hexagonify_airport
    raise ValueError(f"No data returned for {apt_icao}")
ValueError: No data returned for OSPR

Processing OTBD...
Failed to process OTBD. Error: No data returned for OTBD
Traceback (most recent call last):
  File "/home/jupyter/work/opdi-workspace/opdi/src/opdi/reference/h3_airport_layouts.py", line 495, in process_airport
    df = hexagonify_airport(
  File "/home/jupyter/work/opdi-workspace/opdi/src/opdi/reference/h3_airport_layouts.py", line 304, in hexagonify_airport
    raise ValueError(f"No data returned for {apt_icao}")
ValueError: No data returned for OTBD

Processing OTBH...
Failed to process OTBH. Error: No data returned for OTBH
Traceback (most recent call last):
  File "/home/jupyter/work/opdi-workspace/opdi/src/opdi/reference/h3_airport_layouts.py", line 495, in process_airport
    df = hexagonify_airport(
  File "/home/jupyter/work/opdi-workspace/opdi/src/opdi/reference/h3_airport_layouts.py", line 304, in hexagonify_airport
    raise ValueError(f"No data returned for {apt_icao}")
ValueError: No data returned for OTBH

Processing OTHH...
Failed to process OTHH. Error: No data returned for OTHH
Traceback (most recent call last):
  File "/home/jupyter/work/opdi-workspace/opdi/src/opdi/reference/h3_airport_layouts.py", line 495, in process_airport
    df = hexagonify_airport(
  File "/home/jupyter/work/opdi-workspace/opdi/src/opdi/reference/h3_airport_layouts.py", line 304, in hexagonify_airport
    raise ValueError(f"No data returned for {apt_icao}")
ValueError: No data returned for OTHH

Processing RSI...
Failed to process RSI. Error: No data returned for RSI
Traceback (most recent call last):
  File "/home/jupyter/work/opdi-workspace/opdi/src/opdi/reference/h3_airport_layouts.py", line 495, in process_airport
    df = hexagonify_airport(
  File "/home/jupyter/work/opdi-workspace/opdi/src/opdi/reference/h3_airport_layouts.py", line 304, in hexagonify_airport
    raise ValueError(f"No data returned for {apt_icao}")
ValueError: No data returned for RSI

Processing RU-0001...
Processing RU-0010...
Processing RU-0014...
Processing RU-0015...
Processing RU-0016...
Processing RU-0018...
Processing RU-0028...
Processing RU-0043...
Processing RU-0060...
Processing RU-0064...
Processing RU-0065...
Processing RU-0089...
Processing RU-0090...
Processing RU-0125...
Failed to process RU-0125. Error: No data returned for RU-0125
Traceback (most recent call last):
  File "/home/jupyter/work/opdi-workspace/opdi/src/opdi/reference/h3_airport_layouts.py", line 495, in process_airport
    df = hexagonify_airport(
  File "/home/jupyter/work/opdi-workspace/opdi/src/opdi/reference/h3_airport_layouts.py", line 304, in hexagonify_airport
    raise ValueError(f"No data returned for {apt_icao}")
ValueError: No data returned for RU-0125

Processing RU-0128...
Processing RU-0152...
Processing RU-0211...
Processing RU-0217...
Processing RU-0240...
Processing RU-0282...
Processing RU-0303...
Failed to process RU-0303. Error: No data returned for RU-0303
Traceback (most recent call last):
  File "/home/jupyter/work/opdi-workspace/opdi/src/opdi/reference/h3_airport_layouts.py", line 495, in process_airport
    df = hexagonify_airport(
  File "/home/jupyter/work/opdi-workspace/opdi/src/opdi/reference/h3_airport_layouts.py", line 304, in hexagonify_airport
    raise ValueError(f"No data returned for {apt_icao}")
ValueError: No data returned for RU-0303

Processing RU-0304...
Failed to process RU-0304. Error: No data returned for RU-0304
Traceback (most recent call last):
  File "/home/jupyter/work/opdi-workspace/opdi/src/opdi/reference/h3_airport_layouts.py", line 495, in process_airport
    df = hexagonify_airport(
  File "/home/jupyter/work/opdi-workspace/opdi/src/opdi/reference/h3_airport_layouts.py", line 304, in hexagonify_airport
    raise ValueError(f"No data returned for {apt_icao}")
ValueError: No data returned for RU-0304

Processing RU-0372...
Processing RU-0380...
Failed to process RU-0380. Error: No data returned for RU-0380
Traceback (most recent call last):
  File "/home/jupyter/work/opdi-workspace/opdi/src/opdi/reference/h3_airport_layouts.py", line 495, in process_airport
    df = hexagonify_airport(
  File "/home/jupyter/work/opdi-workspace/opdi/src/opdi/reference/h3_airport_layouts.py", line 304, in hexagonify_airport
    raise ValueError(f"No data returned for {apt_icao}")
ValueError: No data returned for RU-0380

Processing RU-0764...
Failed to process RU-0764. Error: No data returned for RU-0764
Traceback (most recent call last):
  File "/home/jupyter/work/opdi-workspace/opdi/src/opdi/reference/h3_airport_layouts.py", line 495, in process_airport
    df = hexagonify_airport(
  File "/home/jupyter/work/opdi-workspace/opdi/src/opdi/reference/h3_airport_layouts.py", line 304, in hexagonify_airport
    raise ValueError(f"No data returned for {apt_icao}")
ValueError: No data returned for RU-0764

Processing RU-10001...
Failed to process RU-10001. Error: No data returned for RU-10001
Traceback (most recent call last):
  File "/home/jupyter/work/opdi-workspace/opdi/src/opdi/reference/h3_airport_layouts.py", line 495, in process_airport
    df = hexagonify_airport(
  File "/home/jupyter/work/opdi-workspace/opdi/src/opdi/reference/h3_airport_layouts.py", line 304, in hexagonify_airport
    raise ValueError(f"No data returned for {apt_icao}")
ValueError: No data returned for RU-10001

Processing RU-10047...
Processing RU-10048...
Processing RU-10049...
Processing RU-10053...
Processing RU-10054...
Processing RU-10055...
Processing RU-10056...
Processing RU-10057...
Processing RU-10058...
Processing RU-10059...
Processing RU-10062...
Processing RU-10076...
Processing RU-10077...
Processing RU-2344...
Failed to process RU-2344. Error: No data returned for RU-2344
Traceback (most recent call last):
  File "/home/jupyter/work/opdi-workspace/opdi/src/opdi/reference/h3_airport_layouts.py", line 495, in process_airport
    df = hexagonify_airport(
  File "/home/jupyter/work/opdi-workspace/opdi/src/opdi/reference/h3_airport_layouts.py", line 304, in hexagonify_airport
    raise ValueError(f"No data returned for {apt_icao}")
ValueError: No data returned for RU-2344

Processing RU-3686...
Processing RU-3709...
Failed to process RU-3709. Error: No data returned for RU-3709
Traceback (most recent call last):
  File "/home/jupyter/work/opdi-workspace/opdi/src/opdi/reference/h3_airport_layouts.py", line 495, in process_airport
    df = hexagonify_airport(
  File "/home/jupyter/work/opdi-workspace/opdi/src/opdi/reference/h3_airport_layouts.py", line 304, in hexagonify_airport
    raise ValueError(f"No data returned for {apt_icao}")
ValueError: No data returned for RU-3709

Processing RU-4339...
Processing RU-4421...
Failed to process RU-4421. Error: No data returned for RU-4421
Traceback (most recent call last):
  File "/home/jupyter/work/opdi-workspace/opdi/src/opdi/reference/h3_airport_layouts.py", line 495, in process_airport
    df = hexagonify_airport(
  File "/home/jupyter/work/opdi-workspace/opdi/src/opdi/reference/h3_airport_layouts.py", line 304, in hexagonify_airport
    raise ValueError(f"No data returned for {apt_icao}")
ValueError: No data returned for RU-4421

Processing RU-4464...
Processing RU-4536...
Failed to process RU-4536. Error: No data returned for RU-4536
Traceback (most recent call last):
  File "/home/jupyter/work/opdi-workspace/opdi/src/opdi/reference/h3_airport_layouts.py", line 495, in process_airport
    df = hexagonify_airport(
  File "/home/jupyter/work/opdi-workspace/opdi/src/opdi/reference/h3_airport_layouts.py", line 304, in hexagonify_airport
    raise ValueError(f"No data returned for {apt_icao}")
ValueError: No data returned for RU-4536

Processing RU-4609...
Processing RU-5376...
Processing RU-5672...
Processing RU-6558...
Failed to process RU-6558. Error: No data returned for RU-6558
Traceback (most recent call last):
  File "/home/jupyter/work/opdi-workspace/opdi/src/opdi/reference/h3_airport_layouts.py", line 495, in process_airport
    df = hexagonify_airport(
  File "/home/jupyter/work/opdi-workspace/opdi/src/opdi/reference/h3_airport_layouts.py", line 304, in hexagonify_airport
    raise ValueError(f"No data returned for {apt_icao}")
ValueError: No data returned for RU-6558

Processing RU-6687...
Failed to process RU-6687. Error: No data returned for RU-6687
Traceback (most recent call last):
  File "/home/jupyter/work/opdi-workspace/opdi/src/opdi/reference/h3_airport_layouts.py", line 495, in process_airport
    df = hexagonify_airport(
  File "/home/jupyter/work/opdi-workspace/opdi/src/opdi/reference/h3_airport_layouts.py", line 304, in hexagonify_airport
    raise ValueError(f"No data returned for {apt_icao}")
ValueError: No data returned for RU-6687

Processing RU-8363...
Processing RU-8602...
Failed to process RU-8602. Error: No data returned for RU-8602
Traceback (most recent call last):
  File "/home/jupyter/work/opdi-workspace/opdi/src/opdi/reference/h3_airport_layouts.py", line 495, in process_airport
    df = hexagonify_airport(
  File "/home/jupyter/work/opdi-workspace/opdi/src/opdi/reference/h3_airport_layouts.py", line 304, in hexagonify_airport
    raise ValueError(f"No data returned for {apt_icao}")
ValueError: No data returned for RU-8602

Processing RU-9345...
Failed to process RU-9345. Error: No data returned for RU-9345
Traceback (most recent call last):
  File "/home/jupyter/work/opdi-workspace/opdi/src/opdi/reference/h3_airport_layouts.py", line 495, in process_airport
    df = hexagonify_airport(
  File "/home/jupyter/work/opdi-workspace/opdi/src/opdi/reference/h3_airport_layouts.py", line 304, in hexagonify_airport
    raise ValueError(f"No data returned for {apt_icao}")
ValueError: No data returned for RU-9345

Processing RU-9937...
Processing RU-9942...
Processing SA-0094...
Failed to process SA-0094. Error: No data returned for SA-0094
Traceback (most recent call last):
  File "/home/jupyter/work/opdi-workspace/opdi/src/opdi/reference/h3_airport_layouts.py", line 495, in process_airport
    df = hexagonify_airport(
  File "/home/jupyter/work/opdi-workspace/opdi/src/opdi/reference/h3_airport_layouts.py", line 304, in hexagonify_airport
    raise ValueError(f"No data returned for {apt_icao}")
ValueError: No data returned for SA-0094

Processing SE-0120...
Failed to process SE-0120. Error: No data returned for SE-0120
Traceback (most recent call last):
  File "/home/jupyter/work/opdi-workspace/opdi/src/opdi/reference/h3_airport_layouts.py", line 495, in process_airport
    df = hexagonify_airport(
  File "/home/jupyter/work/opdi-workspace/opdi/src/opdi/reference/h3_airport_layouts.py", line 304, in hexagonify_airport
    raise ValueError(f"No data returned for {apt_icao}")
ValueError: No data returned for SE-0120

Processing TR-0004...
Failed to process TR-0004. Error: No data returned for TR-0004
Traceback (most recent call last):
  File "/home/jupyter/work/opdi-workspace/opdi/src/opdi/reference/h3_airport_layouts.py", line 495, in process_airport
    df = hexagonify_airport(
  File "/home/jupyter/work/opdi-workspace/opdi/src/opdi/reference/h3_airport_layouts.py", line 304, in hexagonify_airport
    raise ValueError(f"No data returned for {apt_icao}")
ValueError: No data returned for TR-0004

Processing TR-0028...
Failed to process TR-0028. Error: No data returned for TR-0028
Traceback (most recent call last):
  File "/home/jupyter/work/opdi-workspace/opdi/src/opdi/reference/h3_airport_layouts.py", line 495, in process_airport
    df = hexagonify_airport(
  File "/home/jupyter/work/opdi-workspace/opdi/src/opdi/reference/h3_airport_layouts.py", line 304, in hexagonify_airport
    raise ValueError(f"No data returned for {apt_icao}")
ValueError: No data returned for TR-0028

Processing UA-0005...
Processing UA-0010...
Processing UA-0012...
Processing UA-0020...
Failed to process UA-0020. Error: No data returned for UA-0020
Traceback (most recent call last):
  File "/home/jupyter/work/opdi-workspace/opdi/src/opdi/reference/h3_airport_layouts.py", line 495, in process_airport
    df = hexagonify_airport(
  File "/home/jupyter/work/opdi-workspace/opdi/src/opdi/reference/h3_airport_layouts.py", line 304, in hexagonify_airport
    raise ValueError(f"No data returned for {apt_icao}")
ValueError: No data returned for UA-0020

Processing UA-0022...
Processing UA-0025...
Processing UA-0028...
Processing UA-0047...
Processing UARR...
Failed to process UARR. Error: No data returned for UARR
Traceback (most recent call last):
  File "/home/jupyter/work/opdi-workspace/opdi/src/opdi/reference/h3_airport_layouts.py", line 495, in process_airport
    df = hexagonify_airport(
  File "/home/jupyter/work/opdi-workspace/opdi/src/opdi/reference/h3_airport_layouts.py", line 304, in hexagonify_airport
    raise ValueError(f"No data returned for {apt_icao}")
ValueError: No data returned for UARR

Processing UATE...
Failed to process UATE. Error: No data returned for UATE
Traceback (most recent call last):
  File "/home/jupyter/work/opdi-workspace/opdi/src/opdi/reference/h3_airport_layouts.py", line 495, in process_airport
    df = hexagonify_airport(
  File "/home/jupyter/work/opdi-workspace/opdi/src/opdi/reference/h3_airport_layouts.py", line 304, in hexagonify_airport
    raise ValueError(f"No data returned for {apt_icao}")
ValueError: No data returned for UATE

Processing UATG...
Failed to process UATG. Error: No data returned for UATG
Traceback (most recent call last):
  File "/home/jupyter/work/opdi-workspace/opdi/src/opdi/reference/h3_airport_layouts.py", line 495, in process_airport
    df = hexagonify_airport(
  File "/home/jupyter/work/opdi-workspace/opdi/src/opdi/reference/h3_airport_layouts.py", line 304, in hexagonify_airport
    raise ValueError(f"No data returned for {apt_icao}")
ValueError: No data returned for UATG

Processing UB12...
Failed to process UB12. Error: No data returned for UB12
Traceback (most recent call last):
  File "/home/jupyter/work/opdi-workspace/opdi/src/opdi/reference/h3_airport_layouts.py", line 495, in process_airport
    df = hexagonify_airport(
  File "/home/jupyter/work/opdi-workspace/opdi/src/opdi/reference/h3_airport_layouts.py", line 304, in hexagonify_airport
    raise ValueError(f"No data returned for {apt_icao}")
ValueError: No data returned for UB12

Processing UB13...
Failed to process UB13. Error: No data returned for UB13
Traceback (most recent call last):
  File "/home/jupyter/work/opdi-workspace/opdi/src/opdi/reference/h3_airport_layouts.py", line 495, in process_airport
    df = hexagonify_airport(
  File "/home/jupyter/work/opdi-workspace/opdi/src/opdi/reference/h3_airport_layouts.py", line 304, in hexagonify_airport
    raise ValueError(f"No data returned for {apt_icao}")
ValueError: No data returned for UB13

Processing UB14...
Failed to process UB14. Error: No data returned for UB14
Traceback (most recent call last):
  File "/home/jupyter/work/opdi-workspace/opdi/src/opdi/reference/h3_airport_layouts.py", line 495, in process_airport
    df = hexagonify_airport(
  File "/home/jupyter/work/opdi-workspace/opdi/src/opdi/reference/h3_airport_layouts.py", line 304, in hexagonify_airport
    raise ValueError(f"No data returned for {apt_icao}")
ValueError: No data returned for UB14

Processing UB18...
Failed to process UB18. Error: No data returned for UB18
Traceback (most recent call last):
  File "/home/jupyter/work/opdi-workspace/opdi/src/opdi/reference/h3_airport_layouts.py", line 495, in process_airport
    df = hexagonify_airport(
  File "/home/jupyter/work/opdi-workspace/opdi/src/opdi/reference/h3_airport_layouts.py", line 304, in hexagonify_airport
    raise ValueError(f"No data returned for {apt_icao}")
ValueError: No data returned for UB18

Processing UBBB...
Failed to process UBBB. Error: No data returned for UBBB
Traceback (most recent call last):
  File "/home/jupyter/work/opdi-workspace/opdi/src/opdi/reference/h3_airport_layouts.py", line 495, in process_airport
    df = hexagonify_airport(
  File "/home/jupyter/work/opdi-workspace/opdi/src/opdi/reference/h3_airport_layouts.py", line 304, in hexagonify_airport
    raise ValueError(f"No data returned for {apt_icao}")
ValueError: No data returned for UBBB

Processing UBBG...
Failed to process UBBG. Error: No data returned for UBBG
Traceback (most recent call last):
  File "/home/jupyter/work/opdi-workspace/opdi/src/opdi/reference/h3_airport_layouts.py", line 495, in process_airport
    df = hexagonify_airport(
  File "/home/jupyter/work/opdi-workspace/opdi/src/opdi/reference/h3_airport_layouts.py", line 304, in hexagonify_airport
    raise ValueError(f"No data returned for {apt_icao}")
ValueError: No data returned for UBBG

Processing UBBN...
Failed to process UBBN. Error: No data returned for UBBN
Traceback (most recent call last):
  File "/home/jupyter/work/opdi-workspace/opdi/src/opdi/reference/h3_airport_layouts.py", line 495, in process_airport
    df = hexagonify_airport(
  File "/home/jupyter/work/opdi-workspace/opdi/src/opdi/reference/h3_airport_layouts.py", line 304, in hexagonify_airport
    raise ValueError(f"No data returned for {apt_icao}")
ValueError: No data returned for UBBN

Processing UBBQ...
Failed to process UBBQ. Error: No data returned for UBBQ
Traceback (most recent call last):
  File "/home/jupyter/work/opdi-workspace/opdi/src/opdi/reference/h3_airport_layouts.py", line 495, in process_airport
    df = hexagonify_airport(
  File "/home/jupyter/work/opdi-workspace/opdi/src/opdi/reference/h3_airport_layouts.py", line 304, in hexagonify_airport
    raise ValueError(f"No data returned for {apt_icao}")
ValueError: No data returned for UBBQ

Processing UBBY...
Failed to process UBBY. Error: No data returned for UBBY
Traceback (most recent call last):
  File "/home/jupyter/work/opdi-workspace/opdi/src/opdi/reference/h3_airport_layouts.py", line 495, in process_airport
    df = hexagonify_airport(
  File "/home/jupyter/work/opdi-workspace/opdi/src/opdi/reference/h3_airport_layouts.py", line 304, in hexagonify_airport
    raise ValueError(f"No data returned for {apt_icao}")
ValueError: No data returned for UBBY

Processing UBLC...
Failed to process UBLC. Error: No data returned for UBLC
Traceback (most recent call last):
  File "/home/jupyter/work/opdi-workspace/opdi/src/opdi/reference/h3_airport_layouts.py", line 495, in process_airport
    df = hexagonify_airport(
  File "/home/jupyter/work/opdi-workspace/opdi/src/opdi/reference/h3_airport_layouts.py", line 304, in hexagonify_airport
    raise ValueError(f"No data returned for {apt_icao}")
ValueError: No data returned for UBLC

Processing UDSG...
Failed to process UDSG. Error: No data returned for UDSG
Traceback (most recent call last):
  File "/home/jupyter/work/opdi-workspace/opdi/src/opdi/reference/h3_airport_layouts.py", line 495, in process_airport
    df = hexagonify_airport(
  File "/home/jupyter/work/opdi-workspace/opdi/src/opdi/reference/h3_airport_layouts.py", line 304, in hexagonify_airport
    raise ValueError(f"No data returned for {apt_icao}")
ValueError: No data returned for UDSG

Processing UDYE...
Failed to process UDYE. Error: No data returned for UDYE
Traceback (most recent call last):
  File "/home/jupyter/work/opdi-workspace/opdi/src/opdi/reference/h3_airport_layouts.py", line 495, in process_airport
    df = hexagonify_airport(
  File "/home/jupyter/work/opdi-workspace/opdi/src/opdi/reference/h3_airport_layouts.py", line 304, in hexagonify_airport
    raise ValueError(f"No data returned for {apt_icao}")
ValueError: No data returned for UDYE

Processing UDYZ...
Failed to process UDYZ. Error: No data returned for UDYZ
Traceback (most recent call last):
  File "/home/jupyter/work/opdi-workspace/opdi/src/opdi/reference/h3_airport_layouts.py", line 495, in process_airport
    df = hexagonify_airport(
  File "/home/jupyter/work/opdi-workspace/opdi/src/opdi/reference/h3_airport_layouts.py", line 304, in hexagonify_airport
    raise ValueError(f"No data returned for {apt_icao}")
ValueError: No data returned for UDYZ

Processing UG0U...
Processing UG11...
Failed to process UG11. Error: No data returned for UG11
Traceback (most recent call last):
  File "/home/jupyter/work/opdi-workspace/opdi/src/opdi/reference/h3_airport_layouts.py", line 495, in process_airport
    df = hexagonify_airport(
  File "/home/jupyter/work/opdi-workspace/opdi/src/opdi/reference/h3_airport_layouts.py", line 304, in hexagonify_airport
    raise ValueError(f"No data returned for {apt_icao}")
ValueError: No data returned for UG11

Processing UG22...
Processing UG24...
Processing UG27...
Processing UG28...
Failed to process UG28. Error: No data returned for UG28
Traceback (most recent call last):
  File "/home/jupyter/work/opdi-workspace/opdi/src/opdi/reference/h3_airport_layouts.py", line 495, in process_airport
    df = hexagonify_airport(
  File "/home/jupyter/work/opdi-workspace/opdi/src/opdi/reference/h3_airport_layouts.py", line 304, in hexagonify_airport
    raise ValueError(f"No data returned for {apt_icao}")
ValueError: No data returned for UG28

Processing UGAM...
Processing UGKO...
Processing UGSB...
Processing UGSS...
Processing UGTB...
Processing UKBB...
Processing UKCM...
Processing UKDB...
Processing UKDD...
Processing UKDE...
Processing UKDR...
Processing UKFB...
Failed to process UKFB. Error: No data returned for UKFB
Traceback (most recent call last):
  File "/home/jupyter/work/opdi-workspace/opdi/src/opdi/reference/h3_airport_layouts.py", line 495, in process_airport
    df = hexagonify_airport(
  File "/home/jupyter/work/opdi-workspace/opdi/src/opdi/reference/h3_airport_layouts.py", line 304, in hexagonify_airport
    raise ValueError(f"No data returned for {apt_icao}")
ValueError: No data returned for UKFB

Processing UKFF...
Processing UKFG...
Processing UKFI...
Processing UKFY...
Processing UKHH...
Processing UKHP...
Processing UKKE...
Processing UKKK...
Processing UKKM...
Processing UKKO...
Processing UKKV...
Processing UKLH...
Processing UKLI...
Processing UKLL...
Processing UKLN...
Processing UKLR...
Processing UKLU...
Processing UKOH...
Processing UKON...
Processing UKOO...
Processing UKWW...
Processing ULAA...
Processing ULAH...
Processing ULKK...
Failed to process ULKK. Error: No data returned for ULKK
Traceback (most recent call last):
  File "/home/jupyter/work/opdi-workspace/opdi/src/opdi/reference/h3_airport_layouts.py", line 495, in process_airport
    df = hexagonify_airport(
  File "/home/jupyter/work/opdi-workspace/opdi/src/opdi/reference/h3_airport_layouts.py", line 304, in hexagonify_airport
    raise ValueError(f"No data returned for {apt_icao}")
ValueError: No data returned for ULKK

Processing ULLI...
Processing ULLP...
Processing ULMM...
Processing ULOO...
Processing ULPB...
Processing ULPP...
Processing ULWC...
Processing ULWU...
Failed to process ULWU. Error: No data returned for ULWU
Traceback (most recent call last):
  File "/home/jupyter/work/opdi-workspace/opdi/src/opdi/reference/h3_airport_layouts.py", line 495, in process_airport
    df = hexagonify_airport(
  File "/home/jupyter/work/opdi-workspace/opdi/src/opdi/reference/h3_airport_layouts.py", line 304, in hexagonify_airport
    raise ValueError(f"No data returned for {apt_icao}")
ValueError: No data returned for ULWU

Processing ULWW...
Processing UMBB...
Processing UMGG...
Processing UMII...
Processing UMKK...
Processing UMMA...
Processing UMMG...
Processing UMMS...
Processing UMNB...
Processing UMOO...
Processing URKA...
Processing URKG...
Processing URKK...
Processing URMG...
Failed to process URMG. Error: No data returned for URMG
Traceback (most recent call last):
  File "/home/jupyter/work/opdi-workspace/opdi/src/opdi/reference/h3_airport_layouts.py", line 495, in process_airport
    df = hexagonify_airport(
  File "/home/jupyter/work/opdi-workspace/opdi/src/opdi/reference/h3_airport_layouts.py", line 304, in hexagonify_airport
    raise ValueError(f"No data returned for {apt_icao}")
ValueError: No data returned for URMG

Processing URML...
Failed to process URML. Error: No data returned for URML
Traceback (most recent call last):
  File "/home/jupyter/work/opdi-workspace/opdi/src/opdi/reference/h3_airport_layouts.py", line 495, in process_airport
    df = hexagonify_airport(
  File "/home/jupyter/work/opdi-workspace/opdi/src/opdi/reference/h3_airport_layouts.py", line 304, in hexagonify_airport
    raise ValueError(f"No data returned for {apt_icao}")
ValueError: No data returned for URML

Processing URMM...
Processing URMN...
Processing URMO...
Processing URMS...
Processing URMT...
Processing URRP...
Processing URRT...
Processing URSS...
Processing URWA...
Failed to process URWA. Error: No data returned for URWA
Traceback (most recent call last):
  File "/home/jupyter/work/opdi-workspace/opdi/src/opdi/reference/h3_airport_layouts.py", line 495, in process_airport
    df = hexagonify_airport(
  File "/home/jupyter/work/opdi-workspace/opdi/src/opdi/reference/h3_airport_layouts.py", line 304, in hexagonify_airport
    raise ValueError(f"No data returned for {apt_icao}")
ValueError: No data returned for URWA

Processing URWI...
Processing URWW...
Processing USKK...
Failed to process USKK. Error: No data returned for USKK
Traceback (most recent call last):
  File "/home/jupyter/work/opdi-workspace/opdi/src/opdi/reference/h3_airport_layouts.py", line 495, in process_airport
    df = hexagonify_airport(
  File "/home/jupyter/work/opdi-workspace/opdi/src/opdi/reference/h3_airport_layouts.py", line 304, in hexagonify_airport
    raise ValueError(f"No data returned for {apt_icao}")
ValueError: No data returned for USKK

Processing UUBA...
Processing UUBC...
Processing UUBI...
Processing UUBK...
Processing UUBP...
Processing UUBW...
Processing UUDD...
Processing UUDL...
Processing UUEE...
Processing UUEM...
Processing UUMT...
Processing UUMU...
Processing UUOB...
Processing UUOK...
Processing UUOL...
Processing UUOO...
Processing UUOT...
Processing UUWW...
Processing UUYX...
Failed to process UUYX. Error: No data returned for UUYX
Traceback (most recent call last):
  File "/home/jupyter/work/opdi-workspace/opdi/src/opdi/reference/h3_airport_layouts.py", line 495, in process_airport
    df = hexagonify_airport(
  File "/home/jupyter/work/opdi-workspace/opdi/src/opdi/reference/h3_airport_layouts.py", line 304, in hexagonify_airport
    raise ValueError(f"No data returned for {apt_icao}")
ValueError: No data returned for UUYX

Processing UUYY...
Failed to process UUYY. Error: No data returned for UUYY
Traceback (most recent call last):
  File "/home/jupyter/work/opdi-workspace/opdi/src/opdi/reference/h3_airport_layouts.py", line 495, in process_airport
    df = hexagonify_airport(
  File "/home/jupyter/work/opdi-workspace/opdi/src/opdi/reference/h3_airport_layouts.py", line 304, in hexagonify_airport
    raise ValueError(f"No data returned for {apt_icao}")
ValueError: No data returned for UUYY

Processing UWGG...
Processing UWKD...
Failed to process UWKD. Error: No data returned for UWKD
Traceback (most recent call last):
  File "/home/jupyter/work/opdi-workspace/opdi/src/opdi/reference/h3_airport_layouts.py", line 495, in process_airport
    df = hexagonify_airport(
  File "/home/jupyter/work/opdi-workspace/opdi/src/opdi/reference/h3_airport_layouts.py", line 304, in hexagonify_airport
    raise ValueError(f"No data returned for {apt_icao}")
ValueError: No data returned for UWKD

Processing UWKE...
Failed to process UWKE. Error: No data returned for UWKE
Traceback (most recent call last):
  File "/home/jupyter/work/opdi-workspace/opdi/src/opdi/reference/h3_airport_layouts.py", line 495, in process_airport
    df = hexagonify_airport(
  File "/home/jupyter/work/opdi-workspace/opdi/src/opdi/reference/h3_airport_layouts.py", line 304, in hexagonify_airport
    raise ValueError(f"No data returned for {apt_icao}")
ValueError: No data returned for UWKE

Processing UWKG...
Failed to process UWKG. Error: No data returned for UWKG
Traceback (most recent call last):
  File "/home/jupyter/work/opdi-workspace/opdi/src/opdi/reference/h3_airport_layouts.py", line 495, in process_airport
    df = hexagonify_airport(
  File "/home/jupyter/work/opdi-workspace/opdi/src/opdi/reference/h3_airport_layouts.py", line 304, in hexagonify_airport
    raise ValueError(f"No data returned for {apt_icao}")
ValueError: No data returned for UWKG

Processing UWKJ...
Failed to process UWKJ. Error: No data returned for UWKJ
Traceback (most recent call last):
  File "/home/jupyter/work/opdi-workspace/opdi/src/opdi/reference/h3_airport_layouts.py", line 495, in process_airport
    df = hexagonify_airport(
  File "/home/jupyter/work/opdi-workspace/opdi/src/opdi/reference/h3_airport_layouts.py", line 304, in hexagonify_airport
    raise ValueError(f"No data returned for {apt_icao}")
ValueError: No data returned for UWKJ

Processing UWKS...
Failed to process UWKS. Error: No data returned for UWKS
Traceback (most recent call last):
  File "/home/jupyter/work/opdi-workspace/opdi/src/opdi/reference/h3_airport_layouts.py", line 495, in process_airport
    df = hexagonify_airport(
  File "/home/jupyter/work/opdi-workspace/opdi/src/opdi/reference/h3_airport_layouts.py", line 304, in hexagonify_airport
    raise ValueError(f"No data returned for {apt_icao}")
ValueError: No data returned for UWKS

Processing UWLL...
Failed to process UWLL. Error: No data returned for UWLL
Traceback (most recent call last):
  File "/home/jupyter/work/opdi-workspace/opdi/src/opdi/reference/h3_airport_layouts.py", line 495, in process_airport
    df = hexagonify_airport(
  File "/home/jupyter/work/opdi-workspace/opdi/src/opdi/reference/h3_airport_layouts.py", line 304, in hexagonify_airport
    raise ValueError(f"No data returned for {apt_icao}")
ValueError: No data returned for UWLL

Processing UWLW...
Failed to process UWLW. Error: No data returned for UWLW
Traceback (most recent call last):
  File "/home/jupyter/work/opdi-workspace/opdi/src/opdi/reference/h3_airport_layouts.py", line 495, in process_airport
    df = hexagonify_airport(
  File "/home/jupyter/work/opdi-workspace/opdi/src/opdi/reference/h3_airport_layouts.py", line 304, in hexagonify_airport
    raise ValueError(f"No data returned for {apt_icao}")
ValueError: No data returned for UWLW

Processing UWPP...
Failed to process UWPP. Error: No data returned for UWPP
Traceback (most recent call last):
  File "/home/jupyter/work/opdi-workspace/opdi/src/opdi/reference/h3_airport_layouts.py", line 495, in process_airport
    df = hexagonify_airport(
  File "/home/jupyter/work/opdi-workspace/opdi/src/opdi/reference/h3_airport_layouts.py", line 304, in hexagonify_airport
    raise ValueError(f"No data returned for {apt_icao}")
ValueError: No data returned for UWPP

Processing UWPS...
Failed to process UWPS. Error: No data returned for UWPS
[Stage 4:>                                                                                                                        (0 + 4) / 4][Stage 6:>                                                                                                                        (0 + 4) / 5]                                                                                                                                              [Stage 8:>                                                                                                                        (0 + 4) / 5][Stage 8:========================================================================>                                                (3 + 2) / 5][Stage 11:>                                                                                                                       (0 + 4) / 4][Stage 11:==============================>                                                                                         (1 + 3) / 4][Stage 11:============================================================>                                                           (2 + 2) / 4][Stage 11:==========================================================================================>                             (3 + 1) / 4]                                                                                                                                              Traceback (most recent call last):
  File "/home/jupyter/work/opdi-workspace/opdi/src/opdi/reference/h3_airport_layouts.py", line 495, in process_airport
    df = hexagonify_airport(
  File "/home/jupyter/work/opdi-workspace/opdi/src/opdi/reference/h3_airport_layouts.py", line 304, in hexagonify_airport
    raise ValueError(f"No data returned for {apt_icao}")
ValueError: No data returned for UWPS

Processing UWSB...
Failed to process UWSB. Error: No data returned for UWSB
Traceback (most recent call last):
  File "/home/jupyter/work/opdi-workspace/opdi/src/opdi/reference/h3_airport_layouts.py", line 495, in process_airport
    df = hexagonify_airport(
  File "/home/jupyter/work/opdi-workspace/opdi/src/opdi/reference/h3_airport_layouts.py", line 304, in hexagonify_airport
    raise ValueError(f"No data returned for {apt_icao}")
ValueError: No data returned for UWSB

Processing UWSG...
Failed to process UWSG. Error: No data returned for UWSG
Traceback (most recent call last):
  File "/home/jupyter/work/opdi-workspace/opdi/src/opdi/reference/h3_airport_layouts.py", line 495, in process_airport
    df = hexagonify_airport(
  File "/home/jupyter/work/opdi-workspace/opdi/src/opdi/reference/h3_airport_layouts.py", line 304, in hexagonify_airport
    raise ValueError(f"No data returned for {apt_icao}")
ValueError: No data returned for UWSG

Processing UWWB...
Failed to process UWWB. Error: No data returned for UWWB
Traceback (most recent call last):
  File "/home/jupyter/work/opdi-workspace/opdi/src/opdi/reference/h3_airport_layouts.py", line 495, in process_airport
    df = hexagonify_airport(
  File "/home/jupyter/work/opdi-workspace/opdi/src/opdi/reference/h3_airport_layouts.py", line 304, in hexagonify_airport
    raise ValueError(f"No data returned for {apt_icao}")
ValueError: No data returned for UWWB

Processing UWWG...
Failed to process UWWG. Error: No data returned for UWWG
Traceback (most recent call last):
  File "/home/jupyter/work/opdi-workspace/opdi/src/opdi/reference/h3_airport_layouts.py", line 495, in process_airport
    df = hexagonify_airport(
  File "/home/jupyter/work/opdi-workspace/opdi/src/opdi/reference/h3_airport_layouts.py", line 304, in hexagonify_airport
    raise ValueError(f"No data returned for {apt_icao}")
ValueError: No data returned for UWWG

Processing UWWW...
Failed to process UWWW. Error: No data returned for UWWW
Traceback (most recent call last):
  File "/home/jupyter/work/opdi-workspace/opdi/src/opdi/reference/h3_airport_layouts.py", line 495, in process_airport
    df = hexagonify_airport(
  File "/home/jupyter/work/opdi-workspace/opdi/src/opdi/reference/h3_airport_layouts.py", line 304, in hexagonify_airport
    raise ValueError(f"No data returned for {apt_icao}")
ValueError: No data returned for UWWW

Processing XRMU...
Failed to process XRMU. Error: No data returned for XRMU
Traceback (most recent call last):
  File "/home/jupyter/work/opdi-workspace/opdi/src/opdi/reference/h3_airport_layouts.py", line 495, in process_airport
    df = hexagonify_airport(
  File "/home/jupyter/work/opdi-workspace/opdi/src/opdi/reference/h3_airport_layouts.py", line 304, in hexagonify_airport
    raise ValueError(f"No data returned for {apt_icao}")
ValueError: No data returned for XRMU

Processing XRWL...
Failed to process XRWL. Error: No data returned for XRWL
Traceback (most recent call last):
  File "/home/jupyter/work/opdi-workspace/opdi/src/opdi/reference/h3_airport_layouts.py", line 495, in process_airport
    df = hexagonify_airport(
  File "/home/jupyter/work/opdi-workspace/opdi/src/opdi/reference/h3_airport_layouts.py", line 304, in hexagonify_airport
    raise ValueError(f"No data returned for {apt_icao}")
ValueError: No data returned for XRWL

Processing Z19O...
Failed to process Z19O. Error: No data returned for Z19O
Traceback (most recent call last):
  File "/home/jupyter/work/opdi-workspace/opdi/src/opdi/reference/h3_airport_layouts.py", line 495, in process_airport
    df = hexagonify_airport(
  File "/home/jupyter/work/opdi-workspace/opdi/src/opdi/reference/h3_airport_layouts.py", line 304, in hexagonify_airport
    raise ValueError(f"No data returned for {apt_icao}")
ValueError: No data returned for Z19O

built 1034, failed 323, 572 s
FAILED_ICAOS: ['AZ-0001', 'AZ-0013', 'AZ-0021', 'BG-JAM', 'BGCO', 'BY-0006', 'DAAB', 'DAAD', 'DAAE', 'DAAG', 'DAAJ', 'DAAK', 'DAAP', 'DAAS', 'DAAV', 'DAAY', 'DAAZ', 'DABB', 'DABC', 'DABS', 'DABT', 'DAFH', 'DAOB', 'DAOF', 'DAOI', 'DAOL', 'DAON', 'DAOO', 'DAOR', 'DAOV', 'DAUA', 'DAUB', 'DAUE', 'DAUG', 'DAUH', 'DAUI', 'DAUK', 'DAUL', 'DAUO', 'DAUT', 'DAUU', 'DAUZ', 'DTKA', 'DTMB', 'DTNH', 'DTTA', 'DTTB', 'DTTD', 'DTTF', 'DTTG', 'DTTJ', 'DTTR', 'DTTX', 'DTTZ', 'DZ-0016', 'EES', 'EFIT', 'EG-0003', 'EGXG', 'EVTA', 'GCFV', 'GCHI', 'GCLA', 'GCLP', 'GCRR', 'GCTS', 'GCXO', 'GMAD', 'GMAT', 'GMAZ', 'GMFB', 'GMFF', 'GMFK', 'GMFM', 'GMFO', 'GMMA', 'GMMD', 'GMME', 'GMMI', 'GMML', 'GMMN', 'GMMW', 'GMMX', 'GMMY', 'GMMZ', 'GMTA', 'GMTN', 'GMTT', 'HE16', 'HE28', 'HE32', 'HE35', 'HE36', 'HE37', 'HE42', 'HEAL', 'HEAR', 'HEAT', 'HEAZ', 'HEBA', 'HEBS', 'HECA', 'HECP', 'HECW', 'HEGN', 'HEGR', 'HEGS', 'HEIS', 'HELX', 'HEMA', 'HEMM', 'HEPS', 'HESC', 'HESG', 'HESH', 'HESN', 'HESX', 'HETB', 'HL68', 'HL77', 'HLGD', 'HLGT', 'HLKF', 'HLLB', 'HLLM', 'HLLQ', 'HLLS', 'HLMB', 'HLTD', 'HU-0002', 'IQ-0016', 'IQ-0017', 'IQ-0018', 'IQ-0020', 'IQ-0021', 'IQ-0024', 'IQ-0030', 'IQ-0034', 'IQ-0039', 'IQ-0040', 'IQ-0042', 'IQ-0045', 'IQ-0051', 'IQ-0054', 'JO-0002', 'LLBG', 'LLEK', 'LLER', 'LLHA', 'LLIB', 'LLMZ', 'LLNV', 'LLRD', 'LLRM', 'LR82', 'LSGS', 'LY-BCQ', 'MA-0003', 'OBBI', 'OBBS', 'OEAH', 'OEAO', 'OEDF', 'OEDM', 'OEDR', 'OEGS', 'OEGT', 'OEHL', 'OEJB', 'OEKK', 'OEMA', 'OENN', 'OEPA', 'OEPS', 'OERF', 'OERK', 'OERM', 'OERR', 'OERT', 'OESK', 'OETB', 'OETN', 'OETR', 'OEWJ', 'OEYN', 'OIAA', 'OIAD', 'OIAG', 'OIAH', 'OIAI', 'OIAM', 'OIAW', 'OIBB', 'OIBJ', 'OIBQ', 'OICC', 'OICI', 'OICK', 'OICS', 'OIFK', 'OIFM', 'OIFP', 'OIFS', 'OIGG', 'OIHH', 'OIHS', 'OIIE', 'OIII', 'OIIK', 'OIIP', 'OINN', 'OINR', 'OISS', 'OISY', 'OITL', 'OITR', 'OITT', 'OITU', 'OITZ', 'OJAI', 'OJAM', 'OJAQ', 'OJMS', 'OKAJ', 'OKAS', 'OKKK', 'OLBA', 'OLKA', 'OLRA', 'OMBY', 'ORAA', 'ORAT', 'ORBD', 'ORBI', 'ORBM', 'ORER', 'ORKK', 'ORMM', 'ORNI', 'ORQW', 'ORSH', 'ORSU', 'ORTF', 'ORTI', 'ORTL', 'ORUB', 'OS57', 'OS64', 'OS69', 'OS70', 'OSAP', 'OSDI', 'OSDZ', 'OSKL', 'OSLK', 'OSPR', 'OTBD', 'OTBH', 'OTHH', 'RSI', 'RU-0125', 'RU-0303', 'RU-0304', 'RU-0380', 'RU-0764', 'RU-10001', 'RU-2344', 'RU-3709', 'RU-4421', 'RU-4536', 'RU-6558', 'RU-6687', 'RU-8602', 'RU-9345', 'SA-0094', 'SE-0120', 'TR-0004', 'TR-0028', 'UA-0020', 'UARR', 'UATE', 'UATG', 'UB12', 'UB13', 'UB14', 'UB18', 'UBBB', 'UBBG', 'UBBN', 'UBBQ', 'UBBY', 'UBLC', 'UDSG', 'UDYE', 'UDYZ', 'UG11', 'UG28', 'UKFB', 'ULKK', 'ULWU', 'URMG', 'URML', 'URWA', 'USKK', 'UUYX', 'UUYY', 'UWKD', 'UWKE', 'UWKG', 'UWKJ', 'UWKS', 'UWLL', 'UWLW', 'UWPP', 'UWPS', 'UWSB', 'UWSG', 'UWWB', 'UWWG', 'UWWW', 'XRMU', 'XRWL', 'Z19O']
ASSIGNMENT_REPORT_HEAD
method
bbox       4341
polygon     937
TASK6_BUILD_DONE
